news,class
齐鲁制药厂一年3炸被指污染重环保局称监测达标(图)。齐鲁制药厂被指污染重隔壁师生抗议多年环保局称监测达标未来网北京10月11日电(玄燕凤)“我作为毕业生吸了六年的臭气，不知道这有多大的危害，也不知道喝的水是否被污染。我们已经走了，可是老师一直在那里，附近的村民也一直在。”小孟(化名)是发生爆炸的齐鲁制药厂隔壁学校历城二中的毕业生，在接受未来网采访时，她表达了这样的担忧。10月10日20:50左右，位于济南历城二中附近的齐鲁制药厂发生爆炸。爆炸事件一出，就有网友为历城二中的师生担忧。众多历城二中的老师和学生也通过微博发声。一名网友在微博控诉：“受害学校就是我所在的学校。这已经不是齐鲁制药厂第一次爆炸了，我们师生投诉无数次，没有任何作用。校园内经常弥漫着恶臭，近一万人的一个学校就这样生活在高危状态中。”学生戴口罩上课。图片由受访者提供。“之前发生过两次爆炸了，一次好像是4月份，一次是8月份。”小孟今年刚从历城二中毕业，她在这所学校读了六年书，“你知道我们学校学生都是戴口罩上课的吗？”“我作为毕业生吸了六年的臭气，不知道这有多大的危害，也不知道喝的水是否被污染。我们已经走了，可是老师一直在那里，附近的村民也一直在。”小孟这样告诉未来网。“上了高中，我的呼吸道很差，支气管炎了好几次，还有一次住了院。一回学校就发烧，回家待两天就好。支气管炎的时候，医生说是感染。”小孟介绍道，“后来发烧去医院查了几次，没查出什么毛病，医生说环境差我体质又弱。”“不确定(臭气)对我们身体有多大危害，也不知道我们喝的水有没有污染。”小孟很无奈。该校饮用水为地下水，“当时我们老师说不知道有没有污染”。小普(化名)是小孟的同学，也是今年参加高考从历城二中毕业的学生。“有一次学校开放日，很多家长来参观，就是考虑中考志愿嘛。我作为志愿者去讲解学校有关的情况，有个家长问我，你们这里怎么这么大的味。我说，有吗？大概是我闻习惯了，闻不到了。”“我是13年入学的，军训的时候每天早晨起来都能闻到。”谈及母校的空气，小普说，“空气时常是有异味的，非常难闻，会觉得呼吸道不适。但药厂说他们排放的是无毒的，我不能断定有没有毒，但的确是很刺鼻。”说起前两次爆炸，小普说，“有个老师当时还调侃说还好不是东南风。”,1
蓝天救援队首次开展藏羚羊保护工作。蓝天救援队供图藏羚羊的保护，牵扯着人们的心。6月7日，蓝天救援队一行17人赶往可可西里保护区，首次开展针对藏羚羊的保护工作。全部费用将由队员自己承担。北青报从可可西里保护区管理局了解到，截止到目前为止，藏羚羊的数量已经由90年代末不足2万只，增加到6万只。800多名志愿者参与保护藏羚羊工作从可可西里自然保护区管理局了解到，自2002年开始开展志愿者活动，到目前已有800多名志愿者参与保护工作。此次蓝天救援队派出17名队员，分乘六辆车前往可可西里，主要在索兰达杰保护站，五道梁保护站周边藏羚羊迁徙地区进行看守和保护藏羚羊迁徙工作。据队员许鹏透露，蓝天救援队是首次参与藏羚羊保护工作，全部费用将由队员自己承担。一旦他们发现有藏羚羊向公路走来后，便会拦截过往车辆，让藏羚羊顺利通过交通干道，保证它们的安全。另外，他们还负责在藏羚羊迁徙期间例行巡山，制止非法穿越，协同保护站保护藏羚羊迁徙时，能安全通过马路和居住区域。据可可西里保护区管理局相关负责人介绍，2015年3月31日，青海可可西里国家级自然保护区管理局等四家自然保护区联手发布《关于禁止在阿尔金山、可可西里、羌塘国家级自然护区进行非法穿越活动的公告》，公告中禁止一切单位或个人进入新疆阿尔山、青海可可西里和西藏羌塘国家级自然保护区开展穿越活动。根据以往的经验，藏羚羊在迁徙期，会有较多非法穿越者出现。为此，蓝天救援队在巡山过程中发现穿越者后，会协助保护站将穿越者带回保护站。,0
记者卧底家政公司：8天花750元就能变高级月嫂。齐鲁网10月8日讯随着全面二胎的放开，今年迎来了生育高峰，很多家庭在迎来了小宝宝的同时也开始发起了愁，孩子有了谁来看呢？有的时候，爷爷奶奶姥姥姥爷全家齐上阵，也生怕照顾不好家里的小宝贝，更何况那些父辈不方便照看的，于是，月嫂变得越来越紧俏，尤其是“高级月嫂”、“金牌月嫂”，在很多热地方都出现了需要提前8个月才能预定上高级月嫂的情况，而与月嫂市场紧俏情况相对应的，月嫂培训这一行当也是风生水起，《调查》网上搜索“济南月嫂培训”，发现许多家政公司都提供短则7天，长则一个月的月嫂培训，随机点开了一条“济南泉城大姐家政专业培训高级月嫂”的广告，广告上面写着“常年招月嫂学员，设立专业月嫂培训班，专业老师授课，7天课程，理论和实操，包教包会，学完合格后颁发《高级月嫂》证书，全国通用，网上可查”。按照广告上的地址，山东卫视《调查》找到了这家位于济南市王官庄九区的泉城大姐家政公司。走进公司，这家公司的一个王经理接待了。王经理说，只要花750元8天内就能拿到高级月嫂证，并且他们公司还可以帮忙介绍客户，保证找到工作。为了验证这个说法，王经理专门拿出了一大叠证书，看到，王经理所说的“高级月嫂证书”是一本绿皮封面的证书，证书里面印有培训职业及等级“高级月嫂”和证书编号，并承诺这是“全国认证，全国统考的”。在交谈的过程中，王经理一直强调这个月嫂高级证书是全国通用的，让放心，在只提交了身份证后，就成功的报上了名。在交了750元的培训费后，被安排到了济南市王官庄东区的一家酒店进行培训，按照王经理的说法，这家酒店的4楼是泉城大姐租用的培训基地。在这家酒店的402室，看到了门口泉城大姐月嫂培训室的字样。进到里边发现，屋里挂着一个“泉城大姐月嫂、育儿嫂第x期培训班”的横幅，墙上也帖着“泉城大姐苦学技能、爱心奉献的标语。”屋里一共有4排桌子，里面有9名三四十岁的妇女在看讲课视频，并且教室的后面还放了一排大约30几个玩具娃娃。给学员们进行培训的是一位姓赫的老师，赫老师说，她曾当过幼儿园老师和月嫂，经验十分丰富。赫老师告诉，月嫂的培训时间是从早上9点到下午5点，中午休息两个半小时，培训的内容包括理论知识以及实践操作，通过聊天发现，来参加高级月嫂培训的学员之前的职业都五花八门，但大部分都没干过月嫂。不过，按照他们的说法，只要交上750元，就能拿到高级月嫂证，工作会好找很多，每个月工资也会多出几百元。在上课的第一天，赫老师教了一些关于新生儿生理特征的理论知识和如何给孩子、产妇做操。第二天，她花了半天的时间，教授学员如何给婴儿洗澡及按摩，并用教室后排的玩具娃娃进行实践操作。第三天的培训内容是如何给孩子进行智力开发的理论知识，第四天是关于母乳喂养的内容，第五天赫老师又教了如何让产妇科学的坐月子，包括产后注意的饮食和产褥期的护理。第六天学员们有学习了婴儿辅食添加及制作的理论知识，并且观看了如何制作辅食的教学视频。第七天是关于新生儿常见疾病，教学员如何辨别黄疸。最后一天，赫老师教了学员如何制作月子餐的理论知识，并让学员记下了食谱。在8天的培训完成之后，泉城大姐组织了考试。考试分为实际操作和笔试，而监考的就是泉城大姐的培训老师赫老师。虽然已经学了8天，但在实际操作考试环节，仍有学员忘了怎么给孩子洗澡和做按摩。在笔试中，看到，学员拿到的试卷上写着“济南泉城大姐月嫂育婴嫂理论试题”，这份题目是由泉城大姐家政公司自己出卷的，整张卷子由填空题、选择题和论述题三个部分组织。有一些诸如“新生儿最初最营养的食品是什么”等常识性的问题。而就是这些常识性的问题，有学员也有回答不了的，甚至翻书开抄。在考试中，有的学员在实操环节忘了基本的操作步骤，有的在笔试中没回答上常识性的问题，甚至还作了弊，那他们能通过考试拿到毕业证书呢？答案是肯定的！不仅如此，《调查》在卧底培训的过程中还发现，有的学员在没有完成培训的情况下就被安排上了岗。原因也很简单，因为现在月嫂市场紧张，泉城大姐就会提前给还没考试的学员们找工作，一旦有雇主要月嫂，泉城大姐就会通知他们提前上岗。在8天的培训中，有的学员甚至仅仅学了一天就去工作了。虽然也有学员想先学完再去上工，但是在家政公司的再三催促之下，还是结束了学习直接去工作。不禁要问，这样的月嫂能把婴儿照顾好吗？万一聘用月嫂的人家不满意怎么办呢？这个家政公司也早有准备，“善意的谎言”该说还得说！在培训过程中，为了让顾客能对月嫂满意，赫老师特意交代给学员们在上岗时一定要对顾客虚构一下自己的从业经历，让顾客觉得他们很专业。在这种“善意谎言”的教育下很多学员都学会了撒谎。而在照顾孩子中体现出来的不专业，一旦被客户发现，还得学会“见招拆招”才行！那经过8天培训拿到的《高级月嫂证书》又到底是不是全国通用的资格证书呢？《调查》联系了颁发证书的山东省人力资源和社会保障厅，宣传处的张处长告诉，拿到的证书根本不是国家通用的“高级月嫂证”，只是一个“培训合格证”而已。那么月嫂行业的准入标准到底是什么，高级月嫂和普通月嫂的区别又在哪里呢？联系了参与国家家政服务标准制定的济南阳光大姐家政服务公司。济南阳光大姐副总经理高玉芝告诉，2015年国家标准委发布了《家政服务母婴生活护理服务质量规范》和《家政服务机构等级划分及评定》，对月嫂的准入条件做了详细的制定根据国家标准，月嫂年龄应在18岁到55岁，具有初中以上文化程度的女性，具备与等级相适应的服务技能，上岗服务时应着统一工作服，定期参加职业培训，无刑事犯罪记录，无精神病史和传染病等。而且正规的月嫂培训大概需要150个小时，15天的培训时间。高玉芝说，市场上并没有“高级月嫂”这种职称，按照规定，月嫂的级别分为从一星到金牌六个级别二星级月嫂的评定就需要累计6个月客户满意无投诉的工作经验，而最高级的金牌月嫂更是要累计48个月或72个月客户满意无投诉，也就是说成为一名金牌月嫂至少要4年的时间。期间还需要通过育婴师、营养配餐师、母婴按摩等方面的考试。也正是这样的高要求，让市场上的金牌月嫂数量并不多，这让月嫂市场变得供不应求。高玉芝告诉，在价格方面，阳光大姐的一个工作8小时的金牌月嫂价格在4000元左右，24小时的在8000元以上。而在泉城大姐，一个8小时的高级月嫂工资在3700元左右，24小时的高级月嫂的工资也在8000元左右，和阳光大姐差不多，并不是太高的价格，也让不少顾客找上了门。虽然月嫂市场供不应求，但是一些家政公司也不能“萝卜快了不洗泥”，为了一时的利益，拿着所谓的“高级月嫂”来糊弄顾客，只有诚信经营，为顾客提供有真材实料的月嫂，这样公司的发展才能长久。,0
2019年全国大众创业万众创新活动周在杭州启幕。6月13日上午，以“汇聚双创活力，澎湃发展动力”为主题的2019年全国大众创业万众创新活动周（以下简称：“双创”活动周）在杭州余杭梦想小镇启动。本届“双创”活动周活动周将持续至6月19日，设杭州“梦想小镇”主会场和北京会场，全国各省、自治区、直辖市、计划单列市和新疆生产建设兵团同步举办系列活动。举办“双创”活动周，是国务院按照创新驱动发展战略要求，把大众创业万众创新引向深入的具体举措。自2015年首次举办以来，先后在北京、深圳、上海和成都成功举办四届。本届“双创”活动周期间，国家发展改革委、教育部、科技部、工信部和共青团中央、中国科协、中国科学院将在杭州集中举办长三角一体化创新创业合作推进会、科技创新创业高峰论坛、创响中国·2019中国科学院创客之夜、风向标——中国创新创业先锋论坛、中国青年动漫创新创业发展论坛等15场高规格会议论坛活动。杭州作为本届“双创”活动周主办城市，在持续一周的时间内，将举办启动仪式、主题展示、筑梦服务站、小镇创客厅、天天“新物种”、特色小镇体验行等重点活动，集中展示全国各地特别是浙江省、杭州市创新创业创造的最新成果、最新成效、最新突破。本届“双创”活动周期间，杭州还将举行“2019年阿里巴巴诸神之战全球创客大赛启动仪式”、“人工智能+”产业论坛、“双创赋能新制造研讨会”等专业化、市场化活动。活动周前后，杭州各区县（市）和产业平台还将同步举办超过200场地方特色活动，让参会嘉宾全方位体验杭州“创新活力之城”的独特魅力。（曾杨希甘居鹏赵磊）曾杨希甘居鹏赵磊,0
接待游客超2万人次。本报昌都6月12日电（陈志强）日前，第十五届海峡旅游博览会暨2019年第五届中国（厦门）国际休闲旅游博览会在福建厦门举办。昌都参展团围绕昌都城市形象宣传展示、特色文化旅游资源推介推广搭建昌都展馆，藏香、藏药、金银首饰等民族手工艺品和文化旅游创意产品广受游客喜爱，现场累计接待国内外游客超过2.6万人次。近年来，昌都市积极支持文化扶贫企业参加区内外规格高、影响力大的文化旅游推介展览活动，旨在为昌都市文化企业提供优质对外宣传展示推介交流平台，帮助其更好地了解市场需求，寻求商业合作，开发适销产品，拓宽消费市场，做大产业产值，带动更多的贫困群众就业致富。陈志强,0
内蒙古华北东北有阵性降水台风鲇鱼将影响闽粤。中央气象台官网中新网9月26日电据中央气象台官网消息，受短波槽东移影响，26至27日，内中东部、华北大部、东北地区大部等地有阵性降水，其中内蒙古东部、东北地区北部的部分地区有中到大雨，上述局地并伴有短时强降水、雷暴大风或冰雹等强对流天气。此外，受高空槽和低层切变线影响，26至27日，重庆北部、陕西南部、湖北北部和西部、河南中南部、安徽北部等地有降水，上述部分地区有大雨或暴雨，并伴有短时强降水等强对流天气。受台风“鲇鱼”影响，预计26日至28日，台湾以东洋面、台湾海峡、台湾、福建、广东、江西、浙江东南部等地将有较大风雨天气。27日至28日，福建大部、广东东部、浙江东南部、江西大部、台湾东部等地的部分地区有暴雨或大暴雨，局地有特大暴雨(250～350毫米)。26日08时至27日08时，内蒙古东部、东北地区北部、陕西南部、重庆北部、湖北西部和北部、河南中南部、安徽北部、青藏高原大部、川西高原北部以及台湾等地有中到大雨，局地有暴雨，台湾东北部有暴雨或大暴雨；上述局地并伴有短时强降水、雷暴大风或冰雹等强对流天气。东海东南部、台湾海峡、南海东北部将有7～9级、阵风10～12级大风。27日08时至28日08时，黑龙江东部、西南地区东部、西北地区东南部、云南东部、江南东南部、华南东部、台湾等地有中到大雨，其中，广东东南部、福建中东部、浙江东南部、台湾等地的部分地区有暴雨到大暴雨，局地有特大暴雨(250～350毫米)。内蒙古中部、辽宁、华北西北部、黄淮东部、江淮东部、江南东北部、福建沿海等地的部分地区有4～6级风。东海南部、南海东北部将有8～10级、阵风11～13级的大风。渤海、黄海北部和中部有6～7级、阵风8～9级的大风。28日08时至29日08时，云南北部、江淮大部、江南中东部、华南中东部地有中到大雨，其中，浙江东南部、福建东部和南部、江西大部、广东东部等地的部分地区有暴雨，局地有大暴雨(100～180毫米)。江南中东部、江淮南部、福建沿海等地的部分地区有4～6级风。东海南部、台湾海峡、南海东北部将有6～8级、阵风9～10级的大风。,0
伪爱猫人每天杀猫100只将猫肉当兔肉卖上餐桌。在仓库小铁笼里被关的猫被宰杀后，正在被处理的猫。有些猫被熏干当野味卖。百花西路的一处老小区里，一套50平米左右的房子，是20多只猫的专属住所。它们的主人黄平富在这个小区有两套房，人住一套，猫住另一套。老黄有时也会将一些顾客带进房间挑猫。这些前来买猫的人进入房间看到的是这样的场景：20多只名贵猫咪住空调房，阳台上有供猫攀爬的架子，大冰箱里放着鱼肉等猫粮，然后听着老黄介绍他们两口子“像照顾自己孩子一样”的养猫心得。大家都认为，这真是一个很爱猫的人呢。然而，一条手机信息出卖了老黄：他曾将猫肉红绕的菜拍下来发给一名他认为可能成为他生意伙伴的人士，并许诺说“下次给你弄一条新鲜的尝尝”。于是，有了下面历时三月暗访揭穿老黄真面目的故事。8月初，一名爱心人士在微信群里无意中发现群里有人兜售宠物猫，平时发一些猫猫的照片，还会认养一些流浪猫。“还感觉人还多好的，问他领不领养土猫，他说要。”然而，进一步聊天中，爱心人士却发现这名男子并没有那么简单，背地里似乎在干着一些肮脏勾当。“他竟然在卖猫肉！”爱心人士与其多次聊天以后，取得了该男子的信任，他介绍起自己的猫肉生意。“我在新都杀货，每天都要去进出货。”“我们有专门人打货，在四川就有七八十个人打货。”“一个打货有啥子嘛。”检查中，执法人员在作坊内发现了两个大型冰柜，里面存放了大量的已杀好的冻猫肉，据杀猫人透露，这些猫肉均为黄平富所有。但是，在现场黄平富始终不承认自己有贩卖猫肉的行为。执法人员将冻货搬运上车，共计8件，装了满满一车。随后，另一组执法人员在距离杀猫房两公里以外的一大型冻库中找到了黄平富存放的货，打开袋子检查，冻肉身型完整，一眼就识别出是猫。在执法人员的监督下，冻库负责人将黄平富存放在冻库的猫肉搬了出来，经过现场清点，一共发现冻猫肉6件。同时，第三组执法人员在龙泉驿区来龙村四组一仓库中现场查获了30只活猫。黄平富曾经透露，自己的货一件装22只猫，大约在110斤重。根据此说法估算，现场查获的活猫和冻货接近1吨。与执法检查出的结果极为相反的是，另一面的黄平富是个口碑极好的“爱猫人士”，他细心照顾猫咪的行为，早已为街坊熟知。百花西路的一处老小区里，黄平富在小区里有两套房，他住一套，另一套则专门空出来让猫居住。供猫居住的房子约50平方米左右，养着20多只猫。与大量养猫场所的脏乱不一样，这间专属住房内，地板被拖得干干净净，不大的客厅里放着一个帐篷给猫睡，里面垫着棉垫，旁边还有玩具，几只小猫在这里玩耍。厨房和阳台上放着大大小小的猫笼。这处场所简直是猫们的天堂：草莓猫窝、吊床、猫粮、猫砂盆，每只猫都有自己的“豪宅”。阳台上甚至还有供猫玩耍的猫爬架，下午，在慵懒的阳光下，几只大猫躺在阳台的防护栏上懒洋洋的晒着太阳。而阳台用细铁丝全部做了防护栏，猫不会跑出去。“这些小猫刚出生十天，要特别注意保暖。”进到屋里，黄平富走到一只刚生了小猫的母猫面前，打开猫笼，动手整理了猫窝里的小棉被。这些猫中，主要是美短、英短等名贵猫，平日都是黄平富两口子亲自照料。在照顾猫上，黄平富可谓细心周到。“每天煮鱼，比人还吃的好。”每天猫粮管够，晚上喂一顿鱼肉，他们将买回来的白鲢砍成小块，冻在冰箱里面，煮熟后把鱼刺剔除，然后喂给猫。有时候猫拉肚子、感冒了，两口子还要给它们看病。黄平富说，在天气炎热的夏天，他会将空调打开，开到27至28℃，给猫猫们吹空调。这些小猫，甚至还享受着24小时专人看护的待遇。“晚上必须要有人守夜，万一猫出问题不好办。”不管是黄平富精心喂养的20多只宠物猫，还是他残忍屠杀的流浪猫，终极目的都只有一个：钱。在黄平富眼里，这是一门好生意。爱猫，是为了让猫更好地产崽，之后再高价卖掉；杀猫，是为了尽可能地谋取利益。在跟踪取证过程中，以买猫为由，再次和黄平富进行了接触。这一次，黄平富的嘴脸很快从一个爱猫人士变成了一个贩猫男子。“卖家，就是两千五我跟你说的都是实际卖价，不敢乱说的。”黄平富自己也曾在扮商家的面前炫耀：“我养的猫品种都不错，一只猫一年生两三窝，一窝平均三五只，通常卖2000-4000一只，把成本除了，去年纯利润都挣了50万。”也许只有跟黄平富有过生意往来的人，才知道他的真面目，“他做猫生意20多年了。他养猫是养得很细，不过外人不知道，他养猫主要是为了卖钱。”知情人士告诉成都商报，黄平富手下有很多偷猫的猫贩子，但大多不识货，因此偷来的猫一律以只数卖给黄平富，而黄平富会从中挑出名贵的猫养起卖大价钱，剩下的才当肉猫卖。“偷猫的人把它当成普通的土猫，28元钱卖给我了，我发现它品种还不错，才开始养，也才有了后面的养猫生意。”黄平富在街坊的形象是如此的光鲜，以后至当告诉他们，黄平富干着杀猫贩猫肉的勾当时，他们根本不信，“胡说，老黄那么爱猫的。”黄平富不仅杀猫卖猫肉，他自己也吃猫肉。“我们自己经常吃。凉拌、炒回锅都好吃。”他曾这样向表示，在手机聊天时，黄平富也曾将猫肉红绕的菜拍下来发给爱心人士，大方的说“下次给你弄一条新鲜的尝尝。在受到查处后，本地的动物保护组织已经参与到救助中，那些幸存下来的活猫已被运送至爱之家动物救助站饲养。成都商报客户端摄影报道,0
京产“水果玉米”提前一月上市口感甜爽皮薄无渣。新京报讯6月13日，从北京市农业技术推广站获悉，该站在房山区窦店镇下坡店村示范推广种植的BMB380、京白甜456等优质高端水果玉米实现提前上市，上市时间较常规生产提早30天，并与便利店、电商平台签订订单，从6月20日起供应到10月10日。本次示范品种以优质高端的水果玉米品种为主，分为黄白色BMB380和纯白色的京白甜456。其中BMB380为北京市2018年首次引种备案成功并进行推广种植，京白甜456为北京市农业技术推广站与北京保民种业联合选育的新品种，目前已经完成审定公示，即将通过审定。上述品种均为2018年第四届北京鲜食玉米节获奖品种，生食、熟食均可，口感甜爽脆嫩、皮薄且无渣。游客在大棚里采摘玉米。游客在大棚里采摘玉米。房山区生态农场的农民在对玉米进行清理打包。北京市农业技术推广站农艺师提取玉米汁，准备检测含糖量。经农艺师现场检测，玉米含糖量达到19.5%。新京报吴宁陈琳摄影报道编辑吴飞虎校对李项玲,0
为应对酷暑，东京奥运会推出伞状斗笠帽？。朵朵2020年东京奥运会明年就要举行了。为防止日本天气炎热，推出一款伞状帽子，形似斗笠帽子直径约60公分，具有遮挡阳光的功效。帽子以重量轻盈的抗热材料制成，约180克重。戴在头上后可用两条吊带扣环固定于下巴。外形如同日本古代武士戴的斗笠，目前成品展示用，正式推出可能会略作调整。消息发布后，不少网友纷纷表示质疑，帽子的骨架戴在头上是否会产生不适，而且，放射形的骨架可能会伤到周围人，也会遮挡视线。小池百合子于会上表示，遮阳帽可供不愿撑伞的男性使用，你觉得这个帽子怎么样呢？联系我们,0
洪涝致江西逾260万人受灾直接经济损失达56.2亿元。6月10日，江西省吉安县梅塘乡渡口村，消防员蹚着齐腰深的洪水，小心翼翼地将婴儿转移到安全地带。郭清云摄中新网南昌6月12日电记者12日从江西省防汛抗旱指挥部获悉，截至当日16时30分统计，6日下午开始的洪涝灾害，导致该省9个设区市80个县(市、区)260.5万人受灾，直接经济损失56.2亿元。6日14时至12日8时，江西全省平均降雨量为133.2毫米。全省共98个县(区)4744站降雨超过50毫米，87个县(区)3441站超过100毫米，38个县(区)625站超过250毫米。受强降雨持续影响，信江上中游、赣江干流及上中游干支流发生超警戒洪水，赣江2019年第1、2号洪水相继在中、上游形成，赣江流域发生中洪水。信江上游玉山站，赣江支流孤江白沙站、泸水赛塘站等水文站出现历史第二高水位，桃江上游支流发生超历史洪水。截至12日8时，赣江仍有7个主要水文站水位在警戒线以上。12日8时，赣江南昌水位22.46米，比11日下降0.15米。长江九江水位17.21米，比昨日上涨0.22米；湖口水位16.82米，比11日上涨0.24米。鄱阳湖星子水位17.19米，比11日上涨0.28米，湖区通江水体面积3200平方公里，容积131亿立米，比11日增加8亿立米。根据各地上报，截至6月12日16时30分统计，6日下午开始的洪涝灾害共有上饶、吉安、鹰潭、抚州、九江、萍乡、宜春、赣州、新余9个设区市80个县(市、区)260.5万人受灾，紧急转移安置和需紧急生活救助31万人，直接经济损失56.2亿元，灾情还在进一步统计核查中。目前，国家减灾委、应急管理部维持国家IV级救灾应急响应，水利部、长江委维持IV级应急响应，应急管理部工作组和水利部工作组仍在江西省指导。江西省防指维持防汛IV级应急响应，省减灾委、省应急厅维持省级III级救灾应急响应，省应急厅9个工作组和省水利厅4个工作组仍集中办公。6月11日，航拍赣江南昌段水位暴涨，沿江景观树受淹在浑浊的江水之中。刘占昆摄针对洪涝灾情，应急管理部紧急调拨中央救灾物资支援。11日下午，江西省应急厅在紧急向吉安、赣州等地调拨省级救灾物资基础上，又向上饶调动1500床棉被、1000张折叠床、1000床竹席、500条毛巾被等一批省级救灾物资。6月11日上午，按照江西省防指指挥长、副省长胡强指示要求，省防指连线赣州、吉安市防指，召开视频调度会，要求重点做好山洪地质灾害防御，加强堤防、水库巡查，抓紧有利时机做好水毁抢修，切实做好防汛值班值守工作。当晚，江西省防指再次连线吉安市防指，强调对万安水库科学调度的重要性，要求克服困难，全力配合做好防汛调度，确保安全度汛。据气象预报，6月12-13日，江西省中南部部分暴雨，局部大暴雨，赣中赣南累计雨量50-80毫米，局部150毫米以上。最大小时雨强一般30~50毫米，局部地区可达60~80毫米。强降雨区与前期暴雨区有重叠，需注意防范灾害叠加效应以及滞后效应的危害。12日下午，江西省委常委、组织部部长、副省长、省防指政委刘强组织应急、水利、气象、自然资源、水文等部门，主持召开防汛紧急视频调度会，重点调度赣州、吉安、抚州、上饶、鹰潭等设区市，部署山洪地质灾害防御和群众提前转移等工作。,1
王文涛：全力做好今年松花江流域防汛抗旱工作。（初梓瑞）从水利部获悉，6月12日，松花江防总在哈尔滨市召开2019年工作视频会议。松花江防总总指挥、黑龙江省省长王文涛在会上指出，要切实增强做好松花江流域防汛抗旱工作的责任感和紧迫感，狠抓重点部位和关键环节，全力做好今年松花江流域防汛抗旱工作。王文涛强调，一要立足防大汛抗大旱抓好责任落实。全面落实以行政首长负责制为核心的防汛抗旱责任制，进一步强化“宁可十防九空、不可失防万一”的理念，把确保人民群众生命安全作为防汛抗旱工作重中之重。二要聚焦薄弱环节抓好灾害防御工作。突出抓好山洪、泥石流、滑坡灾害防御，突出抓好险工险段、薄弱堤段、中小河流等重点部位防范，突出抓好城市内涝防范。三要科学联动抓好水旱灾害预报预警。密切关注跟踪天气、雨情、水情发展变化，强化省区间、部门间信息交换、沟通协作，做到滚动监测、预报、预警。四要重拳出击坚决清理“四乱”问题。严厉打击流域河道乱占、乱采、乱堆、乱建等“四乱”违法违规问题，建立防洪与经济发展相协调的长效管理机制，从根本上遏制盲目无序违法围垦河道问题。五要统筹兼顾做好抢险救灾准备。完善应急预案，做好各类防汛抗旱物资储备，针对不同灾害实行梯次部署、有序调动。水利部副部长兼应急部副部长叶建春出席会议并要求，2019年是新中国成立70周年，是全面建成小康社会关键之年，做好水旱灾害防御工作事关全局、意义重大。松花江防总和流域各省区要认真贯彻落实党中央、国务院决策部署，坚持底线思维，强化风险意识，扎实做好各项工作，坚决守住水旱灾害防御底线。,0
农民工被欠薪12万余元讨薪未果反被刺伤。华商报讯去讨薪补贴家用，没想到钱没要到，4名还被一伙人持刀刺伤。昨日，37岁的程先生头部裹着纱布，在医院里来回走动着，他实在是不知道如何是好。他是长安人，也是一个木工工队的工头，2016年4月至6月，经人介绍，他带着手下的十多个工人承包了户县涝滨南路上一家名为福年华KTV的木工活，活干完了，除了支取了4.8万元的生活费外，工地还欠他12万左右的工费，“他们给了个结算单，上面算的是12.2万元，还承诺在2016年9月15日前分三次支付完毕，这都快过春节了，还没见一分钱。”程先生和几名工友讨薪却都被打伤程先生说，他给KTV的老板朱某打了无数个电话，后来他的号码被拉黑，根本打不通，他去了户县二三十次，都没找见人。2017年1月2日，实在是没办法了，程先生就和几名工友一起，再次前往KTV索要工钱，当时，KTV还在施工中。可从中午12时一直等到下午1时30分许，他们都没见到老板。一名工友有点急了，上到KTV的二楼，将电闸给拉了，里面停电了，“有人下来查看，又要上楼来推电闸，我就堵着说，赶紧给工钱，不然不能推电闸，我话刚说完，就有人冲出来，冲着我的眼就是一拳，随后，更多的人冲了上来，有两人拿着匕首，在我的头部划了一刀。”被划后，这名工友开始求救。在楼底下的工友听见上面发出声音，就赶过来看个究竟，23岁的工友曹先生说，他刚到楼梯，就被人掐住脖子，从楼梯往下推，还拿匕首扎他。37岁的工友程先生说，他也是上楼查看时，遇到人拿匕首捅他的胸部，他拿左胳膊一挡，胳膊被捅伤了。随后经过检查，他的左上臂是刀砍伤以及贯穿伤，已经连夜做了手术。工头程先生的头部也有划伤，还有一名工友被从楼上推下来，造成胳膊骨折。工友们报警后，拿刀的一伙人跑下楼驾驶一辆小轿车离开。120急救车赶到后，将5名受伤的工友拉往医院，其中4人都是刀伤，一人是骨折。“我们是农民工，就是要个工钱，到年底了都没要到，推个电闸也是想见到负责人，他们怎么能这样呢，还动起了刀子?”昨日上午，在521医院住院部，工头程先生非常气愤。程先生出示的木工工费结算单是2016年7月13日签的，上面写着7月15日至8月1日支付5万元，8月1日至8月15日支付5万元，8月15日至9月15日支付2.2万元，总计12.2万元。昨日，华商联系上事发KTV的负责人朱某，朱某称，木工活本来是包给了监理，由监理给程先生他们支付，可监理离职了，“我此前是股东，后来把股份转让了，手上还有一点股，我又没说不给钱，最近资金紧张，1月底肯定会解决到位。”问到2日下午是谁动刀伤人的，朱某说：“我不清楚，程先生不是拍有照片吗?一看照片不就明白了。”昨日中午，华商报前往户县的这家KTV，附近人称，2日下午，的确有几名农民工被打伤了。知情人还说，这家KTV共3层，可顶层上还有一层违建。程先生也证实了此事，“朱某此前称，他有关系呢。”华商报从户县警方处了解到，目前，警方正在对此事进行调查。,0
公安部：网上恶意抢号违法犯罪猖獗，严重扰乱社会秩序。，公安部网络安全保卫局巡视员、副局长张宏业在公安部新闻发布会上表示。3月7日，公安部通报了全国公安机关开展“净网2018”专项行动的有关战果，引起广泛关注。公安部新闻发言人郭林表示，公安部决定在全国范围内继续开展“净网2019”专项行动，对网上违法犯罪活动始终保持严打高压态势，维护好人民群众生命财产安全。据张宏业通报，当前，传统违法犯罪正加速向以电信、互联网等为媒介的非接触性犯罪转移，借助网络的新型犯罪日益增多，大量非法“第四方支付”平台不断涌现，恶意抢占医疗卫生公共资源、网约暴力刑事犯罪等多发高发，极大危害网络安全与人民群众生命财产安全。按照公安部“净网2019”专项行动部署要求，重点聚焦人民群众关心关注的重点热点问题，重拳打击网络违法犯罪活动，坚持“打早、打小、打苗头、打链条”，于近期成功打掉一利用非法软件抢占医疗卫生公共资源的犯罪团伙和一非法“第四方支付”平台，及时预警上百起网约暴力刑事犯罪。随后，张宏业介绍了近期的典型案例，其中包括北京公安机关网安部门侦破利用软件恶意抢占知名医院号源案。“当前，网上非法囤号、恶意抢号等违法犯罪活动猖獗，违法犯罪人员利用患者求医心切的心理，非法制作恶意软件抢占各大医院专家号源，再高价倒卖牟取非法利益，严重扰乱社会公共秩序，侵害广大患者合法权益。对此，公安部网安局部署各地公安机关切实加大打击力度。”张宏业称。2018年12月，北京公安机关网安部门接群众报案，“京医通”挂号平台中北京部分知名医院号源一经放出即被“秒抢”，后台访问量激增，患者无法通过此渠道正常挂号。北京公安机关网安部门立即成立专案组开展侦查，迅速查明该犯罪团伙主要成员及利用恶意软件绕过正常验证机制非法抢占号源的犯罪事实。2019年1月10日，专案组在北京、河南、山西、云南等地将高某等4名主要犯罪嫌疑人抓获。4月15日，在广东揭阳将非法制作、传播该恶意软件的某软件公司负责人李某某等4名犯罪嫌疑人抓获。新京报王俊编辑于音校对卢茜,0
黄坤明在江西调研时强调　　高扬爱国主义旗帜　传承伟大革命精神　　激发奋斗新时代的强大力量。黄坤明在江西调研时强调高扬爱国主义旗帜传承伟大革命精神激发奋斗新时代的强大力量新华社北京6月13日电6月10日至13日，中共中央政治局委员、中宣部部长黄坤明在江西调研时强调，要深入学习宣传习近平新时代中国特色社会主义思想，认真贯彻落实习近平总书记在江西考察时的重要指示精神，以庆祝新中国成立70周年和“不忘初心、牢记使命”主题教育为契机，广泛开展革命传统教育、理想信念教育，引导广大干部群众高扬爱国主义旗帜、传承伟大革命精神，激发奋斗新时代的强大力量。调研期间，黄坤明深入赣州的兴国、于都、瑞金、寻乌等地，瞻仰兴国将军园、中华苏维埃共和国临时中央政府旧址，参观中央红军长征出发纪念馆、中央革命根据地历史博物馆，深入社区、农村、企业、学校和宣传文化单位，了解革命旧址保护、爱国主义教育和基层宣传思想工作，认真听取干部群众意见建议。黄坤明指出，赣州是著名的革命老区，这片光荣的红土地承载着党的初心和使命，见证着党领导人民可歌可泣的艰苦斗争，孕育了伟大的苏区精神，为我们坚守初心、砥砺奋进提供了不竭精神动力。要加强革命旧址保护，深入挖掘红色资源，教育引导干部群众特别是青少年饮水思源、继往开来，坚定理想信念、赓续红色基因，奋力走好新时代的长征路。要广泛开展“我和我的祖国”群众性主题宣传教育活动，增强仪式感、参与感、现代感，提升针对性和实效性，充分激发人们爱党爱国爱社会主义的巨大热情。要建好用好新时代文明实践中心、县级融媒体中心，发挥“学习强国”平台的聚合引领作用，面对面、心贴心、键对键做好思想政治工作。黄坤明来到中宣部定点帮扶的寻乌县，看望贫困群众，查看扶贫项目，同当地干部和帮扶企业深入交流。他强调，要落实党中央关于精准扶贫、精准脱贫的战略部署，把脱贫攻坚和乡村振兴结合起来，建立稳定脱贫长效机制，保持帮扶工作稳定性连续性，巩固脱贫成果，保障贫困群众真脱贫、稳脱贫。要坚持扶贫和扶志、扶智相结合，加强农村精神文明建设，大力弘扬新时代奋斗精神，激发脱贫致富奔小康的内生动力，让老区人民过上更加幸福的生活。（完）,0
云南民族大学食堂起火浓烟滚滚无人员伤亡。图为云南民族大学食堂着火现场。中新网昆明10月8日电8日，从昆明市消防支队获悉，当日12时43分，位于昆明市呈贡区大学城的云南民族大学雨花校区食堂2楼发生火灾，浓烟滚滚，13时30分火被扑灭，无人员伤亡。8日12时43分，位于昆明市呈贡区的云南民族大学雨花校区食堂2楼发生火灾，昆明市消防支队接警后，立即调派救援力量赶赴现场处置，12时55分，救援力量先后到达现场，13时30分，昆明市消防支队将火扑灭，无人员伤亡，据了解，现场燃烧物质为排烟管里的油起火。,0
富士康：如果苹果一定想搬生产线，我们还行。在董事长郭台铭刚刚放言“若被大陆关厂‘关就关谁怕谁’”后，昨天，富士康方面也确认，已准备好在必要时配合其最大客户苹果公司将生产线移出中国大陆。不过，一半收入靠苹果公司的富士康强调，此举为应急计划，富士康仅约25%的生产能力位于中国大陆以外地区，苹果公司尚未没有提出将生产转移出大陆的指示。事实上，苹果公司总裁库克曾多次批评美国加征关税行为，并强调“迄今为止，中国从未针对过苹果”。12日，国台办发言人安峰山对郭台铭的言论作出回应：“对岛内选举期间一些政治人物的言论我不作评论。两岸经贸往来和交流合作对大家都是互利互惠的事情。”外界注意到，富士康目前正面临一系列挑战：除美国加征关税外，其业务也受到苹果“砍单”的影响。同时，富士康新一届高管并未拥有和郭台铭一样的“明星效应”，而这将影响富士康今后的发展。2016年10月13日，郭台铭在杭州云栖大会发表演讲。图片提问：郭台铭在大陆有很多投资和工厂，岛内舆论认为，他的经济命脉会被大陆掌握，因此可能会影响到他的两岸政策。日前郭台铭接受媒体访问时被问及，如果大陆以关他的工厂对他进行施压，他会怎么回应。郭台铭称，“关就关，谁怕谁”。请问国台办对此有何评论。对此，国台办发言人安峰山回应称：“对岛内选举期间一些政治人物的言论我不作评论。两岸经贸往来和交流合作对大家都是互利互惠的事情。”富士康面临多项挑战观察者网此前报道，去年底以来，台湾PMI指数连续紧缩，直到今年4月才微幅超越景气荣枯线至51.7%，5月却再次骤跌。而在制造业五项组成指针中，新增订单、生产数量、人力雇用与存货转为紧缩，供货商交货时间转为下降。本月3日，台湾“中华经济研究院”公布5月制造业PMI，骤跌至景气荣枯线以下。同一天，台湾“行政院前院长”赖清德在接受台湾《联合报》采访时呛声郭台铭，称鸿海会受到非常大的冲击，“我甚至认为郭台铭应该优先救鸿海公司，因为鸿海的大限将至”。另外，5月27日，台当局“发展委员会”上月底数据显示，岛内的景气分数连续四个月闪烁象征景气趋弱的黄蓝灯，显示目前景气尚无明显好转的迹象。而台湾经济发展研究中心公布的调查也称，岛内消费者5月信心指数也出现下滑。从绝对水准来看，在经济景气、物价水准、购买耐用性产品时机、投资股票时机以及家庭经济状况等6项未来半年细分指标均属悲观。本文系观察者网独家稿件，未经授权，不得转载。,1
2019中国公益慈善项目大赛推介会在长沙举行。2019中国公益慈善项目大赛推介会在长沙举行“非遗，该项目致力于帮助残疾人就业与生活便利，图为项目帮助残疾人认领走地鸡并转化销售。优质项目“大爱邵阳”负责人王群英正在进行项目讲解，呼吁人们更多关爱留守儿童的心理健康与教育问题。,0
土耳其购买俄防空系统土方F35飞行员被美停止训练。因不满土耳其购买俄罗斯的S-400防空导弹系统，美国于6月10日停止了土耳其派往美国的F-35战机飞行员的训练。路透社援引美国国防部官员的6月10日的话称，土耳其派往美国亚利桑那州卢克空军基地进行F-35战机训练的飞行员目前已经停止训练。据报道，美方称土耳其购买俄罗斯制造的S-400防空导弹系统一事对洛克希德-马丁公司生产的F-35战斗机构成威胁。美国国防部发言人迈克·安德鲁斯表示，如果土方不改变其政策，美方会继续减少土方在F-35战机项目中的参与。美国国防部于6月7日表示，若美国和土耳其在7月31日前无法解决土耳其购买俄罗斯S-400防空导弹系统一事，美国将迫使在美训练的土耳其F-35战机飞行员离开美国。路透社指出，当时美国代理防长沙纳汉称已在美国的土耳其飞行员可以留至7月底，此次训练停止的时间早于外界预料。据新华社报道，根据美土先前达成的交易，美方将向土方出售100架F-35战机。土耳其2017年与俄罗斯签订协议，购买4套S-400防空系统。美国等北约国家多次警告土耳其不要购买这一俄制系统，认为该系统无法与北约武器系统兼容，且可能有助于俄方今后定位及追踪美国及盟国的F-35战机。而土耳其方面多次表态仍将购买S-400系统。,0
长假6天中国旅游消费超4500亿接待游客近5.6亿人次。中新社北京10月6日电(阮煜琳)国庆假期进入第六天，长线游客陆续返程，民航、铁路、公路相继进入返程高峰。国家旅游局数据中心最新综合测算，10月6日全国旅游接待人数0.6亿人次，同比增长11.1%；旅游消费475亿元(人民币，下同)，同比增幅12.8%。10月1日至6日，国庆假期旅游消费已超过4500亿元，达到4537.5亿元，旅游接待人数接近5.6亿人次。随着长假进入尾声，长线游客陆续返程，民航、铁路、公路相继进入返程高峰。国家旅游局表示，6日，游客更多地选择周边地区游览观光，亲子游玩、乡村休闲、文化体验、康体健身是假日后期的旅游热点。返程小高峰、近程出游和本地休闲“三峰并流”，北上广等大型城市进城交通压力加大。6日，返程客流高峰开始启动，全国铁路预计发送旅客1160万人次，预计增开旅客列车601列，其中多数由西安、南昌等地向北京、上海、广州、杭州、重庆等大型城市增开。道路方面，旅游区道路交通流明显下降，午后起各大城市进城方向陆续出现拥堵，机场、火车站、长途客运站等交通枢纽拥堵加剧。民航方面，机票价格继续回升，折扣幅度明显减少。分地区看，北京仍为最受欢迎的旅游目的地之一。10月6日，北京市监测的180个主要A级景区接待游客282.8万人次。其中，故宫接待8.2万人次；天坛公园接待6.3万人次；八达岭景区接待3.9万人；古北水镇接待3.2万人次，同比增长34%。(完)(新闻网),0
邱少云胞弟邱少华病逝生前等来正义判决书。9月29日，邱少云名誉权案代理律师向病床上的邱少华老人传达判决书内容。那一天，老人特意嘱咐家人为其换上了正装。青年网张炎良摄中国青年网北京10月20日电饮料有限公司一般人格权纠纷案一审公开宣判，判决二被告于判决生效之日起三日内公开发布赔礼道歉公告，向原告邱少华赔礼道歉，消除影响，并赔偿原告邱少华精神损害抚慰金1元。9月29日，第三个烈士纪念日前夕，邱少云名誉权案代理律师胡忠义专程从北京前往重庆市铜梁区人民医院，将该案一审判决书送到了邱少云烈士胞弟邱少华的手中。彼时，老人已病倒在床。得知即将拿到判决书，那一天，邱少华老人特地嘱咐家里人帮忙脱下病号服，换上了正装。当中国青年网进病房时，老人看起来非常虚弱，仅能勉强倚靠在摇起的病床上。但在收到判决书那一刻，86岁的邱少华老人抑制不住心中的激动，一下子坐了起来，用家乡话连说了两个“高兴”。他还通过中国青年网向此案付出辛勤努力的人们表示感谢。“当初就是为了维护英雄的形象，我们才作出了起诉的决定，目的就是希望能够通过此案引起全社会特别是年轻人对英雄的崇敬，革命先烈的形象不容污蔑！”邱少云的侄子邱光兵告诉中国青年网，其叔邱少华一直持续关注此案的进展，一年多的漫长等待，让他身心疲惫，得知宣判结果后，一病不起，住进了医院。邱少华是家中年纪最小的孩子，上面有三个哥哥，邱少云排行老二。父母先后去世，邱少云四兄弟从小孤苦伶仃。2015年4月，邱少华老人在接受采访时曾向中国青年网回忆起自己与二哥相处的那些时光，“家里的叔叔伯伯帮我们兄弟几个在外头找活干，大哥邱东云被地主拉去放牛，后来，三哥邱少全为生计也去为地主做长工，很少回家。1945年，我和二哥邱少云一起包了一块耕地种稻谷。”邱少华告诉，由于长期挨饿，那时的他瘦骨如柴，个头只跟锄头一般高，大部分农活便都落在了二哥邱少云肩上，“二哥对我很照顾，重活累活都是他做。而且，他宁愿自己饿肚子也要多给我一些吃的。”“后来，二哥被抓了壮丁。”在家乡藕塘湾送别二哥的邱少华不曾想到，那次见面，竟成了永别。直到1949年，四川解放。解放军从壮丁营中救出了邱少云。同年12月25日，满怀感激之情的邱少云参加了中国人民解放军。而后，邱少云作为一名中国人民志愿军，参加抗美援朝战争。1952年10月，邱少云英勇牺牲在战场。“有一天，邻居去赶集，在黑板上看到了二哥牺牲的消息。”那时的邱少华正在田间插秧，“你家邱少云牺牲在朝鲜战场了”，这句话像刀子一样插在他的心头。中国青年网在采访中了解到，奔赴朝鲜的前一天，邱少云给家里寄了封信。邱少华老人生前曾告诉，这是二哥唯一的家书。邱少云在信中告诉家人，“前些日子，我报名参加了中国人民志愿军，明天就要到朝鲜去打佬了。我在朝鲜多打美国佬，你们在家里要把分的地种好，多打些公粮，支援抗美援朝战争。我决心杀敌立功，带着光荣花回来看你们。抗美援朝，保家卫国！”而今，这封信陈列在重庆铜梁邱少云烈士纪念馆。1950年10月19日，中国人民志愿军跨过鸭绿江，抗美援朝，保家卫国。2016年10月19日，最高人民法院召开新闻发布会，通报人民法院依法保护英雄人物名誉权等人格权益典型案例，维护邱少云、狼牙山五壮士等英雄名誉。来源：中国青年网,0
瑜伽站姿，每天5分钟，等于跑步40分钟，还能明显塑形。颜美不及体态美体态美了整个人气质就不一样了瑜伽站姿，改善体态想要体态优美首先要学会站，分享8个瑜伽站姿，每天5分钟，让你身材挺拔，练出最美体态。1，山式站立，双脚并拢（经期双脚略分开）双腿并拢，收紧大腿肌肉，足弓上提双手在身体两侧向下伸展目视前方，保持8个呼吸山式是所有体式的根基，看似简单，但是练起来并不简单，如果你想学习正确的站姿，这个体式是最好的。2，树式山式，左脚保持平衡，屈右膝把右脚脚掌放在左大腿根部双手在胸前合十保持8个呼吸，换边树式不仅可以增强腿部的肌肉，同时提高身体的平衡感，调整双肩，骨盆，以及整个身体的形态。3，幻椅式站立，双脚并拢，脊柱向上延展吸气，双手向上举过头顶呼气，屈膝，臀部向后向下尽量让大腿平行垫面，膝盖不超过脚尖保持8个呼吸幻椅式是改善体态最好的体式之一，同时这个体式对于臀部，膝盖和背部都是非常好的。4，鹰式山式，抬起右腿，绕过左膝盖用右脚背贴住左小腿下方双臂上举，左手臂从上方压在右手臂上双手肘关节重叠，掌心相对保持8个呼吸，反侧重复拉伸肩膀，消除肩部僵硬，强化双脚脚踝，提高平衡能力。5，女神式变体站立，双脚分开约一腿长脚尖外展45°，吸气，手臂举过头顶呼气，保持脚跟抬高，屈膝下蹲膝盖外展，保持8个呼吸女神式可以加强腿部的肌耐力，促进骨盆区域的血液循环，和强化身体的平衡性。6，战士二式双脚打开一腿长，手臂体侧平举左脚跟外展，右脚尖外展右脚跟对准左脚足弓呼气，曲右膝，大小腿90°转头向右，保持8个呼吸，换边战士二式可以使腿部肌肉更匀称，增强腿部和背部肌肉弹性，这个体式同时为后期高难度的体式做好准备。7，站立前屈变体山式，双手在背后十指交扣吸气，延展脊柱呼气，从髋部向下折叠双手垂向地板方向保持8个呼吸前屈体式可以延�N绳肌，缓解背部和腿部不适，减缓心跳，使脊椎神经恢复活力。8，双角式山式，双脚分开一腿长的距离吸气，延展脊柱，双手臂侧平举呼气，身体向前向下屈手肘，让头顶接触垫面双脚，双手，头部在同一直线保持8个呼吸作为一个修复体式，有助于血液回流到躯干和头部，增强消化功能，缓解腿部和臀部肌肉的紧张和僵硬。更多瑜伽干货请关注瑜伽解剖学,1
云南省2022年将不再分文理科统一高考语数外。2022年云南省高考文理不分科统一高考语数外《云南省深化考试招生制度改革实施方案》经省政府常务会议审议通过，于昨日正式向社会公布。按方案设定的高考改革时间表和路线图，我省将从2019年秋季入学的高中一年级学生开始启动高考综合改革，到2022年高考时全面实施，届时高考文理不分科。方案涵盖了从义务教育阶段到高等教育阶段考试招生的全局性变革，涉及小升初、初中学业水平考试、高中学业水平考试、高职院校分类考试招生、普通高考乃至继续教育等一系列考试招生。面对目前中小学择校热等问题，方案多举措进行破解，包括：完善义务教育免试就近入学的具体办法，试行学区制和九年一贯制对口招生；改进高中阶段学校考试招生方式，逐步建立基于初中学业水平考试，结合综合素质评价的高中阶段学校招生制度；实行优质普通高中和优质中等职业学校招生名额合理分配到区域内初中的办法，进一步落实和完善进城务工人员随迁子女就学和升学考试的政策措施；加强义务教育阶段民办学校招生改革。自2019年秋季入学的高中一年级学生开始执行分为合格性考试和等级性考试的高中学业水平考试办法，由省教育厅组织实施。科目为语文、数学、外语、思想政治、历史、地理、物理、化学、生物、信息技术、通用技术、体育与健康、艺术院校单独考试招生、中职技能拔尖人才免试就读高职院校、参加省内普通高校专升本考试等方式进入更高级别的院校深造。方案明确，技能拔尖高职应届毕业生，可免试就读普通本科高校。在2017年，普通高校专升本考试小语种试行优秀学生免试入学政策。我省南亚东南亚语种的高职高专优秀应届毕业生，可免试就读对应的南亚东南亚语种本科专业。方案明确，主动服务我省民族团结进步示范区、生态文明建设排头兵、面向南亚东南亚辐射中心建设，加大对边疆地区和民族地区考生招生照顾力度，积极支持并实施少数民族预科班、特有民族班等照顾措施，确保边疆少数民族考生录取率稳中有升，高于全省平均增长水平。方案提出，实施好国家、地方和高校的农村贫困地区定向招生专项计划工作，形成保障农村学生有机会上重点高校和省属本科院校的长效机制。云报全媒体罗南1。进一步提高全省高等教育毛入学率2。增加农村学生上重点高校人数3。加大边疆少数民族人才选拔力度4。完善中小学招生办法破解择校难题1。完善普通高中学业水平考试2。规范高中学生综合素质评价3。加快推进高职院校分类考试1。减少和规范高考加分2。完善和规范自主招生3。完善高校招生选拔机制4。改进录取方式5。拓宽社会成员终身学习通道6。加强义务教育阶段民办学校招生改革同时，探索基于统一高考和普通高中学业水平考试成绩、参考综合素质评价的多元录取机制。来源：云南网,1
四川一楼盘推迟1年半不交房开发商:没钱装电梯。该楼盘电梯尚未安装。近段时间，自贡本地网络上出现了“韦业新天地楼盘股东携款跑路，导致资金链断裂无法交房”的传言，一时间搞得人心惶惶。经调查后得知，开发该楼盘的四川省韦业房地产集团有限公司确实存在资金紧张，但股东携款潜逃一事则毫无根据。因资金问题，该楼盘2期的7号、8号房的水电气以及电梯安装延迟，直接导致交房时间一拖再拖，遂引起了购房者的集体不满。12月27日上午，四川省韦业房产印发承诺公告书，向购房者承诺，新天地一期住房及门面在2017年2月28日前交房，二期住房及门面在2017年4月30日前交房。如不能按期交房，从到期日起违约金按万分之三计算。购房者：承诺去年交房到如今都还一拖再拖“我去年5月份买的房，二期7栋，买的时候承诺的当年6月份交房，结果到现在都没定交房时间。”12月27日，华西城市读本在韦业新天地楼盘售房部见到了购房者黄富洪，他表示，从买房至今他已经找过开发商不下10次，“每次催问交房一事，他们都是找理由拖延。”黄富洪表示，自己长年在外地打工，买这房子都是为了方便孩子读书，“我家是旁边农村的，但是娃娃在区里面的学校读书，每次放学回家天都黑了，所以就想方便孩子。”黄富洪告诉，这房子的问题，此前他也听到了购房者之间流传的说法，“有人说开发商的股东卷钱跑了，但我认为是谣传。”同时，黄富洪还特意去打听了楼盘延迟交房的原因，“2期的水电气还有电梯都没装好，听说主要是资金出了问题。”黄富洪说。旁边，2015年1月份买房的刘大姐也对黄富洪的观点表示认同，刘大姐称，她买房时，开发商向她承诺当年12月就能交房，但到现在也没交。据了解，该楼盘2期共两栋住房，涉及已经交房签合同的上百名购房者，交房时间一再拖延是引发多数购房者不满的主要原因。开发商：将于明年交房超期部分按万分之三赔偿“公司资金紧张是事实，但传言说股东卷钱跑了，则是子虚乌有的事情。”四川省韦业房地产集团有限公司一位不愿具名的部门负责人告诉，因去年市场不景气，加上一部分房屋和商铺没能卖出去，公司的资金变得十分紧张，导致楼盘的电梯安装一直拖延，由此耽误了交房，“但现在已经没问题了，电梯的钱我们已经付了首款给对方企业。”此时，该负责人出示了一张银行支付明细，上面显示，22万余元的电梯首款已经于今年12月6日转给了一家电梯设备商，“我们已经通知了对方尽快发货、安装。”售房部内，面对数十名购房者的提问，四川省韦业房地产集团有限公司韦姓负责人表示，此前曾有个别购房者找到公司，提出单独支付额外的赔偿的要求，但公司方面并未答应，“推测可能就是他们放出了传言。”该韦姓负责人表示，开发商对于每一位购房者都是公平的，违约金都以购房合同为依据进行。随后，该公司印发了一份《承诺公告书》散发给现场的购房者。根据该《承诺公告书》显示，韦业房地产集团公司承诺，一期住房及门面在2017年2月28日前交房，二期住房及门面在2017年4月30日前交房。如果不能按期交房，从到期日起违约金按照万分之三计算。,0
美洲杯揭幕在即东道主巴西已做好准备。宫若涵）当地时间6月12日上午，南美洲足联与2019年巴西美洲杯组委会在巴西圣保罗的莫伦比球场举行新闻发布会，并介绍了赛事筹备情况。6月14日，美洲杯的揭幕战将在莫伦比球场举行，东道主巴西队将对阵玻利维亚队。南美洲足联赛事运营总监乌戈·菲格雷多表示：“在巴西首度主办美洲杯的一百年之后，以及巴西上一次举办美洲杯的三十年之后，很荣幸能够再次来到这里。我们可以说这将成为历史上最好的一届美洲杯，因为我们投入了大量时间和人力物力，制定了新的组织标准，在营销、仲裁和反禁药方面都将留下一笔遗产。”2019年巴西美洲杯组委会运营总监阿格贝托·吉马良斯表示，本届美洲杯门票总数的65%已经售出。他说：“我们的目标是售出70%。我们相信随着比赛的进行，赛事将得到更多推广，会有更多人愿意购买球票。”他还表示，近来巴西举办的一系列重大赛事，例如2013年的联合会杯，2014年世界杯和2016年奥运会，令其获得了经验。据美洲杯组委会的艺术总监埃德松·埃德曼表示，在揭幕战之前将举行一个时长为十分钟的开幕式，将有400名演出人员和100名来自不同国家的音乐家登台。这其中就包括巴西音乐家莱奥·桑塔纳和哥伦比亚音乐家卡罗尔·G。他们在今天的新闻发布会上推出了2019美洲杯官方主题歌“震动南美”的音乐短片。出席发布会的还包括巴西前国脚、1994和2002两届世界杯冠军队成员卡福。关于东道主的前景，他预测称，尽管缺少了明星内马尔，但巴西队仍将杀入本届美洲杯的决赛。2019年美洲杯是第46届美洲杯赛事，将于6月14日至7月7日在巴西的圣保罗、里约热内卢、阿雷格里港、贝洛奥里藏特和萨尔瓦多等5座城市举行。此前两届美洲杯的冠军都被智利队获得。（完）,0
温州三幢约5层楼高楼房倒塌有人员被掩埋。2016年10月10日凌晨4时30分许，温州市鹿城区双屿街道永兴巷87号附近发生一起楼房倒塌事故，三幢约5层楼高的房屋发生垮塌。有人员被掩埋。目前，当地武警武警支队出动60名官兵紧急赶赴现场投入救援。公安、消防等力量也派出大量人员参与救援。,0
台湾桃园歹徒挟持9名人质持枪与警方对峙后被捕。台湾桃园市一家车行12日晚间惊传枪手挟持人质事件，历经近5小时的对峙谈判，9名人质平安获释，2名嫌犯被逮捕。桃园警方与歹徒对峙、谈判(图片嫌犯的亲人到场喊话，以平复他们的情绪。到了晚间10时30分许，嫌犯又释放3名男员工，晚间10时55分再释放4人，此时9名人质都被放出且未受伤，嫌犯也交出3把手枪。报道称，警方随后又与嫌犯对峙，吴清湖指出，2名嫌犯在晚间11时10分再交出最后2把长枪，这时嫌犯身上已经没有武器，经过警方持续沟通，嫌犯后来主动向警方投案，整起事件正式落幕。“中时电子报”12日以“惊魂5小时”来形容此次事件，并称警方初步查清2名歹徒疑似因涉及桃园地区某汽车旅馆枪击案，被警方锁定后逃亡。11日凌晨，中坜志广路一处民宅遭人扫射连开11枪，警方证实也是挟持车行人质的2名歹徒所为。,0
厦门中山路繁华商圈迎来一支特殊的表演队。表演现场6月12日下午，在厦门司法强制隔离戒毒所、思明区委政法委、思明区禁毒办的指导下，由思明区中华街道党工委、办事处主办的全民禁毒宣传月文艺演出，于中山路商业步行街举行。思明区老年人艺术协会的演员们，倾情表演了禁毒歌曲《生命》等紧扣“健康生活，绿色无毒”主题的8个精彩节目，通过艺术形式鼓励群众增强禁毒意识，主动参与禁毒工作，筑牢拒毒防线，共享平安幸福生活。思明区禁毒大队、中华派出所民警以及12个参与单位的禁毒志愿者们，以毒品仿真模具讲解等形式，向步行街上的游客和群众同步开展识毒、防毒宣传，提升了现场游客、群众对禁毒工作的参与度和满意率。(刘伦春、兰一波),0
北京明日起天安门广场及周边交通管制。明日起部分路段实行交通管制京华时报讯双方向，禁止各种车辆和行人通行。五、活动期间，天安门广场、毛主席纪念堂、人民大会堂、国家博物馆、天安门城楼、端门城楼、正阳门及广场周边商业网点停止对外开放和营业。前往中山公园、劳动人民文化宫参观游览的游人，可由中山公园西门、东北门，劳动人民文化宫东门、西北门出入。一、天安门广场地区：10月1日0时至10月7日24时，广场东、西侧路、人民大会堂南侧路禁止车辆通行(持专项活动通行证的机动车除外)。二、景山地区：10月1日至10月7日，每天7时至17时，对下列道路采取以下交通管理措施(公共电、汽车除外)：1.景山东街禁止机动车由北向南行驶；2.景山后街禁止机动车由西向东行驶；3.景山西街禁止机动车由南向北行驶。三、香山地区：10月1日至10月7日，每天8时至17时，采取以下交通管理措施：以下道路实行机动车单向行驶：1.杰王府路由买卖街东口至公交车总站后街东口禁止机动车由南向北行驶(大型载客汽车除外)；2.杰王府路由公交车总站后街东口至香山南路禁止机动车由东向西行驶。四、京藏高速公路及周边道路:10月1日至10月7日，每天3时至15时，京藏高速公路百葛桥六环路出口至营城子收费站出京方向，禁止4吨(不含)以上载货汽车通行。机动车可绕行六环路、京新高速公路、110国道。,0
邮政局:前5月全国快递量达223亿件你贡献了多少?。中新网6月12日电据国家邮政局网站消息，国家邮政局6月12日公布5月邮政行业运行情况，1-5月份，邮政行业业务收入累计完成3711.8亿元，同比增长20.8%；全国快递服务企业业务量累计完成223亿件，同比增长24.9%。资料图：大学生有序领取各自的快件。中新社记者泱波摄1-5月份，邮政行业业务收入(不包括邮政储蓄银行直接营业收入)累计完成3711.8亿元，同比增长20.8%；业务总量累计完成5789.3亿元，同比增长28.1%。5月份，全行业业务收入完成780亿元，同比增长21.7%；业务总量完成1309.3亿元，同比增长30%。1-5月份，邮政服务业务总量累计完成985.1亿元，同比增长19.4%；邮政寄递服务业务量累计完成99.7亿件，同比增长0.4%；邮政寄递服务业务收入累计完成176.7亿元，同比增长6.8%。5月份，邮政服务业务总量完成189.3亿元，同比增长17.8%；邮政寄递服务业务量完成19.9亿件，同比下降3.2%；邮政寄递服务业务收入完成32.8亿元，同比增长5.6%。1-5月份，全国快递服务企业业务量累计完成223亿件，同比增长24.9%；业务收入累计完成2753.6亿元，同比增长23.1%。其中，同城业务量累计完成41.3亿件，同比增长0.6%；异地业务量累计完成176.5亿件，同比增长32.7%；国际/港澳台业务量累计完成5.1亿件，同比增长17.3%。5月份，全国快递服务企业业务量完成52.3亿件，同比增长25.2%；业务收入完成618.1亿元，同比增长24.2%。1-5月份，同城、异地、国际/港澳台快递业务量分别占全部快递业务量的18.5%、79.2%和2.3%；业务收入分别占全部快递收入的10.5%、52.3%和10.1%。与去年同期相比，同城快递业务量的比重下降4.5个百分点，异地快递业务量的比重上升4.7个百分点，国际/港澳台业务量的比重下降0.2个百分点。1-5月份，东、中、西部地区快递业务量比重分别为80%、12.6%和7.4%，业务收入比重分别为80.5%、11.1%和8.4%。与去年同期相比，东部地区快递业务量比重下降0.4个百分点，快递业务收入上升0.2个百分点；中部地区快递业务量比重上升0.6个百分点，快递业务收入比重基本持平；西部地区快递业务量比重下降0.2个百分点，快递业务收入比重下降0.2个百分点。1-5月份，快递与包裹服务品牌集中度指数CR8为81.6，较1-4月上升0.1。,1
河南一学校租农民土地建别墅学生报名处成售楼部。太康县华夏外国语小学大肆租用农民土地，开发商品房和独院别墅，“学生报名处”成了“售楼部”。对此，当地多部门称执法困难，前往执法时曾两次遭遇校园人员围攻。太康副县长：还不了解情况学校对执法部门的执法为何会是对抗?该学校有何背景?各部门难道对该校的违规行为毫无办法?昨日下午，电话采访了太康县分管国土、住建的副县长李明朗。李明朗称他还不了解这个情况，等了解具体情况后再向反馈。对于此事，多次电话联系太康县教体局宋局长。宋局长均以正在开会为由，挂断了电话。,1
广东一卫计局副局长50余亲属冲击手术室2人被拘。官方通报继续公布广东翁源卫计局副局长家属医闹事件细节。来自韶关市公安局的通报称，翁源县卫计局副局长李烟柱的50多名亲属18日曾冲击县医院麻醉科手术室，后由县委副书记组织相关部门到现场处置才将家属劝离。目前，公安机关已将该事件立为治安案件，拘留了闹事的曾秀勤亲属2人。1广东韶关市公安局官方微博@平安韶关在10月21日凌晨发布了事件最新通报。通报称：产妇曾秀琴于2016年10月8日到翁源县人民医院打算进行剖宫产术。医院给产妇麻醉成功后，在准备对产妇手术前，医生检查产妇未闻胎心声，遂停止了剖宫手术，建议实行引产术终止妊娠。治疗3天之后，产妇曾秀琴转送粤北医院进行引产术，引产一死胎儿，曾秀琴一方认为胎儿死亡是因为翁源县人民医院麻醉手术不当造成，要求医院一方对胎儿死亡负责赔偿。在8月至17日期间，县卫计委部门成立调处工作小组积极介入调解，按医疗纠纷处置机制进行调处，并多次组织产妇亲属和医院进行了多次调解协调，未达成共识。10月18日，其亲属约50多人再次到人民医院讨说法未果，情绪冲动冲击翁源县人民医院麻醉科手术室，对医院的正常工作秩序造成了影响，18日由县委副书记组织相关部门到现场处置，曾秀琴家属被劝离人民医院。19日，该事件逐渐在媒体上发酵传播，相关转发及评论迅速飙升，引发社会各界广泛关注。通报称，事件发生后成立了县委、县政府处置协调领导小组，由县委副书记任组长，有关县委领导任副组长，全面调查整个医闹纠纷。通报还称，公安机关已将该事件立为治安案件，拘留了闹事的曾秀勤亲属2人。10月20日，澎湃新闻报道，广东省韶关市翁源县人民医院一名产妇在剖宫产分娩过程中，打完麻醉后发现胎儿死亡。在医院与产妇协调期间，产妇亲属被指曾在医院闹事，对麻醉科及当事麻醉医生进行“骚扰”。此事其后被知情者发布到网络上，并称当事产妇家属系当地卫计局副局长李烟柱。20日早上，翁源县政府网站发布公告称，10月18日，产妇亲属曾出现过激行为，影响了医院的正常医疗秩序；产妇正是翁源县卫计局副局长李烟柱的家属。10月20日18时16分，翁源县人民政府官网再次对翁源县人民医院“医闹”事件进行通报。通报称，已对亲属涉及“医闹”事件的翁源县卫计局副局长李烟柱进行停职处理，责令其配合相关调查。卫计局副局长被指医闹官方:其系死亡胎儿家属10月8日晚20点45分，产妇进入手术室准备进行剖宫产，当时的胎心监护评分为4分。她在给产妇进行麻醉后，接手的妇产科医生发现胎儿没有了胎心。雷颖回忆，从10月9日起，产妇家属开始来到医院“闹事”。她在去当地卫计局“讲经过”的时候，曾被十几人围住要解释，并受到人身威胁。据雷颖称，10月18日，产妇亲属甚至冲进手术室无菌区，现场有医生被抢手机，一名男护士挨了巴掌。雷颖说，她从来没想过家属会将矛头指向她，“硬说是麻醉打死的”。,0
这个团伙通过编造“精准扶贫”等虚假项目使大量群众受骗。：在此次“飓风2019”专项行动中，广州、韶关两地警方还联合侦破了一起涉及民族资产解冻类的系列诈骗案，共抓获犯罪嫌疑人90人。这个团伙通过编造“精准扶贫”等虚假项目，宣称缴纳一定资金便可获得国家提供的丰厚回报，致使大量群众受骗。今年年初，广东警方接到线索称，一犯罪团伙打着国家、中央旗号，利用微信、QQ等平台组建各种社交群发展下线，采取非接触式手段进行宣传推广，编造“精准扶贫”等项目进行诈骗。接到线索后，警方立即展开调查。与此同时，广州警方也接到有关该团伙的线索。经过调查，警方发现，诈骗分子采取传销式手段对群众进行洗脑，让受害人相信只需缴纳小额的资金，就可以在未来的某个特定时间，获得巨大的回报。今年2月27号到3月21号，在广东省公安厅的统一指挥下，广州、韶关市公安机关展开收网行动，打掉犯罪团伙2个，抓获犯罪嫌疑人90名，现场缴获一批手机、电脑、公章、任命书、证书等作案工具。目前，案件还在进一步审理中。,0
网约车司机月入万元成泡影如今勉强3000元。曾经收入超白领，如今心拔凉拔凉的“今年年初买的丰田雷凌，全部弄好14万，现在能卖多少钱？”“最多10万了。”“才半年时间，要亏4万？”“没办法，二手车市场就是这样的，上了牌开始就直接打8折，何况你还跑了这么多公里数。”这是一则在宁波某滴滴优步群里的对话，类似这样的对话每天出现在各大群里，不少滴滴、优步司机正在退出网络约租车市场，并且把手中的车辆卖掉。随着国庆节后各地网约车管理意见征求稿的出台，滴滴、优步平台上大量司机面临并不明朗的未来选择了退出。或许你去年天天能看到滴滴司机月入好几万的故事，但是已经成为过去式，可能再也不会出现了。去年5月，王彬8万元购置了一辆日产阳光，成为一名全职网约车司机。他从月薪5000元的快递员，一跃成为了月收入近2万元的中产。不过，好景不长，今年春节后，王彬发现，补贴在降低，收入在锐减。而今年8月份滴滴和优步合并后，奖励几乎取消。在宁波，像王彬这样的网约车司机有几万名是宁波一家本地的二手车商，最近生意特别好，特别是10万元以下的低端车销量不错。“他们很多都是跑滴滴和优步的，最近宁波新政要出台，要12万元以上的车子才能做，很多不符合条件的车主都选择卖出退出网约车。”李哲告诉说。他表示，由于是跑滴滴和优步，不少司机基本都是选择日系车，他告诉，最近一周，这类车辆的挂牌量足足翻了一倍。近8成司机表示新政后肯定退出最近一周，也在网上加了十几个滴滴、优步群，分别询问了86个网约车司机，68个司机明确表示，新政出台以后，肯定要退出网约车，占比79%。“现在车价8万元都赚不到钱，以后要12万元以上的车辆，并且保险要买出租保险，价格要贵2倍，这样算下去，可能每个月还要倒贴钱。”网约车司机王克雷向表示。他还表示，他选择退出，除了赚不到钱，而且还苦不堪言。他表示，最近一年做网约车司机以来，打破了他以前的生活方式，起早贪黑，最晚凌晨三点睡觉，一日三餐都是马马虎虎，有时候在路上开着车连急着上个厕所都得乘客同意才停一小会儿，辛劳真的无法用言语表达。很多时候根本不赚钱，比如接了起步价的单子，8元扣除滴滴平台费后，实际收入5.8元，这5.8元还不包括油费、手机费、流量费、车损费，因为滴滴派单几公里去接，天冷天热都得空调打着，然后送客人到几公里的目的地再然后空车开回，有时候到了客人见不着还得电话打几个，算下来，根本没有任何利润。不过，为了多赚一些钱，为了奖励补贴，王克雷不得不早起晚归，基本上早上7点为了拿早高峰奖励已经在路上了，一直开到晚上7点晚高峰结束。但是这期间，他养成了晚睡早起，每天只吃一顿饭喝一杯咖啡的生活状态。“为了挣钱，真的太不容易了，我发自内心的舍不得吃贵东西。”王克雷向表示。在资本刺激和补贴推动下，“月入过万”曾是不少人加入滴滴、优步等网约车大军的重要理由。由于没有足够的资金购买车辆，此前不少希望加入滴滴、优步的车主不得不通过贷款买车，每月偿还数千元的月供。而现在，断崖式递减的收入，以及即将而来的新政，让这些贷款买车的专车司机的“致富梦”化作泡影。来自河南的赵师傅做滴滴快车已快两年了，经历了滴滴从一家创业公司成长为巨无霸的过程。赵师傅告诉，他刚跑滴滴的时候，月收入超过2万，今年以来，随着司机端补贴的不断下调、满单奖励取消，现在同样是每天至少干12个小时，每月不休息一天，他抛弃成本后实际收入只有3000元。收入大幅减少，赵师傅觉得有必要寻找下一个工作了。“干这个自由惯了，实在干不下去就回老家吧。”赵师傅无奈表示。赵师傅还算做入行早，可以提前把贷款还清，而不少今年贷款买车的司机，可能今年白忙活，因为贷款买车的车价以及手续费、利息都要比市场高出不少，随着政策的改变，他们不得不选择退出这个行业，但是车贷没有还清以前，他们前期缴纳的费用等于送给了相关租赁公司。,0
云南一重污染企业屡遭举报拒不停工:我家企业特殊。云南是2016年第一批中央环保督察组督察的省份之一。7月15日，督察组开始了云南省的环保督察工作。仅仅半个月时间，中央环保督察组就接到群众对一家叫做云南先锋化工的企业高达46次的投诉和举报。11月23日，中央环境保护督察组向云南省委、省政府反馈了督察情况。又一次点了这家企业的大名，督查组指出：“个别企业环境问题群众反映强烈，云南先锋化工有限公司生产过程中的恶臭污染问题长期得不到有效解决。”云南先锋化工究竟是何方神圣，央视财经《经济半小时》进行了调查。2016年11月20号，央视财经来到云南省昆明市寻甸县金所乡工业园。当得知是来找先锋化工这个企业的时候，出租车司机直接把我们带到了先锋化工的所在地，指着窗外远处冒着灰白色浓烟的烟囱告诉我们，这就是云南先锋化工的。在距离厂区50米远的地方看到，先锋化工滚滚浓烟不断从烟囱冒出，在空中飘出数十米远，整个天空被染成了一片灰色。在街道旁边停留了一个小时，先锋化工烟囱里冒出的烟始终没有停止过。源源不断，此起彼伏。渭所村，是距离先锋化工最近的村庄，与先锋化工只有一街之隔。滚滚浓烟，让这里的村民饱受其害，不光味道刺鼻，而且有大量的黑色粉尘。村民告诉央视财经《经济半小时》，这些黑色粉尘从天空中落下来，落在农作物上，地里的麦子都死光了，绿油油的蔬菜上长满了黑斑，既不敢卖，也不敢吃。即使在距离先锋化工足足10公里远的县城，居民也时常遭受呛鼻化工气体的困扰，甚至连窗户都不敢开。在全国企业信用信息公示系统，央视财经《经济半小时》看到了这个企业的注册登记信息，云南先锋化工有限公司成立于2009年9月24日，注册资金12.5亿人民币，两大股东分别是云南解化清洁能源开发有限公司和云南省工业投资控股集团有限责任公司。先锋化工以褐煤为原料，生产甲醇、汽油、液化天然气等产品，是云南省寻甸县最大的招商引资项目。但是随着调查的深入，我们发现，这个以节能、环保、生产洁净化项目著称的企业，从试生产以来就背上了各种环境违法的坏名声，成了环保部门黑名单上的常客。2014年5月，云南省环境保护厅向先锋化工下达了《关于云南先锋化工有限公司环保问题限期整改的通知》；同时责令其停止违法行为；限于2014年7月31日完成相关整改工作；2015年6月，针对先锋化工超期试生产、违法排污的行为，云南省环境保护厅又下达了《责令改正违法行为决定书》，要求其立即停止违法排污行为；随后，云南省环境保护厅又对先锋化工进行行政处罚，罚款10万元；除了行政处罚，当地百姓对先锋化工肆无忌惮的污染行为怨声载道。在人民网地方领导留言板中，有4条内容都是关于云南先锋化工有限公司污染问题的投诉和举报；当地环保部门曾经一年接到关于先锋化工的投诉高达177次；2016年3月16日仅一天，环保部门就受理投诉107件。,0
中国银行成都蜀都大道支行扎实推进廉洁文化建设。（王军）为坚定不移地推进廉洁文化建设，2019年以来，中国银行成都蜀都大道支行通过开展丰富多彩、“廉”味十足的活动营造浓厚的廉洁文化氛围，深化“川心廉”品牌内涵，着力让廉洁文化融入员工内心，体现在同事关系以及银企交往，助力经营管理和业务发展，让“亲”“清”关系相得益彰。今年年初，该行举办了“廉”味闹元宵活动，结合传统节日进行猜廉洁灯谜、写廉洁对联活动，弘扬廉洁文化、展示员工廉洁精神风貌。在纪念五四运动100周年之际，该行与“廉洁伙伴”单位共赴雅安八步乡八步小学开展了主题为“青春携手爱心同行”的活动。通过扶贫、公益作为桥梁纽带，巩固和加深与企业的合作关系，用实际行动践行社会责任，构建清清爽爽的银企关系。近日，该行组织青年员工参与了“廉洁伙伴”单位青羊区纪委举办的心理辅导讲座，引导员工以积极健康、清新阳光的心态投入工作和生活，避免因心理问题引发违规违纪问题。目前，该行已经与7家单位签署“廉洁伙伴协议”，通过公开承诺、相互监督、交流共建，持续推进正风肃纪和业务发展。一直以来，该行党委牢固树立“四个自信”，以高度的责任感和使命担当，积极贯彻落实党中央工作部署，认真履行党风廉政建设主体责任，把廉洁文化建设作为全面从严治党的重要举措，并取得了良好成效。中国银行成都蜀都大道支行相关负责人表示，廉洁文化建设是响应中央战略布局，防范化解金融领域重大风险的一项重大工程。该行还将围绕中国银行四川省分行“灯塔领航坐标工程”部署，将廉洁文化建设推向新的高度，以“蜀一蜀二”的廉洁文化助力业务发展，为治蜀兴川服务四川经济发展贡献力量。,0
铁总证实高铁15元盒饭售完即止：提供多档次饮食。高铁上的盒饭。东方IC图针对“高铁15元盒饭售完即止”这一情况，铁路总公司宣传部工作人员向澎湃新闻证实称，1月13日，澎湃新闻以旅客身份致电12306客服热线获悉，据中央人民广播电台下属微博号@中国之声报道，中国铁路总公司运输局营运部副主任黄欣表示，这一次修订的新规范，除了餐食以外，还增加了新的内容。比如根据中国妇联要求，对于地级城市以上主要车站设置哺乳室做了详细规定。黄欣表示，对于餐食也按照实事求是的态度，不再针对某个单一餐食品种做硬性规定，而是要求针对多样化需求为旅客提供高、中、低档不同饮食产品，目前已经发展到400多个品种，中国铁路餐饮供应不但有10元以上的，还有很多10元以下的，比如饺子、包子、面包等。1月13日，中国铁路总公司宣传部工作人员向澎湃新闻再次证实了上述说法的真实性。公开资料显示，2015年1月1日开始实行的铁路旅客运输服务质量规范的餐饮经营中，明确规定高铁上供应品种多样，有高中低不同价位的预包装饮用水、盒饭等旅行饮食品，2元预包装饮用水和15元盒饭不断供。,1
外交部回应欧盟言论：望客观看待香港特区修订条例。外交部发言人耿爽在今天（13日）的例行会上就香港修例事件的最新局势回答提问。针对欧盟称香港修例损害了香港人民自由权利，耿爽表示，中方对欧盟方面的错误言论强烈不满和坚决反对。外交部发言人耿爽：香港事务纯属中国内政，任何国家、组织和个人都无权干预。中方对欧盟方面就特区修例发表不负责任的错误言论表示强烈不满和坚决反对。我们要求欧盟方面能客观公正地看待香港特区依法修例，谨言慎行，停止以任何方式来干预香港的事务、中国的内政。耿爽表示，香港特区行政长官以及有关负责官员已经就最新的事态发表了评论，指出香港金钟一带发生的情况不是和平集会，而是公然有组织地发动暴动。任何损害香港繁荣稳定的行为，都是香港主流民意所反对的，任何文明法治的社会都不会容忍破坏和平安宁、罔顾法纪的违法行为。中国中央政府强烈谴责各类的暴力行为，支持香港特区政府依法予以处理。编辑彭启航,0
"政治建警铸牢忠诚警魂。政治建警铸牢忠诚警魂政治轮训班学员深入学习习近平总书记重要讲话和全国公安工作会议精神（一）六月的北京，天清气朗。6月12日上午9时，中国人民公安大学礼堂，公安机关领导干部学习贯彻全国公安工作会议精神政治轮训班开班。此后近20天，公安部机关局级干部及直属单位主要负责同志，各省级公安机关领导班子成员，市（地、州、盟）公安局长，县（市、区、旗）公安局长，公安院校党委书记、院校长和省级公安机关政治部分管教育训练工作的副主任共计约3300人，将分期在中国人民公安大学和中国人民警察大学接受轮训，全面学习贯彻习近平总书记重要讲话和全国公安工作会议精神。不忘初心，牢记使命。国务委员、公安部党委书记、部长赵克志在开班仪式上强调，要深入学习贯彻习近平总书记在全国公安工作会议上的重要讲话精神，增强“四个意识”、坚定“四个自信”、做到“两个维护”，把学习贯彻全国公安工作会议精神作为开展“不忘初心、牢记使命”主题教育和深化“践行新使命、忠诚保大庆”实践活动的重要举措，突出政治建设、强化理论武装，抓住关键少数、抓好示范引领，努力以领导干部学在深处、干在实处、走在前列的实际行动为全警树立榜样、做好表率，不断推动全国公安工作会议精神学习贯彻工作往深里走、往心里走、往实里走，进一步把全警的思想和认识统一到党中央关于加强新时代公安工作的重大战略部署上来，把全警的智慧和力量凝聚到履行新时代职责使命、为新中国成立70周年创造安全稳定政治社会环境上来。践行新使命，忠诚保大庆。在轮训班现场聆听开班授课的全国公安厅局长和公安部机关局级干部纷纷表示，将深入学习贯彻习近平总书记重要讲话和全国公安工作会议精神，深入开展“不忘初心、牢记使命”主题教育和“践行新使命、忠诚保大庆”实践活动，不断增强“四个意识”、坚定“四个自信”、做到“两个维护”，全力推进政治建警，铸牢忠诚警魂，努力锻造一支“四个铁一般”的高素质过硬公安铁军，全力以赴投身庆祝新中国成立70周年大庆安保维稳工作。坚持党对公安工作的绝对领导习近平总书记在全国公安工作会议上强调，要从政治上建设和掌握公安机关，引导全警增强“四个意识”、坚定“四个自信”、做到“两个维护”，始终在思想上政治上行动上同党中央保持高度一致。党政军民学，东西南北中，党是领导一切的。“现场聆听赵克志部长授课，让我对习近平总书记重要讲话和全国公安工作会议精神有了更为深刻的理解与把握，对做好今后人事训练工作信心更强、底气更足、干劲更大。”公安部人事训练局局长冯延表示，将紧密结合公安人事训练工作实际，坚持服务中心、服务实战、服务基层、服务民警，大力推进公安队伍革命化正规化专业化职业化建设，着力建设一支绝对忠诚于以习近平同志为核心的党中央、党和人民满意的公安铁军，为公安机关切实履行好维护国家安全和社会稳定的职责使命提供坚强的组织和人才保证。首都公安机关肩负着保卫党中央安全、维护首都和谐稳定的重大政治责任。“这次政治轮训班，是推动学习贯彻习近平总书记重要讲话和全国公安工作会议精神往深里走、往实里做的一项有力举措。”北京市公安局常务副局长亓延军表示，首都公安将始终把对党绝对忠诚这一建警之魂融入血脉、见诸行动，毫不动摇地坚持和加强党对公安工作的绝对领导，把维护政治安全置于首要位置，做到坚定坚决、不折不扣、落实落细，把“两个维护”落实到公安工作各方面。“我们将把加强政治建警与当前公安中心工作紧密结合起来，当好天津""卫""、守牢""护城河""，全力以赴做好新中国成立70周年大庆安保维稳工作，全力打造津门公安铁军。”天津市副市长、公安局局长董家禄表示，天津公安将认真学习贯彻习近平总书记重要讲话和全国公安工作会议精神，深入开展“不忘初心、牢记使命”主题教育，把政治建警始终作为公安机关必须坚持的根本方针和长期任务。“公安姓党”是公安机关永远不变的根和魂，政治建警是公安机关永远不变的根本方针。河南省副省长、公安厅厅长舒庆表示，河南公安将坚决维护习近平总书记党中央的核心、全党的核心地位，坚决维护党中央权威和集中统一领导。“我们将坚定不移抓好科学理论武装，紧紧围绕""不忘初心、牢记使命""主题教育，强化忠诚教育，坚持不懈用习近平新时代中国特色社会主义思想武装全警头脑，永葆绝对忠诚、绝对纯洁、绝对可靠的政治本色。”舒庆说。“在全国上下深入学习贯彻全国公安工作会议精神之际，部党委举办这次大规模政治轮训，必将引领全警学习领会习近平总书记重要讲话精神达到新境界。”湖北省副省长、公安厅厅长曾欣表示，我们将以此次轮训为契机，按照公安部党委、湖北省委部署要求，把对党绝对忠诚融入血脉，深入开展“不忘初心、牢记使命”主题教育和“践行新使命、忠诚保大庆”实践活动，始终坚持党对公安工作绝对领导。“很有收获、很受启发。”聆听了赵克志部长的授课，四川省副省长、公安厅厅长叶寒冰表示，四川公安将始终把政治建警摆在首位，深入开展“不忘初心、牢记使命”主题教育和“践行新使命、忠诚保大庆”实践活动，引导全警不断增强“四个意识”、坚定“四个自信”、做到“两个维护”，矢志不渝做中国特色社会主义事业的建设者、捍卫者。坚持以人民为中心的发展理念为中国人民谋幸福，为中华民族谋复兴，是中国共产党人的初心和使命，是激励一代代中国共产党人前赴后继、英勇奋斗的根本动力。习近平总书记强调，为民服务解难题，重点是教育引导广大党员干部坚守人民立场，树立以人民为中心的发展理念，增进同人民群众的感情，自觉同人民想在一起、干在一起，着力解决群众的操心事、烦心事，以为民谋利、为民尽责的实际成效取信于民。人民公安来自人民，人民公安为了人民。“公安经侦部门将按照打好防范化解重大金融风险攻坚战行动方案、维护国家政治安全和社会稳定工作方案的部署，以新中国成立70周年大庆安保维稳工作为主线，以推进打击非法集资犯罪专项行动为重点，以更加优异的成绩向新中国成立70周年献礼。”公安部经济犯罪侦查局局长高峰表示，公安经侦部门将进一步增强“四个意识”、坚持“四个自信”、做到“两个维护”，确保将党中央、部党委各项部署落到实处。“收获很多、启发很大、理解更深。”公安部治安管理局局长李京生表示，治安系统将紧密结合开展“不忘初心、牢记使命”主题教育，深入学习贯彻习近平总书记重要讲话和全国公安工作会议精神，增强“四个意识”、坚定“四个自信”、做到“两个维护”，以创建“枫桥式公安派出所”牵引加强派出所工作，积极推出更多高质量的治安管理服务举措，深入推进治安管理大数据智能化建设应用，坚决捍卫政治安全、全力维护社会安定、切实保障人民安宁。“通过聆听授课，我更加深切地感受到了以习近平同志为核心的党中央对公安工作的高度重视和关心支持。”公安部禁毒局局长梁云说，要以开展“不忘初心、牢记使命”主题教育为动力，坚持党对禁毒工作的绝对领导、全面领导，坚持总体国家安全观和以人民为中心的发展思想，全面深化新时代禁毒人民战争，坚决遏制毒品问题发展蔓延。“我们要高举习近平新时代中国特色社会主义思想伟大旗帜，在思想上、政治上、行动上同以习近平同志为核心的党中央保持高度一致，增强""四个意识""、坚定""四个自信""、做到""两个维护""。”山西省副省长、公安厅厅长刘新云表示，山西公安将把树立理想信念作为育警铸魂、固本培元的根本，结合“不忘初心、牢记使命”主题教育和“践行新使命、忠诚保大庆”实践活动，以更加优异的成绩庆祝新中国成立70周年。“赵克志部长的授课紧扣当前公安工作新形势，让我们更加深刻地认识到了习近平总书记在全国公安工作会议上发表的重要讲话的重大意义。”山东省政府党组成员、省公安厅党委书记范华平表示，山东公安将认真组织好“不忘初心、牢记使命”主题教育，围绕群众最操心、最烦心、最需要的事找差距补短板，把维护平安、服务群众工作做细做深做实做透，切切实实提高群众的获得感、幸福感、安全感，为新中国成立70周年创造安全稳定的政治社会环境。“我们将进一步加强打防管控工作措施，进一步做优公安行政管理服务，进一步创新社会治理，力争走出一条符合超大城市特点和规律的社会治理新路子。”上海市副市长、公安局局长龚道安表示，上海公安将把学习贯彻习近平总书记重要讲话和全国公安工作会议精神与“不忘初心、牢记使命”主题教育相结合，进一步加强平安上海建设、法治上海建设、“智慧公安”建设和过硬队伍建设，努力交出一份让党和人民满意的答卷。努力打造一支高素质公安铁军习近平总书记强调，要坚持政治建警、全面从严治警，着力锻造一支有铁一般的理想信念、铁一般的责任担当、铁一般的过硬本领、铁一般的纪律作风的公安铁军。“要完成坚决捍卫政治安全、全力维护社会安定、切实保障人民安宁的新时代使命任务，必须坚持党对公安工作的绝对领导、全面领导。”公安部监所管理局局长朱守科表示，进入新时代，必须时刻牢记政治性是公安监所管理工作的第一属性，要矢志不渝加强公安监所的政治建设，深入开展“不忘初心、牢记使命”主题教育，严守党的政治纪律和政治规矩，毫不动摇地坚持党对公安监管工作的绝对领导、全面领导。“我们要用习近平新时代中国特色社会主义思想武装头脑，增强""四个意识""、坚定""四个自信""、做到""两个维护""，始终在思想上政治上行动上同以习近平同志为核心的党中央保持高度一致。”江苏省副省长、公安厅厅长刘旸表示，要坚决落实党对公安工作绝对领导，深入开展“不忘初心、牢记使命”主题教育和“践行新使命、忠诚保大庆”实践活动，落细落实全面从严治党治警制度措施，努力锻造“四个铁一般”的高素质公安铁军。“此次政治轮训班，必将掀起学习贯彻习近平总书记重要讲话精神的新高潮，推动全国公安工作会议精神落地见效。”福建省副省长、公安厅厅长田湘利表示，福建公安要深入开展“不忘初心、牢记使命”主题教育，聚焦“践行新使命、忠诚保大庆”实践活动，始终把党的绝对领导作为建警之魂，始终把履行新时代使命任务作为立警之本，大力弘扬新时代“枫桥经验”和“漳州110”精神，不断开创新时代福建公安工作新局面。“这次政治轮训班，是深入学习贯彻习近平总书记重要讲话和全国公安工作会议精神的重要举措，对于教育引导各级公安机关领导干部增强""四个意识""、坚定""四个自信""、做到""两个维护""，锻造""四个铁一般""的高素质过硬公安铁军具有十分重要的意义。”安徽省副省长、公安厅厅长李建中表示，安徽公安将进一步增强政治自觉、理论自觉、行动自觉，全力捍卫政治安全、维护社会安定、保障人民安宁，锻造江淮公安铁军。“这次政治轮训班，对进一步统一思想、凝聚共识，切实提高公安机关捍卫政治安全、维护社会安宁、保障人民安宁的能力和水平具有十分重要的意义。”广东省副省长、公安厅厅长李春生表示，广东公安将始终将政治建设置于公安工作和公安队伍建设首位，毫不动摇地坚持党对公安工作的绝对领导，深入开展“不忘初心、牢记使命”主题教育和“践行新使命、忠诚保大庆”实践活动，建立全警政治轮训制度，打牢广大民警高举旗帜、听党指挥、忠诚使命的思想根基。“赵克志部长的授课，坚持以习近平新时代中国特色社会主义思想为指导，密切联系公安工作实际，具有很强的思想性、针对性、操作性，使我们进一步加深了对全国公安工作会议精神的理解和把握。”贵州省副省长、公安厅厅长郭瑞民表示，贵州公安将不断增强“四个意识”、坚定“四个自信”、做到“两个维护”，始终坚持把学习贯彻全国公安工作会议精神与“不忘初心、牢记使命”主题教育、“践行新使命、忠诚保大庆”实践活动紧密结合起来，努力捍卫政治安全、维护社会安定、保障人民安宁。“我们将深入学习贯彻习近平总书记重要讲话和全国公安工作会议精神，坚决贯彻落实党中央治疆方略，不断加强队伍革命化正规化专业化职业化建设，全力确保新疆社会稳定和长治久安。”新疆维吾尔自治区副主席、公安厅厅长王明山表示，新疆公安将深入开展“不忘初心、牢记使命”主题教育和“践行新使命、忠诚保大庆”实践活动，确保全警切实统一思想认识、提高政治站位，确保新疆社会大局持续稳定，努力为新中国成立70周年创造安全稳定的政治社会环境。……奋进新时代，阔步新征程。大家一致表示，在以习近平同志为核心的党中央坚强领导下，全国公安机关坚持以习近平新时代中国特色社会主义思想为指导，全面贯彻落实习近平总书记重要讲话和全国公安工作会议精神，必将汇聚起磅礴力量，为新中国成立70周年大庆创造安全稳定的政治社会环境。",0
第三届汉藏双语移动应用程序征集评选启动。光明网北京6月13日电（李政葳）由国家互联网信息办公室移动网络管理局、青海省网信办、四川省网信办指导，中国网络社会组织联合会主办，四川宓禾改革发展的新成果，推动藏区更加繁荣和谐稳定。中国网络社会组织联合会秘书长赵晖表示，本次活动以“共通共融，促进汉藏文化深度融合”“共建共享，搭建汉藏移动互联平台”“交流合作，推动汉藏信息化建设携手共进”为主旨，以移动应用程序、小程序为征集对象，充分挖掘教育、医疗、通讯、旅游、电商等多领域汉藏双语移动应用需求。征集活动将牢牢抓住“移动优先”策略，以藏区群众工作生活的需求为出发点，邀请藏语言、互联网技术、投资运营等领域权威专家作为评审专家，在深入调研、充分论证的基础上，按照内容导向正确、正能量强劲、实用性强、运营水平高、涉藏内容丰富、社会参与度高等标准，征选出信息资讯、生活服务、休闲益智、应用工具等4大类20款优秀作品，给予流量、宣传、技术指导等方面支持。据了解，汉藏双语移动应用程序征集评选活动自2017年第一届举办以来，搭建起汉藏移动互联平台，更好地促进了汉藏经济文化共通共融，藏区群众也在移动互联网的快速发展下不断得到获得感、幸福感。本届征集活动以融合发展、注重落地转化效果为核心，致力于让网络红利惠及更多藏区群众。启动仪式上，第三届优秀汉藏双语移动应用程序征选活动报名通道也正式开启。,0
河北科大:已有机构运用韩春雨技术实现基因编辑。[河北科技大学就韩春雨实验结果受质疑作出书面回应称：已有机构用韩春雨团队技术实现基因编辑具体信息会适时向社会公布]针对一些国内外实验室提出无法重复韩春雨NgAgo技术实验结果一事，10月14日，河北科技大学向媒体提供一份题为《关于舆论质疑韩春雨成果情况的回应》的书面材料。全文如下：感谢社会各界对河北科技大学的关心、支持和爱护！2016年5月2日，我校教师韩春雨副教授作为通讯在国际期刊《自然•生物技术》,0
"河北一环境监测点被""保护"":阻大货车通行洒水降尘。石家庄学府路和柳荫街交口附近设有路障。近日，据石家庄媒体报道，石家庄市五七路街道办事处雇保安在学府路附近对过往大货车进行拦阻。据悉，拦车的目的是因为该路段上有一个大气环境监测站，为了大气环境监测数据“好看”，所以禁止大货车通过。当地媒体的电视画面显示，在石家庄学府路和柳荫街交口附近设有路障，路障中间仅留出大概两辆车通过的距离，旁边立着一块写有“禁止一切货运车辆通过”的警示牌。这些拦截车辆的人员穿着保安服，时不时地拦停驶过来的大货车，对大货车司机说，这条路不能过。据了解，这些拦截车辆的人员并不是当地的路政部门工作人员，也不是当地的交通警察，而是由这条路所属辖区的五七路街道办事处找来的保安。一名保安说，他们并没有执法权，查车是承包来的活。除了这处查车点外，从这里向西一直到3公里外的体育北大街交口还有一处查车点。他们要做的就是阻止一切大货车从这两点之间的学府路通过。据该保安介绍，因为这条路有一个大气环境监测站，所以要拦车，禁止一切大货车通过。据了解，保安口中所说的大气环境监测站位于河北经贸大学校内。对此，多数河北经贸大学的学生并不知道校内有这个监测站，只知道河北经贸大学院内经常出现洒水车，路面也常常是“湿漉漉”的状态。河北经贸大学的小田告诉北青报，这个监测站应该是在“一教”的教学楼后面，看上去像一片空地的地方，大家也是猜测了很久才知道是干什么的。其实，大多数的同学并不清楚学校有个大气环境监测站。这个监测站附近有很多树，校园内会有洒水车洒水，路面经常湿漉漉的。在河北经贸学院校内进行作业洒水车工作人员对当地媒体说，他是环保部门派来的，因为校园内有个大气环境监测站，所以要进行洒水。昨天，河北经贸大学宣传部的工作人员告诉北青报，学校校内确实有一个大气环境监测站，也经常有洒水车在校内洒水，但应该是学校环境的日常管理，是否与大气环境监测站的数据收集有关，这位工作人员表示并不知情。五七路街道办事处工作人员在接受当地媒体采访时称，设置查车点的原因主要是为了防止环境污染，具体的他也不是很清楚，负责的领导没在。北青报与石家庄市环境保护局取得联系，宣传部门的工作人员说，这件事不归他们管，需要联系市委宣传部。截至发稿前为止，石家庄市委宣传部并未对此事予以答复。为提高重污染天气应对水平，实现京津冀区域内重污染天气应对行动统一，天津市日前对该市《重污染天气应急预案》进行了修订，这是2013年天津重污染天气应急预案发布以来的第三次修订。注意到，此次预案主要对预警分级、启动条件进行了修改和完善。如新预案规定，当空气质量指数超过200发布四级蓝色预警、AQI持续2天超过200发布三级黄色预警。天津市环境应急与事故调查中心主任张凯说，新预案大大降低了重污染天气预警启动的条件，在预警分级标准上实现了京津冀及周边地区的统一。张凯告诉，对比原预案，新预案在应急措施上加严了扬尘、工业企业及机动车措施。如在控尘方面，启动三级预警及以上级别时，在原预案中停止工程渣土运输基础上，明确了建筑垃圾和渣土运输车、砂石运输车辆禁止上路行驶；同时增加了停止户外喷涂、粉刷、切割、护坡喷浆作业。自2013年10月发布重污染天气应急预案以来，截至目前，天津共启动应急响应41次，其中2013年2次、2014年7次、2015年19次、2016年13次。张凯说，通过启动应急响应，有效减轻了环境空气污染程度，缩短了污染时间。据新华社。",0
客服称暂不能退Note7央视发问:三星为何有恃无恐。2016年10月11日，三星公司宣布召回在中国大陆地区销售的全部Note7手机，从一个多月前到现在，三星在全球召回爆炸手机但不包括中国，在全球停止销售爆炸手机但又不包括中国，这种区别对待的政策引发了中国消费者的强烈质疑，在巨大的舆论压力下，三星终于宣布在中国市场展开召回行动。三星中国公司的最新声明表示：对于给中国消费者带来的不便再次表示真诚的歉意三星电子坚守“做中国人民喜爱的企业贡献于中国社会的企业”的承诺秉持质量和服务第一的信念为中国消费者带来最佳的产品和体验。中国古话说，听其言，观其行。三星在中国市场的召回行动中，是否真正表现出了道歉声明中所承诺的“为中国消费者带来最佳的产品和体验”呢？今天《消费主张》派出多路，对三星公司在中国市场的召回行动进行了体验。三星Note7依然有售10月12日一大早，《消费主张》在方仕通科技广场看到一个仍然在售卖三星Note7手机的商家，销售人员非常肯定地告诉，销售人员：5400元，咱这不是批发价嘛，外面卖6000多元呢。几分钟后，销售人员拿来了一台三星Note7手机，并且坚称没有接到相关通知。销售人员：国外召回，你看一下新闻。三星客服：目前没有细则，无法退换10月12日上午，我们的另一路来到了位于北京望京SOHO二层的三星服务中心。当向工作人员咨询已经购买的Note7手机该如何退换时，工作人员回答：你先打400问一下，问完我们再给你答复。,0
公安部破获特大侵犯公民个人信息案抓获201嫌疑人。新华社北京10月9日消息，9日从公安部获悉，为有效打击侵犯公民个人信息犯罪活动，经半年多的缜密侦查，公安部近期组织辽宁、四川等25个省区市公安机关对一起特大侵犯公民个人信息案开展集中收网行动，共抓获犯罪嫌疑人201名，成功铲除42个信息泄露源头，摧毁了9个涉案地域广、涉案人员多、信息数量、种类及涉案金额大的侵犯公民个人信息犯罪团伙。2015年11月以来，辽宁省公安机关在侦办一起侵犯公民个人信息案件中，发现了大量涉及全国各地的贩卖公民个人信息犯罪的线索。公安部对此高度重视，立即成立专案组，组织部署各地循线追踪，深入开展侦查工作，并逐渐摸清了犯罪团伙的组织架构和人员组成。在前期缜密侦查的基础上，公安部于近期统一组织辽宁、四川等25个省、区、市公安机关开展了集中抓捕行动，成功侦破该特大侵犯公民个人信息案。经初步查明，涉及该案的侵犯公民个人信息犯罪团伙均由信息泄露源头、二级代理商、下游代理商和客户多个层级组成，各团伙既独立形成上下线，又相互交叉，形成联系密切的犯罪集团，信息泄露源头相对独立，但同时为多个信息贩卖代理商提供信息，代理商通过建立微信群、QQ群买卖信息。例如，犯罪嫌疑人张某某等人通过微信从江西省赣州市某银行员工徐某某及上海市某信息服务有限公司员工陈某等人手中购买银行账户、手机定位等信息1万余条，加价倒卖，非法获利10万余元。该案涉及的公民个人信息种类繁多，涉及银行信息、民航信息、上网信息、快递信息等10余种个人信息，衍生电信网络诈骗、敲诈勒索等多种下游犯罪，危害十分严重。经对上述查获的公民个人信息进行比对，发现有19名持机人曾遭受电信网络诈骗，涉案金额870万元。再如，犯罪嫌疑人夏某某于2015年9月至2016年5月期间，多次从某侵犯公民个人信息犯罪团伙手法获取公民信息，用于非法追讨债务等违法犯罪活动，获利12万元。犯罪嫌疑人韩某某于2015年成立“商务调查公司”，从犯罪团伙购买大量公民个人信息，用于实施“找人、婚外情取证”等违法犯罪活动。公安部有关负责人表示，近年来，侵犯公民个人信息犯罪持续多发高发，诱发大量电信网络诈骗、敲诈勒索等下游犯罪，严重侵害群众利益，严重影响群众安全感，广大群众对此反响十分强烈。公安部对此高度重视，将持续保持对此类犯罪的严打高压态势，全链条打击涉案的违法犯罪人员，最大限度遏制侵犯公民个人信息犯罪活动，不断提高群众安全感，坚决保障群众合法权益。,0
李国祥任济南新旧动能转换先行区管委会主任，宋卫东卸任。李国祥资料图据济南新旧动能转换先行区管理委员会官网信息显示，6月9日上午10：00，先行区党工委副书记、管委会主任李国祥带队做客电视直播问政节目《作风监督面对面》。节目结束后，针对群众反映的相关问题，先行区立即采取行动。这意味着，李国祥已经接替宋卫东，出任济南新旧动能转换先行区党工委副书记、管委会主任。李国祥此前担任济南城市建设集团董事长、党委书记。济南城市建设集团成立于2017年6月2日，作为济南市六大市级投融资平台之一，是经济南市政府批准组建的国有独资公司，注册资本450亿元。截至目前，集团总资产1800多亿元，人员4600多人。此前，济南新旧动能转换先行区党工委副书记、管委会主任由宋卫东担任。据济南新旧动能转换先行区管理委员会官网信息显示，5月15日-16日，市委改革办专职副主任谢金岭一行赴先行区开展为期两天的专题调研。15日上午，先行区党工委副书记、管委会主任宋卫东带领相关人员首先与调研组进行深入交流。2017年5月，济南市新设立济南新旧动能转换先行区管理委员会（筹）。位于章丘区的明水经济技术开发区管理委员会加挂济南新旧动能转换先行区管理委员会（筹）牌子，实行“一个机构两块牌子”的管理体制，仍为市政府派出机构，规格由正处级调整为正局级。2018年6月，济南市机构编制委员会发文称，为适应工作需要，经研究并报省编办批准，明水经济技术开发区管理委员会加挂的“济南新旧动能转换先行区管理委员会（筹）”牌子更名为“济南新旧动能转换先行区管理委员会”。,0
中国清洁能源示范省青海发布首份《能源发展报告》。中新社西宁6月13日电(孙睿)《青海能源发展报告2018》(以下称《报告》)13日在青海省西宁市发布，这也是中国清洁能源示范省青海发布的首份《能源发展报告》。资料图：太阳能光伏板。中新社张兴龙摄青海省地处青藏高原东北部，水电资源丰富，太阳能资源得天独厚，风资源居全国前列，可用于光伏、风电建设的荒漠化土地资源丰富，是中国重要的能源接续基地。2018年，中国官方批复青海创建国家清洁能源示苑省。目前，青海省可再生能源装机占比、发电量占比、消纳占比居全国前列，能源发展成果丰硕。青海省发改委副主任、省能源局局长车军平介绍，该《报告》分能源综合、能源消费、能源供应、能源技术、能源政策和行动展望六个篇章，力求更好地从总体上把握青海省能源发展主脉络。《报告》显示，截至2018年底，青海可再生能源装机、发电量占比分别达到86.5%和86.2%，居全国前列。新能源装机达到1229万千瓦，首次超过水电装机，其中集中式光伏装机956万千瓦，居全国第一。同时，新能源大数据平台，光伏领跑者基地、多能互补基地、槽式光热电站、光伏发电实证试验基地等一批示范项目投入运行，有效带动了清洁能源快速发展。车军平说，2019年，青海将继续以新能源规模化开发为重点，以清洁能源示范使用为目标，以智能电网建设为保障，大力推进清洁能源产业优化升级，积极打造青海“电力特区”，加快能源生产方式和消费模式变革。(完),0
张献忠沉银遗址盗掘案：70人被抓涉案3亿元。“张献忠沉银”遭盗掘涉案金额3亿元江口沉银遗址附近发现的碎银。民间一直盛传，在四川眉山江口镇的岷江河道内，明末大西军领袖张献忠在逃亡时曾将千船金银沉于江底。最近，此事被嗅觉灵敏的文物盗贼用行动证实，70名文物盗贼蜂拥而至，利用专业水下工具在夜间潜入江底疯狂盗掘，果真挖出包括张献忠大元帅金印的珍贵文物上千件。今日，上游新闻从公安部获悉，在公安部直接组织指挥下，四川省公安机关经过近两年的缜密侦查，近日一举破获公安部挂牌督办的四川眉山特大盗掘古文化遗址倒卖文物案，打掉盗掘文物犯罪团伙10个，破获盗掘古文化遗址、倒卖文物案件328起，抓获犯罪嫌疑人70名，追回各类文物千余件，其中一级文物8件、二级文物38件，三级文物54件，涉案文物交易金额达3亿元。2014年初，四川省眉山市公安机关在工作中发现，江口镇岷江河道附近有人利用专业设备，夜间潜入“江口沉银遗址”河道区域盗挖，并将盗取的文物卖给文物贩子获取暴利。眉山市公安机关立即抽调精干警力组成专案组进行侦办。经过一段时间的细致侦查和摸排，专案组初步查明此案涉及多个盗掘、倒卖文物犯罪团伙，他们大肆盗掘“江口沉银遗址”文物，并进行倒卖，涉及全国10多个省市。彭山江口出土的银锭。案情上报后，公安部高度重视，将此案列为部督案件，并多次听取案件情况汇报，研究确定工作方案，全程指挥案件侦破工作，同时派员赴四川省眉山市指导案件调查、取证和侦办工作。从2015年4月开始，在公安部直接指挥下，四川省公安机关先后投入精干警力3000余人次，辗转10多个省市，行程10余万公里，进行多轮收网行动，共抓获犯罪嫌疑人70名，追回了“虎钮永昌大元帅金印”等一大批国家珍贵文物，狠狠地打击了文物犯罪分子的嚣张气焰，有力地保护了国家文物安全。江口沉银遗址附近发现的部分散碎银制品。2015年6月25日，彭山区检察院官网刊登了一则消息——《彭山检察院主动介入张献忠稀世宝藏被盗掘案》。文章显示，2015年5月5日，彭山区人民检察院侦监科主动提前介入彭山区公安局侦办的盗掘“江口沉银——张献忠沉宝遗址”重大案件。从检察院方面也透露出此案更多细节。该案系多个团伙作案，涉案人员众多。作案时间从2011年至2015年4月，长达4年之久;涉案文物据专家初步估计，一级以上珍贵文物有多件，其中有金狮、金印、金册子等，其价值估计过亿。其中主要涉案人员有彭山人王某、何某某涉嫌盗掘古文化遗址罪。湖北人袁某某、成都人杜某某涉嫌倒卖文物罪。至此，张献忠沉宝在彭山区境内这一考古谜团终于逐渐浮出水面。公安部有关负责人表示，近年来，文物犯罪日趋专业化、智能化、隐蔽化，作案手段和犯罪工具不断升级，给文物保护工作和公安机关侦查破案带来诸多困难。公安机关将积极创新打法，转变侦查方式，始终保持对文物犯罪的高压严打态势，全力遏制文物犯罪活动的多发势头。同时，会同文物管理部门不断完善打击和防范文物犯罪联合长效工作机制，加强协作配合，打防管控多管齐下，提高群众文物保护意识，切实保护国家文物安全。“江口沉银遗址”位于四川眉山市彭山区江口镇的岷江河道内，2010年被公布为眉山市级文物保护单位，分布面积100万平方米，清代以来的文献中多记载明末大西军领袖张献忠曾沉银于此。当地民间也一直流传一首古老的民谣：“石龙对石虎，金银万万五，谁人识得破，买到成都府”。张献忠是历史上的明末农民军领袖，与李自成齐名。其曾在成都建立大西政权，年号大顺。史学界对张献忠“江口沉银”的记载一直存有争议。明清两代所著的史料中确有张献忠千船沉银的记载。南明建昌卫掌印都司俞忠良在其所著《流贼张献忠祸蜀记》中说：“隆武二年丙戌九月十六日，副总兵曹勋率建南兵克邛州，距成都仅两日行程。献忠离成都，率贼营男妇百余万操舟数千蔽岷江而下。都督杨展起兵逆击之，战于彭山之江口，展身先士卒遣小舸载火器以攻贼舟，风大作，舟火，士卒鼓勇，皆殊死战，贼败。贼舟首尾相衔，骤不能退，风烈火猛，势若燎原。官兵枪铳弩矢百道俱发，贼舟多焚，所掠金玉珠宝及银鞘数千万，悉沉江底。群贼登岸走，旋奔川北，杨展率部追之。献忠虑各营家眷众多，不能急行，此皆历年抢掠而来，乃集众贼将共议，饬令将妇女尽杀之，献忠亦杀其妃嫔数百，死者数十万。献忠犹未已，恐川兵反，行次顺庆界。大阅，尽杀川兵，不留一卒。仅有都督刘进忠者一营，久自川北遁去，入秦降于虏。”《蜀碧》记载：“(张)献忠闻(杨)展兵势甚盛，大惧，率兵10数万，装金宝数千艘，顺流东下，与展决战。”相传1646年，清军入川，张献忠“携历年所抢”的千船金银财宝率部向川西突围。但转移途中猝遇地主武装杨展，张献忠的运宝船队大败，千船金银沉入江底，张献忠只带少数亲军突围成功。《蜀难纪实》中对沉银有更多细节的记载：“张献忠部队从水路出川时，由于银两太多，木船载不下，于是张献忠命令工匠做了许多木头的夹槽，把银锭放在里面，让其漂流而下，打算在江流狭窄的地段再打捞上来。但后来部队遭到阻击，江船阻塞江道，所以大部分银两沉入江中。”2015年12月，中国文物考古专家基本确认彭山“江口沉银遗址”，为张献忠沉银中心区域之一。(上游新闻-重庆晨报范永松),0
生源明争暗夺河南淅川二高签合同包上一本否则巨额赔款。中国青年网南阳6月12日电（任洁）6月11日，河南省淅川县第二高级中学发布通告称，全县前2300名优秀学生，学校将开展合同制培养计划，保证孩子三年后高考在一本以上，否则巨额赔款。消息一出，立即引起热议。淅川县第二高级中学合同制培养计划告知内容。资料图公告显示，淅川县第二高级中学针对全县前2300名优秀学生开展合同制培养计划，第一志愿空着不填，直接报第二志愿淅川二高，将编入宏志班，不仅三年免学费，每年还有两千元以上奖学金、助学金。英语底子太差还可以改学日语，日语好学易考，培养合同保证孩子三年以后高考一定在一本以上，否则巨额赔款。淅川县第二高级中学优秀学生培养合同。资料图看到，发布的消息中还有一份淅川县第二高级中学优秀学生培养合同，合同内容显示：中招成绩在县前2300名不填报第一批志愿学校，直接填报第二批志愿学校淅川二高并来该校就读的学生，编入宏志班，免除三年学费，家庭贫困学生享受国家助学金每人每年2000元和高额奖学金，家庭特别困难的可安排学生家长在校内就业，方便照顾学生读书。其中，中招成绩在县前500名的，三年后高考成绩未能入“985”院校最低录取线的，学校一次性赔偿伍万元；中招成绩在县501-1000名的，三年后高考成绩未能进入“211”院校最低录取线的，学校一次性赔偿叁万元；中招成绩在县1001-2300名的，三年后高考成绩未能进入一本线的，学校一次性赔偿壹万元。若三年后考上清华北大，学校承诺将动员各种社会力量资助学生叁抬万元，考上人大、浙大、科大、交大，武大等名牌院校，将资助拾万元。以上学生另外将获资助一台平板电脑，一部名牌手机，供上大学使用。消息是否真、是否经过教育主管部门审批及经费的采访了淅川县第二高级中学副校长王庚。王庚回应说：“这是我们昨天发布的，主要是表示我们学校培养优秀学生的决心、能力和实力。”王庚说，“经费的问题，学校也没有专项的资金。对这个事情，我们班子会做了一个评估，根据我们现有的教学成绩和教学思路，感觉赔偿的额度不会太大，这部分费用，我们打算向社会和校友筹集。根据我们学校情况，完不成一本以上可能性很小，我们有这个实力。”当问及是否经过教育主管部门审批时，王庚称：“这个事情他不太清楚。刚接到办公室通知，先让暂停，县里对这件事情正在进行讨论，还在研究。”王庚表示，目前，学生家长咨询的比较多，但现在还没有签过一份合同。后续情况，将持续关注。爆料请拨打中国青年网新闻采编中心热线010-56937112、010-57380667或发送至邮箱news@youth.cn、qwxwzx@163.com。倾听青年心声，关注青年权益，我们24小时在线。新闻中心新浪官方微博。,0
1至5月我国生产安全事故发生起数、死亡人数同比“双下降”。叶昊鸣）应急管理部副部长孙华山在13日召开的国新办发布会上表示，今年1至5月，全国发生各类生产安全事故1.5万余起、死亡1万余人，同比分别下降16%和18.1%。据孙华山介绍，12个重点统计行业领域中，煤矿、烟花爆竹、工贸、建筑业、道路运输、铁路运输、水上运输、渔业船舶、农业机械等9个行业领域实现事故起数和死亡人数“双下降”。32个省级统计单位中有30个事故起数和死亡人数“双下降”，25个未发生重特大事故，大部分地区安全生产形势稳定。“当前安全生产形势依然严峻复杂，今年以来化工、煤矿、金属非金属矿山、建筑施工发生多起重大事故。”孙华山说，特别是江苏响水天嘉宜化工有限公司“3·21”特别重大爆炸事故，给人民群众生命财产安全造成重大损失，暴露出安全生产基础性、源头性、瓶颈性问题突出，反映出一些地区和企业安全发展理念不牢、抓安全生产不严不实、防范措施不到位、监管执法能力不足等问题。应急管理部为此组织8个组深入基层开展调查研究，组织对14个省级单位、34个化工园区、94家化工企业进行明查暗访，推动各地深刻吸取教训，强化改进措施。谈到下一步工作重点，孙华山表示，将抓住正反两方面典型，教育和引导各地区、各部门和企业，树牢安全发展理念；进一步强化地方党委政府的领导责任、部门的监管责任和企业的主体责任；持续开展煤矿、非煤矿山、消防专项执法检查，协调相关部门深化交通运输、建筑施工等行业专项治理；加快推动高危行业领域重点岗位和危险工序智能化、自动化、信息化改造，年底前建成重大危险源企业在线监测和远程监控系统；针对暑期汛期灾害事故多发情况，严格落实24小时在岗值守和信息报告制度，国家综合性消防救援队伍和矿山、危化品等安全生产专业救援队伍时刻保持战备状态，出现险情第一时间出动、第一时间处置等。（完）,0
全承诺　无审批　拿地即可开工。全承诺无审批拿地即可开工山西晚报讯（陈一彬）“全承诺、无审批、拿地即开工”，山西承诺制改革试点取得重大突破……6月11日，省政府新闻办召开新闻发布会，省发改委主任姜四清对《山西省深化企业投资项目承诺制改革行动方案》（以下简称《方案》）进行了全文解读。姜四清介绍，《方案》是省委省政府创新提出的全面系统的改革思路，可以概括为“1234”，即：聚焦一个目标、把握两个关键、推动三方分责、加快四个转变，积极构建以企业信用承诺为核心的企业投资管理新模式。今后，山西将以群众立场、群众观念为出发点，以企业为中心，以落实企业投资主体地位为目标，着力破解企业投资项目报建审批事项多、耗时长、落地难等问题。强调以增强企业获得感为导向，以提升改革实效为重点，提高政府服务水平，强化信用有效约束，努力打造全国一流的投资环境；提出了省级以上开发区纳入年度计划的建设用地政府统一服务事项完成率100%，承诺制方式办理率达到100%，全省政务一张网并联办理、信息共享程度100%等“三个百分之百”的量化目标，确保改革任务可考核可问效；以企业关心的突出问题为切入点，在拓展改革事项范围、加大开发区改革力度、提升办理效率等方面，明确了十项重点任务；提出加强组织领导、制度支撑、督促检查、指导培训、考核评估等五项保障措施；把开发区内企业关注度高的施工许可证核发、工业项目建设工程规划许可证列入企业承诺事项，一般工业项目能够实现“全承诺、无审批、拿地即可开工”。姜四清表示，《方案》是我省持续领跑全国企业投资管理制度改革的施工图。,0
湖北破获特大侵犯公民个人信息案6亿条牟利千万元。警方抓获一名犯罪嫌疑人黄和平摄警方收缴的作案工具及现金黄和平摄团伙作案场所黄和平摄中新网宜昌12月12日电(古军黄和平李智钰杜立冬)先利用黑客侵入网站服务器盗取公民个人信息，再以几毛至5元每条的价格卖给下线，然后再层层转卖获取暴利。湖北当阳市公安局12日通报称，警方已抓获11名犯罪嫌疑人，冻结涉案资金400余万元。今年5月16日，当阳市公安局玉阳派出所接到市民举报称：租住在玉阳辖区某单位院内的女子田某疑似在家从事诈骗活动。民警立即赶到田某家进行检查，发现田某家中雇佣了三名年轻女子，通过电话的方式联系全国各地的股民，进行信息咨询业务。经初步询问，田某交代其自2015年9月至案发，多次在互联网上通过QQ联系涂某、吴某等出售公民个人信息的人，利用银行卡、支付宝转账，每次以300元至700元不等的价格，购买公民个人信息，这些信息包括姓名、手机号码、身份证号等，总计购买约93000余条公民个人信息，然后，向这些人群打电话推荐股票，非法获利万余元。田某的行为已涉嫌侵犯公民个人信息犯罪，当阳警方立即抽调精干力量组成专班积极开展工作。通过田某购买公民个人信息的交易记录，警方发现，田某不过是最底层的犯罪嫌疑人，其众多上线——四川成都籍男子涂某和贵州籍男子吴某等人也一一暴露。顺藤摸瓜，专班民警通过4个多月的摸排、侦查工作，辗转5省市，先后在当阳城区、四川成都、云南昆明、福建福州、浙江杭州、上海等地抓获犯罪嫌疑人共计11名。2016年10月下旬，随着最后一名团伙成员落网，这个非法买卖公民个人信息犯罪团伙被捣毁。据办案民警介绍，该案揪出一名“黑客”林某，抓获一名身负特大电信诈骗案的逃犯李某，扣押一大批涉案手机、笔记本电脑、U盘、电脑硬盘、银行卡等。警方初步查明，田某等11名犯罪嫌疑人通过非法买卖公民个人信息牟利高达1000余万元，依法冻结涉案资金450余万元并查扣两台涉案车辆，从犯罪嫌疑人涉案电子产品中提取非法存储的公民个人信息高达6亿多条。目前，11名犯罪嫌疑人已被刑事拘留，该案正在进一步侦办中。,0
广州地铁去年营收90亿9条线路已开建。南都讯钟丽婷昨日，广州地铁最新发布了《广州地铁2018年年度报告》(以下简称《报告》)，报告显示，广州地铁去年营业收入为90.83亿元，主要收入来自地铁运营49.94亿元，约占总收入50%，另外有一些物业开发、资源经营等业务产生收入。广州地铁去年净利润1.84亿元，同时获得17.3亿元的政府补贴，其中票价补贴为12.72亿元。2017和2016年获得的补贴分别为19.84亿和42.29亿元。广州地铁运能利用度排名世界第一2018年，广州地铁全年完成投资总额达768亿元，较2017年翻两番，再创历史新高；公司资产规模突破3100亿元，整体营收达109亿元，经营保持良性增长。去年，广州强力推进新线建设。顺利实现三号线东延段、五号线东延段、七号线二期、十号线、十二号线及十四号线二期等6条(段)110公里新线同步开工，拉开新一轮城市轨道交通建设序幕。同时，顺利开通三号线机场南至机场北段、十四号线一期、二十一号线镇龙西至增城广场段、广佛线燕岗至沥滘段等4条(段)新线，地铁线网运营总里程达478公里，覆盖广州11个区，实现“区区通地铁”。运营服务方面，全年安全运送乘客30.26亿人次，日均客运量达829万人次，占全市公交客运出行比例超过51%。根据国际地铁协会(CoMET)2017年数据，广州地铁10年平均伤亡率最低、车站犯罪率最低，运能利用度排名世界第一。去年广州地铁加速物业开发，成功竞得萝岗、陈头岗、白云湖等3个地块。携手黄埔区、番禺区等属地政府和区属国企开展连片收储，引入越秀集团、新世界等地产标杆企业，合作开发官湖车辆段上盖、汉溪长隆地块。2023年运营里程将超800公里《报告》指出，根据广州市轨道交通线网规划，广州市远期共规划有23条城市轨道交通线路，全长约为1025公里，主要结构为“环+放射”。广州地铁目前正积极配合市规划和自然资源局结合粤港澳大湾区发展规划和新的城市空间规划编制工作，开展新一轮线网规划修编。根据国家发改委批复的广州市城市轨道交通第三期建设规划(2018-2023年)，广州地铁编制完成了已批复各线路工程可行性研究报告，其中十八号线、二十二号线和十三号线二期可研报告已于2017年获得省、市发展改革委批复，十号线、十二号线、十四号线二期、七号线二期、五号线东延段、三号线东延段可研报告已于2018年3月前获得市发展改革委批复。上述9条线路目前均已开工建设，预计至2023年，广州地铁运营里程将超过800公里。另外，广州地铁正配合市发展改革委按照国务院办公厅2018年7月印发的《关于进一步加强城市轨道交通规划建设管理的意见》(国办发〔2018〕52号)要求，开展第三期建设规划调整方案研究工作。钟丽婷,0
国开行在上合国家贷款余额已近500亿美元。许晟）13日从国家开发银行获悉，截至一季度末，国开行在上合组织成员国、观察员国、对话伙伴国已有项目合作贷款余额496亿美元，累计对上合组织银联体成员行、伙伴行发放贷款87亿美元、人民币贷款100亿元。其中，吉尔吉斯斯坦、塔吉克斯坦都与国开行开展了许多国际合作业务。截至2018年末，国开行在吉尔吉斯斯坦累计承诺项目21个，累计发放外汇贷款5.97亿美元和境外人民币贷款3744.33万元，贷款余额3.5亿美元，涵盖矿产、电信、石化、农业、中小企业等领域。截至2018年末，国开行在塔吉克斯坦累计承诺项目23个，累计发放外汇贷款5.05亿美元和境外人民币贷款0.11亿元，贷款余额1.74亿美元，涉及电信、水泥、电力、矿产、农业、中小企业等领域。国开行在上合国家开展的各项合作对当地经济社会发展、双边经贸往来，以及中资企业“走出去”都起到了积极促进作用。（完）,0
报告显示:中国快递包装1年用胶带可绕赤道425圈。新华社北京10月20日电按照平均每单快件使用1米长胶带计算，2015年全国快递业所使用的胶带总长度为169．85亿米，可以绕地球赤道425圈。国家邮政局20日发布《快递领域绿色包装发展现状及趋势报告》显示，我国快递包装年耗材量惊人。根据报告统计，2015年，我国快递业共消耗快递运单约207亿枚、编织袋约31亿条、塑料袋约82．68亿个、封套约31．05亿个、包装箱约99．22亿个、胶带约169．85亿米、内部缓冲物约29．77亿个。目前我国快递业的包装主要集中在快递运单、编织袋、塑料袋、封套、包装箱、胶带以及内部缓冲物7大类，并面临行业标准待规范、生产耗能待控制、设计使用待减量、劣质包装待杜绝等问题。该报告指出，决定快递包装保护作用大小的是包装箱质量和内部缓冲材料，而非外面的胶带。据国家邮政局统计，今年前3个季度，快递业务总量为211亿件，同比增长54％；业务收入为2700多亿元，同比增长44％，增幅比去年同期增长了10．8个百分点。国家邮政局副局长王梅说，随着我国快递业务量迅速攀升，电商快递包装生产使用中的环境污染越来越严重。国家邮政局已经印发了推进快递业绿色包装工作实施方案，将统筹规划快递业绿色包装工作，提高快件包装领域资源利用效率，降低包装耗用量，减少环境污染。,0
业内人士揭校园贷操作内幕：有些机构打擦边球。如果本着良好的初衷出发，校园网贷应该帮助学生解决实际困难，实现更多自我价值，弥补学生金融服务领域的空缺。但有的机构初衷就有问题，采用一些夸张甚至是虚假的宣传去诱导学生。目前，校园网贷基本上没有准入门槛、标准，一些地方下发的相关文件可操作性几乎为零，各地各自为战，应该全国统一起来，推进校园网贷规范化发展。今年以来，围绕校园网贷风波不断。不久前，湖南一所大学大四学生黄某利用十多名大学生个人信息网贷，贷款50余万元，此事引起社会广泛关注。针对校园网贷现象，教育部近日发出通知，要求各地各高校要利用秋季开学一段时间，面向学生特别是大学新生集中开展校园网贷风险防范专项教育。除了风险防范教育，还有什么办法治理校园网贷？就此，采访了相关业内人士，从多个方面进行解析。随着互联网金融的迅速发展，校园网贷已经日益融入校园生活。张成是北京一所高校的学生，他告诉，“网贷行业对于学生们来说比较陌生，我也看到过不少可以提供网上借贷网站的广告和宣传语，不过一直没有尝试。后来有一段时间想换个笔记本电脑，于是就想到使用校园网贷”。张成说，校园网贷办理过程很简单，拿着身份证然后填上个人信息就可以借到钱。“我当时都没想到这么快就能借到钱，后来经过仔细计算发现，校园网贷的成本还是比较高”。和张成一样，北京高校学生陈辰也是在接触到一些广告和宣传语之后开始考虑校园网贷的。“当时各种各样的校园网贷在学校的广告和宣传语很多，可以用铺天盖地来形容，都说得天花乱坠。光看广告和宣传语就挺让人动心的，有的网站还承诺只要注册就送钱。”陈辰说，“当时我想换一台新的相机，还差一点钱，于是就使用了校园网贷。我觉得，如果想要买某个东西或者说进行某项消费的心理特别强烈的话，可以考虑校园网贷，但必须要按时还，否则就会产生很高的利息。”“我当时的心理就是特别迫切，于是一冲动就用上校园网贷了，后来好歹还是按时还上了。现在想想还是有点后怕，以后不会再用校园网贷了，如果真需要钱的话还是尽量找家里帮忙。”陈辰说。在采访中，一些同学向提到，不切实际的消费欲望是学生使用校园网贷的重要动机之一。查阅了陈辰所提到的一家校园网贷的网站，在这上面可以分期购买很多年轻人喜欢的东西，比如电子产品、化妆品还有衣服鞋子。网站说明中写到，“我们成立的动机，就是为了帮助年轻的你提前实现梦想”。教育部下发的通知中提到，随着各高校相继开学，一些P2P网络借贷平台加大校园业务力度。部分不良网贷平台通过虚假宣传的方式和降低贷款门槛等手段，诱导学生过度消费、超前消费甚至为此背上高利贷。各地各高校要利用秋季开学一段时间，面向广大学生，特别是大学新生集中开展校园网贷风险防范专项教育工作。贺锋(化名)是一位创业者，如今他已经决定放弃校园网贷业务，此前他也曾经一度开拓过校园网贷业务。“校园网贷发展到现在，确实媒体关注较多，也出现了一些负面新闻，最大的问题就是一些从业机构良莠不齐。有些借贷机构的初衷就有问题。如果本着良好的初衷出发，校园网贷应该帮助学生解决实际困难，实现更多自我价值，弥补学生金融服务领域的空缺。”贺锋说，但是有的机构并不这么想，而是采用一些离谱的方法，比如裸贷、高利贷等。这些机构进入这个行业之后，牟利性表现得很强，在这种情况下，就可能会采用一些夸张甚至是虚假的宣传去诱导学生。总体来看，做这些事情的都是比较小的机构。相对而言，小机构出事之后，对于校园网贷大环境的破坏还是存在的。“对于一些比较大的、正规的借贷机构而言，还是希望这个行业能够走上良性发展的道路。”贺锋说。对于校园网贷在短时期内迅速普及的原因，中央财经大学金融学院教授郭田勇认为，现在的高校学生自身具备了这样的基础，“有需求就会有供给，现在的大学生喜欢购买各种消费品，客观上而言，校园网贷也是有市场的”。郭田勇认为，校园网贷的一大风险在于，高校学生比较强的消费需求和他们的收入不成正比，“这会带来一定的信用风险”。“现在有一个比较大的问题在于，对于学生在契约、信用方面的教育还不够。但是现在的市场环境就这样，很多企业和机构比较急功近利，没时间等学生养成应有的信用意识就大张旗鼓地推广和销售。”贺锋说，“令人欣慰的是，这次教育部下发的通知中也提到了金融知识、信用意识的辅导和培训。这是很有必要的。”教育部下发的通知中指出，做好校园网贷风险防范工作。提升防范能力，教育引导新生谨慎使用个人信息，不随意填写和泄露个人信息；对于推销的网贷产品，切勿盲目信任，尤其警惕熟人推销，增强学生对网贷业务甄别、抵制能力，保护自身合法权益。普及信贷知识，会同金融机构、网贷监管机构、网络安全等部门组织举办报告会、讲座、知识竞赛等活动，普及金融信贷和网络安全知识及相关法律法规。“要让学生明白有能力甄别哪些金融机构和金融服务是正规、合法的，哪些又是高利贷。不少学生对金融机构的性质分不清，他们只关心到手多少钱，每个月还多少钱，一旦还不起也没有太多考虑后果。”贺锋说，“以后可能还需要建立一套完整的学生信用体系。我们发现，有的学生喜欢到处借钱，这里借500元，那里借1000元，这在无形中提高了信用额度，这样的情况还很难监控。应该通过完整的信用体系把学生的贷款额度锁定。”据媒体报道，今年3月自杀的河南大学生郑某就是利用多名同学的个人信息到处借款，其中很大一部分用于赌球。“那名自杀的大学生就是从多个机构借钱，这些机构之间又没有可以沟通或者约束的平台，使得这个学生越借越多。而且他还借了同学的身份证借钱，那么意味着他的同学对这个事情一点也不敏感，这也暴露出现在的大学生在金融意识、法律风险防范方面有所欠缺。”贺锋说。“还有一个问题是，校园网贷要提高准入门槛。现在基本上没什么门槛，要明确什么样的机构才能从事校园网贷。关于校园网贷的门槛、标准，感觉还是各地各自为战，应该全国统一起来。一些地方下发的相关文件读起来感觉可操作性几乎为零。比如说裸条借贷，就是一些小机构、不正规机构乱来所致，也暴露出监管方面存在的空白。”贺锋说。郭田勇认为，推进校园网贷规范化发展很重要，但需要一个过程。未来校园网贷就是要在控制风险的情况下尽量实现规范化，但适用过程并没有那么快。“各类校园网贷机构一定要规范。同时要对家庭背景，包括担保人、收入能力进行调查，真正就大学生的风险承受能力进行调查。校园网贷最好由合法合规的正规金融机构或者经验比较丰富的机构来做。”郭田勇说。贺锋认为，大学生即将走入社会，也有了一定的赚钱能力，借贷对于他们而言是一种客观的需求，要想完全遏制这种需求不太现实。“学生借贷就是比较灵活，借个一两千块钱，如果风控到位，比传统金融机构效率要高。大学生的信用意识包括金融常识、法律意识一定要不断加强，这不仅事关校园网贷，对于大众创业、万众创新来说也是必须要推进的工作。普及信用意识实际上就是普及契约精神”。,0
"甘肃出台地震预警办法可""私人订制""预警信息服务。中新网兰州1月5日电甘肃日前出台了《甘肃省地震预警办法》，从地震预警系统建设与预警信息发布等多方面作出规定。其中，对地震预警信息有特殊需求的单位，可以按照有关规定向甘肃省地震工作主管部门订制地震预警信息服务。依据《突发事件应对法》、《中华人民共和国防震减灾法》、《甘肃省防震减灾条例》等法律法规，结合本省实际，甘肃制定本办法，旨在规范地震预警活动，有效发挥地震预警减灾作用。本《办法》所称地震预警，是指地震发生后，在破坏性地震波到达可能遭受破坏的区域前，利用地震预警系统向该区域发出地震警报信息，以便采取紧急处置措施，防止或者减轻地震灾害损失。地震预警遵循政府主导、统筹规划、部门协同、社会参与原则，鼓励和支持社会力量开展地震预警科技创新、产品研发、成果应用，并依法参与地震预警系统建设。对地震预警系统的规划与建设，《办法》提出，地震预警系统建设规划应当包括地震预警台网建设、信息自动处理系统建设、信息自动发布与传播系统建设等内容。地震预警系统建成后，应当经过1年以上的试运行。试运行结束，经国家或者省地震工作主管部门验收合格后，方可正式运行。高速铁路、城市轨道交通、核设施及其他可能由地震引发严重次生灾害的建设工程，建设单位应当建立地震预警处置设施，也可根据需要建立专用地震预警系统，并报甘肃省地震工作主管部门备案。发布地震预警信息，《办法》明确，由甘肃省地震工作主管部门负责地震预警信息的统一发布，其他任何单位和个人不得以任何形式向社会发布地震预警信息。县级以上人民政府应当建立地震预警信息自动接收播发机制，指定播发媒体和机构。指定的播发媒体和机构应当即时、无偿向公众播发地震预警信息。对于学校、医院、车站、机场、体育场馆、影剧院、商业中心等人员密集场所，甘肃鼓励其建立地震预警信息接收播发系统和应急处置机制，接收到地震预警信息后，采取相应避险措施。甘肃同时提出，擅自向社会发布地震预警信息或者制造、散布地震谣言，引发公众恐慌，扰乱社会秩序的行为，由公安机关依法处理；构成犯罪的，依法追究刑事责任。(完)(甘肃出台地震预警办法可“私人订制”预警信息服务)",0
女律师驻进了城管队深圳城管带上律师去执法。深圳城管执法队员在处理占道经营的商贩时，醒目地举着“城管执法，请予以支持”的告示牌。城管的“温柔一刀”，让石材店店主李涛刻骨铭心。“那次来执法，他们不恼不吵，只是一个劲儿拍照。这突然‘温柔’起来，还真让人不适应，手脚都不知道怎么放才好。”李涛的店铺位于深圳市龙华新区民治大道530号，在他以往的印象中，城管和商贩之间像是“猫鼠游戏”：你来了，我就跑；你走了，我再来；实在不行怼上了，那就是“针尖对麦芒”。城管群殴商贩、小贩打伤刺死城管“上头条”的恶性事件，李涛也没少耳闻。没几天，李涛就收到民治街道城管执法队开具的行政处罚决定书：超出门店、窗外墙摆卖属违法经营，按照其违法摆卖面积处以2.7万元罚款。“这样的罚单周围不少商贩都收到过，我当时想的是不理他，他也不能把我咋样，最后还不是不了了之？”这张2015年9月开出的罚单，李涛就这么一拖大半年。出乎李涛意料的是，城管这次尽管看上去“温柔”了许多，但追罚却是锲而不舍。在接连而至的催告中，一份落款“广东淳锋律师事务所”的律师函令他惴惴不安好一阵子。民治执法队并没有闲着。在用尽一切行政手段并备齐了各环节的完整证据材料后，他们向深圳市盐田区法院申请了强制执行。今年7月，法院裁定强制执行，这是龙华新区首例由城管部门申请法院强制执行的案件。由于李涛名下无可执行的存款，他被列入待执行名单，这会影响他的个人诚信记录，今后贷款受限。李涛后悔不迭，同条街的其他商贩也无不为之一震，受罚的商贩们不敢再拖，都主动捏着罚单找上了执法队的门。多年占道经营的市容顽疾得到明显遏制，一条街道旧貌换新颜。这让民治执法队所有队员松了一口气，也不禁对驻队服务的淳锋律师事务所年轻律师王毅刮目相看。王毅只是在深圳城管执法队伍驻队的100名律师之一。2014年7月，深圳市开始试点“律师驻队、随队执法”，第二年9月全面推行。一年多时间，全市66支执法队已有57支聘请律师驻队，覆盖率达86%。与此同时，2009年以来城市管理领域内一直处于上升趋势的暴力抗法事件，在2014年至2015年刹车扭转、掉头向下。在此项改革最早发端的南山区沙河街道城管执法队，试点律师驻队的第一年，案件执行率就达97%，比2013年提高了54%，第二年又进一步提升到99%；律师驻队两年多来，暴力抗法事件仅2宗，而2013年达38宗。就整个南山区而言，2015年之前，每年都在300宗以上，几乎每天一宗，而2015年没超过10宗。“律师驻队、随队执法”，并非只是看上去很美。“过去做城管，吵架、打架是家常便饭。”城管出身的唐恩明对坦言，“过去我一直以为，城管也只能是这么个干法，直到2007年至2012年转岗去了南头街道司法所当所长才换脑。”唐恩明现任深圳市南山区沙河街道党工委委员、执法队队长，这个40来岁的中年汉子，点燃了“律师驻队、随队执法”改革的第一把火；他所蜗居的那间办公室，成了试点的“策源地”。在司法所的5年，唐恩明与律师打交道最多的案件是劳资纠纷。“工人和企业发生纠纷，闹到我们那里，再把人社部门请过来协调。他们神了，声也不用高，嘴也不用吵，更不用动手动脚。把案子事实了解清楚了，当场摆出法律依据，一条条跟企业说，违反了哪条，要怎样处罚；再跟工人说，你们提的哪条合法，哪条不合法。说得两边都心服口服，没脾气了。好，现场开单，双方认账。”这段经历，给了唐恩明很大触动。2013年7月，重回城管队伍的唐恩明，脑子里始终萦绕这样一个念头：怎样让城管执法跟人社部门一样，有尊严、有威信。“不能简单粗暴，更应强调文明劝退、就地取证、按法律程序开单处罚。”深圳市城管行政执法监察支队副支队长张建军说。彼时，在舆论压力面前，城管希望告别那种被妖魔化了的野蛮形象，走法治化道路。在唐恩明看来，归根到底还是要靠“法”来解决，“谁懂法，会用法？莫过于律师。”他眼前一亮，脑子一转，想到了在司法所处理一起交通事故纠纷时相识的律师——广东国晖律师事务所合伙人谢挺。2014年6月，唐恩明、谢挺、南山区城管局执法监察大队副大队长江豪、蛇口消息报雷玲，几个人一起窝在唐恩明的办公室里，开始谋划一场后来被命名为“律师驻队、随队执法”的实验。“城管给人感觉是武的，律师是文的，一文一武能不能相容，一开始也拿不准，所以大家说先搞半年，试试看。”谢挺说。双方草签协议，南山区城管局和沙河街道办共同出资9万元，聘请国晖事务所派驻律师。一个月之内，谢挺手下的“85后”女律师王跃琼就到执法队报到了。,0
双11物流或超10亿件快递员招聘月薪高达1.2万。核心事实随着今年双11的临近，种种迹象显示，今年快递行业双11备战提前触发。“高薪急聘、包吃住”，一些招聘网站中，快递岗位的招聘帖被频频置顶或者挂上“热”字签。今年双11快递将超过10亿件，极有可能再次刷新包裹数量纪录每逢双11，无论智慧物流、自营物流，还是第三方物流，菜鸟、苏宁、四通一达纷纷招兵买马。随着今年双11的临近，种种迹象显示，今年快递行业双11备战提前触发。“高薪急聘、包吃住”，一些招聘网站中，快递岗位的招聘帖被频频置顶或者挂上“热”字签。“高薪急聘、包吃住”，临近双11，一些招聘网站中，快递岗位的招聘帖被频频置顶或者挂上“热”字签。北京青年报看到，德邦物流近期在几家主流招聘平台给出的预计招聘数量达到50人，工作岗位包括海淀、昌平、顺义、房山、西直门、东直门等多个区县和区域。北京邮政的招聘信息也显示，希望在朝阳百子湾、上地、万丰路等片区新招10-15名左右的快递人员。北青报调查发现，众多的快递招聘信息中不乏四通一达，以及顺丰、百世汇通、宅急送等知名快递企业的身影。同时，不少快递物流企业在招聘信息中给出的薪资待遇也颇为诱人。一则昨天刚刚发布的“××快递员3500+”的招聘帖中，薪资待遇显示为8000-12000元，职位描述栏中用红底加黑字体注明“待遇从优、急招，有意者速联系”。另一则同样给出薪资“8000-12000元”的快递企业信息显示，公司规模100-499人，需要新招19人。北青报梳理发现，招聘快递人员的普遍薪水标准显示为5000-8000元。相比之下，同样以男性务工人员应聘为主的保安员，“转正工资”多数在3000-5000元。实际上，对于类似双11、双12的电商盛宴，行业内部人士有“物流业的春运大考”、“电商一个节、物流一个坎”等等戏称，貌似调侃中也透露出行业一年一度会面临的巨大峰值压力。据快递协会基于往年双11及今年快递数据推测，今年双11快递将会超过10亿件，极有可能再次刷新包裹数量纪录。面对这一轮物流“大考”，北青报调查了解到，各大平台纷纷出台多项对策，包括借助大数据和信息化改造，软硬结合打造物流升级版。国家邮政局、菜鸟网络前不久联合公布了针对2016年双11快递的备战情况。据透露，今年全行业将有268万一线人员投入到双11快递服务当中，相较去年增长超过50%，干线车辆增长59%，航空运力增长40%左右。而据调查，苏宁物流近来已宣布推出自主研发的指南针后台处理系统，打造规模浩大的“苏宁云仓”;京东推出无人送货车;菜鸟联盟持续升级智能分单，推动聚单直发等产品使用，同时表示快递员APP将在今年双11期间大规模应用。除此之外，信息显示一些快递企业还将在今年双11期间加大机器自动分拣的应用范围，力争尽可能最大限度地缓解高峰压力。,0
托卡耶夫宣誓就任哈萨克斯坦总统获70.96%选票。据俄罗斯卫星通讯社12日报道，赢得哈萨克斯坦总统选举的托卡耶夫12日向该国人民宣誓并就任国家元首。托卡耶夫在12日举行的就职仪式上说：“我郑重宣誓：忠实地为哈萨克斯坦人民服务，严格遵守哈萨克斯坦宪法和法律，保障公民权利和自由，认真履行赋予我的哈萨克斯坦共和国总统的崇高职责。”哈萨克斯坦第六届总统选举于6月9日举行。据该国中央选举委员会资料显示，托卡耶夫以70.96%的得票率赢得选举，托卡耶夫由第一任总统纳扎尔巴耶夫领导的祖国之光党提名。今年3月19日晚，哈萨克斯坦前总统纳扎尔巴耶夫发表电视讲话，宣布从3月20日起停止履行总统职权，并将职权转移给时任议长托卡耶夫，直至选出新的国家元首。,0
每日新设223家科技型企业北京亮出“双创”成绩单。盖博铭、任峰）在13日举行的2019年全国大众创业万众创新活动周北京会场主题展上，北京市发展改革委发布了北京市“双创”工作成绩单：每日新设科技型企业从2015年的110家增加到2018年的223家，国家级高新技术企业累计达到2.5万家。2015年以来，北京创新创业力量持续壮大，以新产业、新业态、新模式为特征的新经济助力高质量发展。在北京会场看到，面积约18000平方米的主题展涵盖了人工智能、生物健康、智能制造、新材料、智能交通、节能环保与新能源等产业领域。手术机器人、人工智能虚拟主播、虚拟现实演播厅……300余件科技展品，130余家各类科技服务机构，汇聚成一场科技创新“嘉年华”，展示出“双创”的勃勃生机。“五年来，北京‘双创’蓬勃发展。”北京市发展改革委有关负责人介绍，作为全国科技创新中心，近年来北京持续加大科研力度，2018年北京市研发经费总量超过1600亿元，较2015年增长22%，稳居全国之首。统计显示，2018年，北京市专利申请量与授权量分别为21.1万件和12.3万件，相较2015年分别增长35%和31%。万人发明专利拥有量为111.2件，较2015年（61.3件）增长80%，是全国平均水平的近10倍。因“众”而得胜，因“创”而变强。2018年，北京市新经济总量达到万亿元，对GDP的贡献达到三成。规模以上战略性新兴产业和高技术产业对规模以上工业增长的贡献率达到60%以上。北京市发展改革委有关负责人介绍，经过几年积累，北京“双创”正呈现五个转变：从学术导向的个体创新向市场导向的群体创新转变，从分散式封闭创新逐步向开源式系统创新转变，从分隔式创新向央地协同、区域协同创新转变，从区域创新向境内外联动创新转变，从早期服务型向全链条生态型模式转变。（完）,0
曹志明书画展在重庆举办。本报重庆6月12日电（杨凤）近日，“前歌后舞——曹志明国学经典书画展”在重庆美术馆举办。展览以“巴渝文化”为背景，以“国学经典”为主题，展出了曹志明美术和书法作品各60幅。“抄录经典，绘画历史”是展览的主视点。其中，主题画《顺势而为》呈现了巴人的齐心协力、同舟共济；工笔重彩《祥瑞图》呈现了巴渝的青山绿水、江山壮美。作者以诗书画一体的形式，传达了中国人的自然哲学和山水情怀。,0
公安部破获特大侵犯公民个人信息案抓获201嫌疑人。新华社北京10月9日消息，9日从公安部获悉，为有效打击侵犯公民个人信息犯罪活动，经半年多的缜密侦查，公安部近期组织辽宁、四川等25个省区市公安机关对一起特大侵犯公民个人信息案开展集中收网行动，共抓获犯罪嫌疑人201名，成功铲除42个信息泄露源头，摧毁了9个涉案地域广、涉案人员多、信息数量、种类及涉案金额大的侵犯公民个人信息犯罪团伙。2015年11月以来，辽宁省公安机关在侦办一起侵犯公民个人信息案件中，发现了大量涉及全国各地的贩卖公民个人信息犯罪的线索。公安部对此高度重视，立即成立专案组，组织部署各地循线追踪，深入开展侦查工作，并逐渐摸清了犯罪团伙的组织架构和人员组成。在前期缜密侦查的基础上，公安部于近期统一组织辽宁、四川等25个省、区、市公安机关开展了集中抓捕行动，成功侦破该特大侵犯公民个人信息案。经初步查明，涉及该案的侵犯公民个人信息犯罪团伙均由信息泄露源头、二级代理商、下游代理商和客户多个层级组成，各团伙既独立形成上下线，又相互交叉，形成联系密切的犯罪集团，信息泄露源头相对独立，但同时为多个信息贩卖代理商提供信息，代理商通过建立微信群、QQ群买卖信息。例如，犯罪嫌疑人张某某等人通过微信从江西省赣州市某银行员工徐某某及上海市某信息服务有限公司员工陈某等人手中购买银行账户、手机定位等信息1万余条，加价倒卖，非法获利10万余元。该案涉及的公民个人信息种类繁多，涉及银行信息、民航信息、上网信息、快递信息等10余种个人信息，衍生电信网络诈骗、敲诈勒索等多种下游犯罪，危害十分严重。经对上述查获的公民个人信息进行比对，发现有19名持机人曾遭受电信网络诈骗，涉案金额870万元。再如，犯罪嫌疑人夏某某于2015年9月至2016年5月期间，多次从某侵犯公民个人信息犯罪团伙手法获取公民信息，用于非法追讨债务等违法犯罪活动，获利12万元。犯罪嫌疑人韩某某于2015年成立“商务调查公司”，从犯罪团伙购买大量公民个人信息，用于实施“找人、婚外情取证”等违法犯罪活动。公安部有关负责人表示，近年来，侵犯公民个人信息犯罪持续多发高发，诱发大量电信网络诈骗、敲诈勒索等下游犯罪，严重侵害群众利益，严重影响群众安全感，广大群众对此反响十分强烈。公安部对此高度重视，将持续保持对此类犯罪的严打高压态势，全链条打击涉案的违法犯罪人员，最大限度遏制侵犯公民个人信息犯罪活动，不断提高群众安全感，坚决保障群众合法权益。,0
长三角地区异地就医门诊费用直接结算范围扩大至29个城市。央广网上海6月13日消息（杨静）在此前17个试点统筹区的基础上，如今长三角地区异地就医门诊费用直接结算在上海市二、三级主要医疗机构和江苏省、浙江省所有设区市已实现全覆盖，安徽省也有四市已纳入联网覆盖范围。目前长三角地区已有29个城市实现医保“一卡通”，三省一市医疗机构覆盖已达1200余家。这29个城市是上海市，江苏省南京市、徐州市、宿迁市、连云港市、淮安市、盐城市、扬州市、泰州市、南通市、镇江市、常州市、无锡市、苏州市，浙江省杭州市、宁波市、温州市、嘉兴市、湖州市、绍兴市、金华市、衢州市、舟山市、台州市、丽水市，安徽省马鞍山市、滁州市、六安市、芜湖市。长三角异地就医门诊费用直接结算将进一步提升服务便利性。不断提升结算便利，结合“一网通办”，持续改善人民群众异地结算体验，让长三角群众异地刷卡结算更方便快捷。不断提升备案和转诊便利，按照国家要求，将异地安置退休人员、异地长期居住人员、常驻异地工作人员、异地转诊人员等四类人员优先纳入试点范围，优化备案及转诊服务。不断提升应急响应便利，完善异地就医信息沟通和应急联动机制，针对联网共性问题开展大数据分析，及时提出解决方案。着力防范风险，加强异地就医结算平台建设，确保医保信息系统和数据安全。,0
安徽H7N9流感死亡人数达20人疫情仍呈上升趋势。今日从安徽省卫计委获悉，今年安徽省H7N9流感发病人数已达40多人，目前疫情仍呈上升趋势，今年的病死率也较高，死亡20人。安徽省卫生计生委发出温馨提示：鉴于安徽省目前H7N9流感发病仍呈上升趋势，死亡率较高。提醒公众和医务人员：患者就诊时，有活禽接触史要第一时间告知医生;医务人员接诊时也要主动询问，提高防控H7N9流感意识。“经过分析发现，病死率较高的原因主要是错过了治疗的最佳时间，H7N9流感患者平均就医时间为发病之后3天左右”。安徽省卫生计生委有关专家介绍说，基层医务人员在患者就诊时未能询问活禽接触史，没有及时提供有效药品(磷酸奥司他韦)治疗。磷酸奥司他韦最佳服用时间为2-3天，而安徽省死亡病例使用磷酸奥司他韦平均时间为6天。专家提醒广大市民，要重视H7N9防治，特别是有活禽接触史后出现发热、流涕等流感样症状的市民，一定要第一时间就诊，及早服用磷酸奥司他韦。医务人员在诊治流感样病人时，切勿忘记询问活禽接触史，并对符合条件的病人及时给予磷酸奥司他韦药品救治，转诊至二级以上医疗机构救治。,0
山东一残联办公室主任索贿受贿被免刑检察院抗诉。姚雯/漫画伪造残疾人开发项目骗取国家扶持资金，借为残疾人争取扶持资金之机多次索贿受贿，山东省平阴县东阿镇政府残联办公室原主任闫立平伙同“村官”刘凡华把黑手伸向残疾人从中获取利益。今年9月18日，法院一审判处二人免予刑事处罚。之后经平阴县检察院提出抗诉，近日，济南市中级法院二审撤销原审判决，以贪污罪、受贿罪，数罪并罚，判处被告人闫立平有期徒刑一年零六个月，并处罚金20万元；以贪污罪判处被告人刘凡华有期徒刑九个月，缓刑一年，并处罚金10万元。闫立平自2012年5月开始任平阴县东阿镇残联办公室主任，负责残疾人扶贫就业、康复、扶持资金的申报、发放等工作。上任后，闫立平就打起了从残疾人身上谋求私利的歪主意。2013年初，闫某和任某经营的两家公司分别获得扶助资金3万元、5万元。闫立平在发放上述资金时，向闫某索要现金1.5万元，向任某索要现金2000元。闫某事后为表示感谢，又给了闫立平现金1000元。同年5月，东阿镇残联组织12名残疾人到某画院参观，县残联拨付款项1200元，闫立平请前来参观的人员吃了一顿饭后，将剩余补助款710元收入私囊。2013年底，闫立平伙同东阿镇刘庄村原支部书记刘凡华，将刘凡华个人经营的獭兔养殖场伪造成苏某等三名残疾人合伙经营的养殖场，骗取国家对残疾人养殖的扶持资金2.5万元，其中闫立平分得5000元，刘凡华分得2万元。一年时间里，闫立平利用职务之便，先后索取或非法收受他人财物共计2.5万元。2014年8月，经群众举报，平阴县检察院对二人立案侦查。2015年2月4日，该院以闫立平涉嫌贪污罪、受贿罪，刘凡华涉嫌贪污罪向法院提起公诉。在法院审理阶段，闫立平拒不认罪，辩称与刘凡华骗取2.5万元养殖扶持资金没有事先预谋，后来拿到5000元属于受贿行为。同时，闫立平将索贿行为说成受贿，并将所得款项推脱为公用支出，妄图减轻罪责。一审法庭对闫立平部分索贿犯罪事实未予认定，仅认定闫立平受贿数额2.3万元，未达到“数额较大”或“其他较重情节”标准，不构成受贿罪。今年9月18日，该县法院一审判决闫立平、刘凡华犯贪污罪，均免予刑事处罚。平阴县检察院收到判决书后，组织干警召开案件分析会，对该案证据收集、公诉意见、判决依据等逐个环节进行分析后认为，一审判决对闫立平部分索贿事实未认定属于认定事实错误，同时，闫立平具有不如实供述罪行、涉嫌贪污受贿两个职务犯罪罪名、涉案财物属于扶贫救济等特定款项、受贿犯罪具有多次索贿等从重情节，一审判决存在量刑错误，不应判处免予刑事处罚，遂于今年9月30日向济南市中级法院提出抗诉，济南市检察院同意并支持抗诉。济南市中级法院经审理认为，闫立平身为国家工作人员，利用职务上的便利，单独或伙同刘凡华侵吞骗取公共财物2.57万元，闫立平、刘凡华的行为均构成贪污罪；闫立平利用职务上的便利，索取他人财物2.5万元，数额在1万元以上不满3万元，但系多次索贿，其行为亦构成受贿罪，检察机关抗诉意见成立，予以采纳，遂改判闫立平、刘凡华有期徒刑，并处以大额罚金。,0
浙江遂昌山体滑坡4人获救生命体征均平稳。9月28日17时30分许，浙江丽水遂昌县北界镇苏村发生山体滑坡灾害，一些民房被冲毁，多人失联。从浙江省政府新闻办获悉，目前已经救出4人，生命体征均平稳。据介绍，遂昌山体滑坡事故发生后，400多名救援人员已到达现场。,0
美国婴儿品牌响应倡议，将在北美男厕装五千个婴儿护理台。发布了一条推特。图文显示，他正蹲在一间卫生间的墙角，用自己的腿作为临时婴儿护理台，为自己的1岁儿子更换纸尿裤。该推文引发了在男士卫生间内安装婴儿护理台的运动。推特网友评论唐纳特·帕尔默为儿子换纸尿裤的行为。推特截图据悉，2016年，时任美国总统奥巴马曾签署相关法案，规定美国境内所有建筑物，除餐馆和商铺以外，都必须在其公共卫生间内安装婴儿护理台。但由于该法案并未要求所有卫生间内都须安装，大部分婴儿护理台都被安装在女士卫生间内，男士卫生间内的婴儿护理台数量严重不足。新京报见习丁天编辑白爽校对何燕,0
广东佛山两辆公交车先后发生爆炸致6人受伤。1月18日15时37分许110接报，南海区桂城佛平三路一辆公交车发生爆炸。接报警后，南海公安路面巡防的动中备勤警力、救护车等迅速赶到现场处置。爆炸造成车窗玻璃破碎，车内4人受伤，其中1人轻伤，3人轻微伤，已在医院接受治疗。半小时后，即16时15分许，桂城三山另一辆公交车爆炸，造成2人轻微伤。案件发生后，市委市政府主要领导高度重视，要求全力侦办案件。市公安局主要领导带领相关警种第一时间赶赴现场，组织采取措施，全力围捕嫌疑人，同时对南海区所有公交车辆进行安全检查。经初步调查，爆炸为车厢垃圾桶内疑似爆炸物引发。目前，案件正在进一步侦查中。,0
山西“程三”高调出狱涉嫌聚众扰乱秩序案将开庭。山西晋城高调出狱的程幼泽从程幼泽的代理律师朱孝顶律师处获悉，晋城阳城县法院将于10月18日开庭审理本案。而在程幼泽6月8日因涉嫌聚众扰乱社会秩序罪被第四次批捕的当日，晋城中院还撤销了之前对其减刑的裁定。据澎湃新闻从律师处获取的裁定书，程幼泽减刑被撤销的理由是其在监狱服刑期间有使用移动电话的情况，属重大违反监规的行为。不过，至于移动电话从哪里来的，监狱方面有无相关责任人被追究，澎湃新闻目前还没查到公开信息。程幼泽出狱当天，百余人在监狱门口列队聚集迎接。10月8日，阳城县检察院在官网发布消息称，该院已于9月23日对在全国引起轰动的“5.23”涉嫌聚众扰乱社会秩序案的被告人程幼泽等14人提起了公诉。阳城县检察院称，经审查查明，2016年5月，程幼泽在出狱前，多次通过晋城监狱狱警传递消息、违规安排会见等方式，与刘欣等人多次联系，商量为其组织出狱迎接仪式。根据程幼泽的意图，刘欣、蒙广录等人策划安排迎接事宜。2016年5月23日早上，刘欣等13名被告人共组织180余人、50余辆豪车前往晋城监狱迎接程幼泽。20余名身着统一服饰的“黑衣人”在监狱管教楼前道路上列队彩排，并将14盘10000响鞭炮及8个100响的礼花炮摆放在监狱门口附近及沿途道路上。“监狱狱警多次要求其解散均被拒绝，驻监狱武警中队接狱方通知后，分三次将警力增派至约30名，手持警棍、盾牌加强对监区门口及监狱大门附近的秩序维护。”阳城检察院称，11时30分，程幼泽身着白色唐装，在刘欣等20余人的簇拥下从监区走出，黑衣人分列两排，夹道欢迎，礼花炮、鞭炮燃放时间长达10余分钟，引来大量群众聚集、围观，致该路段交通完全阻断。阳城县检察院认为，迎接程幼泽出狱的人员、车辆在监狱附近长时间聚集，大量摆放及燃放鞭炮、礼花炮等行为，导致监狱附近秩序混乱，严重干扰了监狱的正常工作秩序，严重影响了周边医院、学校、幼儿园和居民的正常工作、教学和生活秩序。当日中午，程幼泽与迎接其出狱的人员在酒店聚餐庆祝。随后，迎接程幼泽出狱的相关视频被微博、贴吧等转发。澎湃新闻此前曾报道，上述事件引起了山西警方的重视，晋城市公安局成立“5·23”专案组展开侦查，山西省公安厅委派刑侦总队领导和专家指导案件侦破。5月26日，程幼泽被刑拘，其他8名嫌犯被抓获。6月8日，晋城市检察院发布消息称，程幼泽因涉嫌聚众扰乱社会秩序罪被批捕。此后，再有多名参与当天迎接出狱的人员被批捕。晋城监狱门口，至少10余盘鞭炮摆放在监区门口的路上迎接刑满释放人员程幼泽。针对检方的指控，程幼泽的代理律师朱孝顶认为，其行为不构成犯罪。朱孝顶说，程幼泽本身没有扰乱社会秩序的故意。“迎接只是一种形式，在监狱门前燃放鞭炮是一种习俗，且晋城不像北京有禁止燃放烟花爆竹的规定。”朱孝顶称。据公开报道显示，程幼泽曾三次深陷囹圄，54年的生涯中有20余年在监狱度过。1984年4月，他因犯抢劫罪被晋东南地区中院判处有期徒刑六年，1988年4月获释。1996年12月，他因犯流氓罪、抢劫罪、故意毁坏公私财物罪、赌博罪被山西高院判处有期徒刑15年，2006年获释。2009年10月，程幼泽第三次犯事被抓。2012年9月，他因犯非法买卖爆炸物品罪、故意伤害罪、非法拘禁罪被山西高院判处有期徒刑八年。2016年5月16日，晋城中院以“程幼泽在监狱服刑改造期间，认罪悔罪，遵守法规及监规，接受教育改造，受到1次监狱记功，5次表扬奖励，2次嘉奖”为由，裁定对其减去余刑。5月23日，程幼泽刑满释放。之后发生高调出狱事件，他被刑拘，再被批捕。据晋城中院于2016年6月8日作出的裁定显示，在程幼泽被批捕当天，该院裁定撤销之前对其减刑的裁定。晋城中院称，晋普山地区检察院在程幼泽出狱后，发现了程幼泽在服刑期间有使用移动电话的情况，认为程幼泽不符合“确有悔改表现”的法定减刑条件，提出检察建议书，建议重新审理程幼泽减刑案件。“经审理查明，程幼泽在服刑期间，本院减刑裁定送达之前，确有在监狱使用移动电话的行为，此属重大违反监规的行为。经查证属实，应予以确认。”晋城中院称，经审委会讨论，裁定撤销对程幼泽的减刑裁定，对程幼泽不予减刑。,0
消费级无人机已成红海无人机将走专业化道路。力巡检、遥感物探、货物递送等用途的无人机约9.3万架。“目前，工业级无人机发展并不成熟，低端竞争和暴利现象同时存在，各领域发展很不均衡。”佟京昊认为，工业无人机作为智能化生产工具的一种，可以视作工业机器人的一个分类，其行业发展特点与历程也必将体现工业机器人的发展特征。“最大的技术趋势在于智能化，包括集群智能等技术尚有很大应用空间。”佟京昊表示，目前，工业无人机已开始出现产业逐渐明晰、需求不断涌现、技术标准不断成型、市场不断细分的形势。“未来，无人机产业必将被两类企业所占据：平台商和应用商。”他表示，平台商着重开发共性先进技术，立足国际竞争；应用商着重拓展应用领域，深耕服务，提供一体化解决方案。”他认为，无人机应当走一条以专业化发展为依托，深度军民融合的发展道路。展会期间，众多企业携新产品、新技术亮相。主办方介绍，参展企业、科研院所及配套产品生产商达到100余家，展示展演无人机及相关产品超过300台/件。本届大会还举办了中国无人机信用管理倡议发布暨启动仪式。“尖兵之翼——中国无人机大会暨展览会”自2006年创办以来，已连续成功举办九届展现了无人机行业发展成就及无人机产品技术创新。主办方之一、中国无人系统产业联盟秘书长孙柏原表示，本届尖兵之翼着重强调无人机行业细分应用，此次北京站是以无人机应用为主线开展的首站主题活动，下半年尖兵之翼还将依托2019年海博会聚焦无人机在更多领域的应用。,0
郑州加推限购细则外地人郑州买房条件更严。|昨天，郑州市住房保障和房地产管理局发布“关于落实《郑州市人民政府办公厅关于进一步加强房地产调控工作的通知》有关要求的通知”要按照要求按时填报《房地产在售楼盘情况调查表》和《房地产在建项目调查表》。业内人士分析，此举，正是从根源上稳控房价。郑州市房管局市场监督管理处工作人员说，对于申报价格和实际销售价格差距较大的项目，房管部门对企业进行约谈，指导企业合理调整申报价格；企业应按要求限期整改，拒不接受指导的管理部门可暂停项目网上签约。郑州市政府人士说，只要市场存在异常，调控就会持续，甚至会不断加大力度。,0
沈阳市应急管理局举办2019年安全生产大讲堂。(王斯文)为全面落实危险化学品企业安全生产主体责任，促使企业自觉遵守安全生产系列法律法规要求，提升企业预防生产安全事故能力，6月12日，沈阳市2019年安全生产大讲堂暨危险化学品重点企业主要负责人安全管理工作会议在沈阳市应急管理局召开。按照2019年“安全生产月”和“安全生产沈阳行”活动安排，本次会议对全市上半年危险化学品的工作情况进行总结，通报国务院安委会明查暗访、专项巡查以及沈阳市危险化学品重点企业深度检查发现的问题，分析安全生产形势，并对下一步重点工作进行安排部署。会上，辽宁省应急管理厅政策法规处副处长敖妙结合事故具体案例，为沈阳市危险化学品生产企业主要负责人和涉及“两重点一重大”化工医药企业主要负责人等参会代表就企业落实安全生产主体责任，进行了专项培训，并对大家的学习效果进行了现场测试。沈阳市应急管理局局长王晓刚表示，要深刻吸取全国危险化学品事故暴露出的问题教训，正确认识当前全市危险化学品领域安全生产形势；转变理念，改进方法，全面提升企业安全生产管理水平；紧盯关键环节，扎实做好危险化学品安全生产重点工作。各企业要清醒认识工作中存在的不足，敢于直面问题、勇于解决问题，采取针对性措施堵漏洞、补短板，坚决把各类风险管控住，确保不发生事故。,0
藏传佛教活佛转世专题展在拉萨举行。本报拉萨6月12日讯（王超）为进一步深化“遵行四条标准争做先进僧尼”教育实践活动，丰富拓展活动内容，12日，中国藏学研究中心西藏文化博物馆、中国佛教协会西藏分会、自治区深入开展“四条标准”教育实践活动小组办公室在西藏佛学院联合举办藏传佛教活佛转世专题展。区政协副主席珠康·土登克珠、索朗仁增出席。活佛转世是藏传佛教的重要传承制度。在几百年的转世实践中，形成了完备的寻访认定转世灵童的宗教仪轨和历史定制。举办专题展，旨在普及藏传佛教活佛转世知识，讲明活佛转世的产生与发展，宣传《藏传佛教活佛转世管理办法》及藏传佛教活佛转世的宗教仪轨和历史定制。通过学习观看，宗教界人士一致认为，藏传佛教活佛转世和管理必须坚持党的领导，坚持依法管理，遵循宗教仪轨和历史定制，坚持独立自主自办原则。王超,0
江姐故居激励后人。一本《红岩》百读不厌，一首《红梅赞》经久传唱，一部电影《江姐》红遍神州，这些书、歌、影中的主角原型江竹筠，就出生成长在四川自贡市大安区大山铺镇江姐村。从大山铺镇出发，仅10分钟车程便有一处错落有致的川南民居建筑映入眼帘，这就是江姐故居。这里依山傍水，翠竹掩映，绿树成荫，秀美而宁静。江姐故居2007年对外开放，成为四川省和自贡市的爱国主义教育基地。江姐故居占地面积300平方米，分为实物厅和展览厅两个部分。实物厅陈列了江姐及其家人生前使用过的部分物品；展览厅里展示的则是江姐生平事迹及图片资料。近年来，省、市、区及乡镇各级政府高度重视江姐故居的保护和利用，充分发挥其“褒扬烈士，教育群众”的教育功能，积极培育和践行社会主义核心价值观，使故居成为传承优秀民族传统文化、弘扬爱国主义精神的重要载体。在对江姐故居的保护利用中，当地探索出一套“属地管理，自我服务，适当补助”的管理模式，成立了一支专门的讲解队伍，定期对讲解员培训。在爱国主义基地建设投入上，采取政府主导、社会投入、市场导向相结合，多渠道、多形式的投入机制。近年来，当地还广泛争取社会支持，动员和组织社会各方面来参与故居的保护与建设，对排水、绿化、亮化和道路、展览室内部装修等方面进行建设改造。自贡市和大安区积极开展“爱学习、爱劳动、爱祖国”教育实践活动。利用重大节庆日、民族传统节日以及开学典礼、毕业典礼等，组织全市中小学校学生、企事业单位员工、机关干部和武警官兵等到江姐故居开展集体祭奠先烈重温入党誓词等活动，缅怀先烈的英雄事迹，接受爱国主义教育。据大安区政府负责人介绍，目前因自贡市重大项目“中华彩灯大世界”的建设，使江姐故居建设有了新的规划和发展方向。下一步，区政府将结合实际，创新思路，因地制宜，营造旅游业的文化氛围，把江姐故居的保护、利用同旅游业结合起来，打造江姐村以“红”带“绿”相结合的特色旅游线路，走出一条故居建设与旅游业相结合发展的新路子。王明峰,0
福建漳州打造台湾青年登陆“第一家园”。中新社漳州6月13日电(张金川)作为台湾同胞重要祖籍地和台湾文化重要发祥地，福建省漳州市正着力招揽台湾青年前来就业创业，打造台湾青年登陆“第一家园”。共青团漳州市委负责人13日向中新社透露，即将举办的两岸青年交流周将重点突出两岸青年融合，吸引台青到漳州就业创业。第十一届海峡论坛·第三届海峡两岸(漳州)青年交流周活动6月17日-21日将在漳州举行。该负责人称，中国国民党中央党部青年部代表，台湾各地青工总会、青创会代表，台湾创业青年，在漳州的“台二代”“台三代”代表等上百位台青将参加活动。在本届两岸青年交流周活动期间，两岸青年将共同参加两岸好声音2019漳台青年文化交流晚会、海峡两岸(漳州)乡村产业振兴研讨会、乡村振兴设计作品展、影视文化产业发展研讨会暨两岸青年拍漳州活动、海峡两岸人才交流合作大会漳州对接会等活动，走访漳州市行政服务中心和台胞台商服务中心，考察漳州金峰众创园、台商投资区两岸青年创业基地等。近年来，漳州围绕两岸青年共同关注的就业、创业、学习、生活等方面的需求，以体验城市、青年论坛、文化创意、项目对接、社会公益、赛事交流等为载体，深入开展两岸青年交流。截至目前，漳州已相继成立台青就业创业基地7家、实训基地2家、台青创业辅导服务中心(站)4个，吸引入驻青创项目86个，服务台青176人；依托漳州古城台湾人才创业一条街，打造台湾新创品牌20个；先后认定6个台青优秀创业项目，发放奖金22万元人民币，推动各项惠及台胞政策落地生效。漳州市青年联合会人士表示，要积极发挥台胞重要祖籍地和台湾文化重要发祥地得天独厚的资源优势以及构建开放型经济新体制综合试点的前沿优势，大力促进两岸青年心灵契合、融合发展，努力打造台青登陆“第一家园”。据共青团漳州市委介绍，漳州将在本届活动期间第一时间发布2019年漳州市引进台湾青年人才及人力资源岗位，为台青开展银行卡、手机卡面对面业务办理，并为台青提供居住证办理咨询等便民服务。(完),0
​余旭班主任：一个月训练穿烂的跑鞋比过去十年穿烂的还多。十一月的崇庆中学，金黄欲坠的银杏，染出几簇悲凉。三三两两的学生出入校门口，偶尔可以听见，他们正议论着朋友圈和微博里频频出现的师姐余旭。上一次被师姐刷屏，是在不到半月前的珠海航展期间。“她是我们崇州与航展的不解之缘，是我们崇州的骄傲。”余旭高中的班主任兰碧群，谈及自己的学生，总忘不了毕业照上那文静，又充满朝气的模样。十多年前，余旭上高中，和其他女生一样，爱漂亮喜欢打扮，还总嫌自己脸大。“但在我眼里，她很出众。第一眼就深刻，个字高挑脸上永远带笑。”兰碧群说，高中时代的余旭还有点小调皮，“喜欢嚼泡泡糖，说为了瘦脸。我还纠正过她这个习惯。”到了高三，大家都在为自己的前程谋划打算，余旭却向往着蓝天。“除了艺术类学校之外，余旭一直有着飞行蓝天的愿望，曾计划报考空乘。”当飞行员招考通知一来，余旭还特地找到兰碧群征求意见。“我知道她是一个喜欢挑战自我的人，我也知道她喜欢这个，所以鼓励她去尝试一下。”抱着试一试的心态，余旭参加了2005年的招飞考试，她从当年20万女性报考者里脱颖而出，成为最后25个入围者之一。不过，飞行员之路的艰辛难以想象。上大学后的第一个月，兰碧群接到了余旭的电话，一边向恩师汇报近况，一边讲述训练的艰辛，“她告诉我，在那一个月里训练穿烂的跑鞋，比在家乡十年穿烂的还多。”尽管辛苦，在兰碧群心里，这个崇州姑娘依然保有那股韧劲，坚持自己所喜欢的事业。同年入选的女飞行员中，有一些转为了地勤工作人员，“她本来也有机会转到其他岗位，可她不愿意。可能因为名字里有个‘旭’，这辈子注定和蓝天结缘。”停顿几秒后，兰碧群轻声叹息，“但我更希望，她能够平平安安地回家。”知道小姨不会再回家抱着她讲蓝天上的故事，8岁的朱芝丫扑进妈妈的怀里哭了起来。11月12日下午，朱幼彬余颖夫妇得知妹妹余旭遇难的消息，犹豫了好一会，才告诉女儿，“小姨飞机出事了，没有小姨了。”朱幼彬告诉，在女儿心里，小姨一直是榜样一样的存在。“刚上小学的她，总是想向小姨看齐，一心想要成为小姨那样优秀的人。”因为余旭的鼓励，朱芝丫积极表现，与同学们一起竞选大队长。在妈妈怀里伤心一阵后，乖巧的丫丫也决定用自己的方式纪念小姨。12日晚，丫丫自己默默地从书包里掏出了作业本和铅笔，一笔一划写下了对小姨的思念和自己的决心。“因为最近学校里正在学习作文的写作，她也不能随着妈妈去天津见小姨，只能通过这样的形式来表达她自己的感情。”朱幼彬特地照了一张丫丫作文的照片，传到了自己的朋友圈。方方正正的田字格里，被稚嫩却工整有力的文字填得满满当当。尽管有的生字丫丫只能用拼音代替，但字里行间却刻下她的坚定与希望。“我朱芝丫一定为她传di(递)下去她着份勇敢、活泼、快乐、团结、jian(坚)强。”13日下午，朱幼彬的妻子启程前往天津，与其他亲友团聚送他们最爱的妹妹，并带去了丫丫和其他家人的祝福。她的行李里，还装上了几条薄荷烟，这是余旭生前拜托朱幼彬为战友们准备的。余颖说，“我要去完成余旭的心愿”。“没想到那位普通的小女孩，可以成长为单飞我国自主研发三代战机的女飞行员。”回忆起05年招飞的日子里，那个脸圆圆稚气未脱的女生，金涛总会向身边的人发出这样的感叹，“她已经成了我们国家女飞行员里的招牌人物。”能够单飞我国自主研发三代战机的女飞行员，全国上下也只有四名。余旭能从数十万人中脱颖而出，在金涛眼里，成功也绝非偶然，“这与她后天的付出和自身的韧劲有关”。此外，天生的身体素质和灵活性也是余旭的成功法宝，“其实考核一开始，她的表现算不上特别突出。但越到后面，尤其是在学校的时候，她的优势逐渐凸显。”金涛分析，金旭能通过测试并适应飞行，与她喜欢跳舞也有关。“她在校期间还有一个‘金孔雀’的外号，跳舞跳得好，说明灵活性和身体的协调性好，这对在空中完成一系列动作都是有帮助的。”而这只脸圆圆的“金孔雀”，当时选拔时就非常活泼。“虽然我们的年龄差了十多岁，但是相处起来很愉快感觉不差辈。我也完全把她当成了自己的小孩。”金涛告诉。,1
十部门联合发文：社会办医可享税收等多种优惠政策。十部门力促社会办医健康规范发展——社会办医可享税收等多种优惠政策在国新办举行的国务院政策例行吹风会上获悉：近日，国家卫生健康委、国家发展改革委等10个部门联合印发《关于促进社会办医持续健康规范发展的意见》，在审批准入、审核评价、校验服务、人员资质、监督管理等涉及医疗质量安全方面，对社会办医和公立医疗机构一视同仁，同等待遇；在规划、税收、服务能力建设等方面，向社会办医进一步倾斜。“社会办医是我国医疗服务体系的重要组成部分，是增加医疗资源有效供给，满足群众多层次多样化健康服务需求的重要力量。”国家卫生健康委副主任王贺胜说，近年来我国社会办医取得了长足进展，截至2018年底，我国社会办医疗机构数量达到45.9万个，占比46%；社会办医院数量达到2.1万个，占比63.5%。社会办医的人员、床位、诊疗量占比均保持稳定增长。王贺胜表示，我国的社会办医起步晚、底子薄，虽然近年来取得了长足进展，但与公立医院相比，在服务能力、学科建设、人才培养、质量安全管理等方面仍存在不小的差距，需要给予更多的政策支持。“《意见》提出要优化医保定点前置条件，缩短申请等待时间。社会办医机构正式运营3个月后即可提出定点申请，定点评估完成时限不得超过3个月等具体要求。压缩定点申请、专家评估、系统改造等过程的时间，为社会办医申请医疗保险定点医疗机构提供便利。”国家医保局医药服务管理司司长熊先军介绍，到2018年底，全国共有医保定点医疗机构19.35万家，其中非公立定点医疗机构6.2万家，占比32.1%，定点零售药店达到了34.1万家。针对经济日报提出的“如何推进‘放管服’，进一步简化准入审批服务”等相关问题，国家发改委社会发展司负责人蔡长华表示，各地出台优化社会办医跨部门联动审批实施办法，社会办医配置乙类大型医用设备实行告知承诺制，在北京、上海等10个城市开展诊所备案管理试点。在税收优惠方面，支持营利性社会办医，包括诊所等小型医疗机构，按规定享受小微企业税收优惠等政策。“政府不再对社会办医的区域总量和空间布局作规划限制，按照‘十三五’期间医疗卫生服务体系规划，继续严格控制公立医院数量和规模，为社会办医留足发展空间。”,0
曝湖南一金矿排剧毒致河水变白官方:鱼虾都活着。有网友爆料，湖南桃源县牯牛山金矿排放剧毒氰化物或替代物，通过沅江二级支流澄溪直排沅江。从网友提供的照片看到，原本清澈见底的河流变得异常浑浊，呈白色泥浆状。张先生称，在现场能闻到浓浓的硫磺味、令人作呕。今日下午，桃源县环保局回应，杨溪桥乡，并且3家企业都修建了尾沙坝，对选矿废水进行了处理，减少了对环境的污染。此次是因为桃源县鼎盛矿业有限公司尾矿库连接井突然出现故障，连接井链条断裂，盖板松动，有部分尾矿库废水外溢，故障出现后该公司及时进行了抢修，在抢修的过程中不能立即控制尾矿库废水跑出，导致部分尾沙排入河中，使下游河段河水变成乳白色。现故障已修复，尾矿库也恢复正常。针对此次事情，桃源县环保局已按程序立案，待环境监测报告结果出来后将依法依规严肃处理。桃源县县委宣传部靳部长表示，经调查，确定不含氰化物，没有剧毒，水里的鱼虾都是存活的，但具体情况要等到环境监测报告结果。,0
高考后请全班打游戏的班主任:还要和学生跨省骑行。自高考结束后，各地考生们的放松方式引发网友讨论。6月9日，山西朔州市朔城区一中一名高三班主任包下网吧，带全班学生通宵打游戏的视频上了热搜。有网友在微博留言称，“这样的班主任太棒了，请给我来一打！”6月11日，视频中这名学生口中的班主任“兰哥”兰会云告诉澎湃新闻，此次包网吧陪学生上网的活动源于三年前给学生们的承诺，“相当于给学生们一个惊喜”。兑现承诺后，兰会云还将于6月12日带领15名挑选过的学生一路向南骑行，从学校出发，骑往上海。在网传46秒的视频中，学生们坐在电脑前，电脑屏幕上有各式游戏的画面，有学生对着镜头比着剪刀手，有学生喊“谢谢兰哥！”截至6月11日下午，“班主任带全班学生通宵玩游戏”的话题网上阅读量已达3.7亿次，有4万多名网友参与讨论。“兰哥“是学生们对于兰会云的“昵称”，兰会云6月11日告诉澎湃新闻，得知自己上了热搜，有些意外。他介绍说，此次网吧聚会的想法源于三年前对学生们的承诺。他回忆，在三年前，他向学生们保证，“要先好好学习，不要着急上网，等到高考结束后，包下一个比较好的网吧，咱们一起上网通宵打游戏。”对于包下网吧带着学生一起去玩的行为，兰会云解释说，这样做的目地主要是为了确保学生安全。他说，网吧环境较为杂乱，包下网吧后，都是学生，安全能够得到保证，家长也会放心。此次聚会的费用，兰会云称由他一人承担。他说，当天去网吧的是他所在的633班和妻子所在的630班，两个班级一起去网吧包夜，总人数有近100人，共花费3000余元，包括上网期间请学生吃东西、喝饮料的费用。自视频上传至网络后，引发网友热议。微博中有网友留言表示羡慕“又是别人家的老师”，也有网友留言表示质疑“高考完就去网吧，还要通宵，感觉有些过了”。面对网友评论，兰会云说，他和学生们一起疯狂的事情不止一次。在他当班主任期间，学校里有170多个井盖儿，他和学生们一起“奇思妙想”，分为四类主题去涂鸦井盖儿，有环保题材、卡通人物、大学校门等。校方对于他带领学生们涂鸦井盖儿的做法是支持，并且不干涉。高考结束后带学生们去网吧通宵的行为是否妥当？兰会云解释说，当晚到了后半夜，大部分的学生都在网吧内休息，自己全程也陪伴着学生，而且“并不是都在打游戏，其实更多的是在浏览网页、看电影”。他认为，网吧只是一个场所，应该给学生们更多的正面的引导。“会不会老师带着去，之后感觉可能网吧就是这样呢？会不会对于网吧的陌生感、好奇感也会消失？”兰会云表示。高考结束之后，对于高中生即将步入大学的假期，考生们该如何度过？兰会云表示，因为他是地理老师的原因，每年寒暑假都会组织学生在学校附近的地点考察。这一次，他将和15名学生6月12日一起从学校出发，一路向南骑行，骑往上海。他说，整个骑行路程将花费15-16天，途经河南、安徽、江苏等地，最后到达上海。兰会云说，今年是他从教的第7年，从西南大学地理旅游学院毕业工作后，自己每年只要有假期，都会和爱人一起游玩。“对于一个地理迷来说，走到哪里看到当地的风土人情，都让我很感动。”而自己作为一名地理老师，他所带领的633班学生，地理成绩也较为突出。兰会云认为，对于学生，自己只是他们兴趣爱好的引路人，希望带他们骑行，能够充实他们的假期。对于兰会云的“意外走红“，朔城区一中政教处的刘老师6月11日说“毫不意外”。在刘老师的眼中，兰会云是一名年轻的80后老师，“特别有生活品味，班级凝聚力非常强”。,0
被熊袭击博士谈自救过程:坚持往山下爬2晚没敢睡。6月8日，西工大一名博士生独自前往秦岭紫阁峪张良洞途中，遭遇野生动物袭击受伤并坠下山崖。10日下午，这名博士生被救出后送往交大一附院救治。11日傍晚记者获悉，手术很顺利，他的右眼保住了，目前已转入普通病房。他向记者讲述了自己被黑熊袭击以及之后的自救情况。记者了解到，6月10日晚8时许，交大一附院整形美容颌面外科开始为王某某进行急诊手术，11日凌晨0时30分许，第一阶段手术完成。医护人员告诉记者，手术很成功，清创和部分伤口缝合已经完成，王某某的右侧眼球已经保住，身体其他方面并无大碍。据了解，王某某是江西人，1991年12月出生，2014年到西工大读博士。今年，他的博士论文答辩才结束，已经在四川找好了工作，没想到毕业前夕遇到了这样的意外。6月11日傍晚，记者在交大一附院见到了王某某。术后的他已经转到普通病房。西安交通大学第一附属医院整形美容·颌面外科主治医生余学元说，后期，王某某还要接受植皮、眼睑再造等一系列手术。“他的遭遇属于户外运动中发生的意外情况，并不是莽撞的冒险。我们见过被熊袭击的患者，他在遇险后的自救过程让我感到震惊。”余学元说。“当时我做好了回不来的准备了，这次能获救，非常感谢我的学校和各个救援队。听说200多人都在救我，我特别感动，感谢帮助我的每一个人！”王某某说，他喜欢爬山，有一定的野外生存知识，6月8日上午他离开学校进入紫阁峪。当天下午，他正在一个山崖边走着，突然看到了一头小黑熊，然后就听到一个响亮的声音，紧接着一头大黑熊就过来了。王某某说，这头大黑熊距他很近，大约只有一两米，不等他有更多反应，大黑熊就扑向他了。他出于本能用手挡了一下，结果手被咬了，然后脸也被咬了。挣扎中，他就掉到了山崖下。掉下山崖后，王某某曾一度失去知觉，他觉得自己很可能回不去了。“清醒后，我赶紧找手机。由于我眼睛近视，右眼又受伤，就趴在地上找手机。找到手机后，我自拍脸上的伤情，发现右眼血肉模糊，眼睑都不见了，我才意识到伤情很严重。”王某某说，他顿时感到害怕，赶紧给女朋友和一个同学打电话，让帮忙报警。他还想办法发送自己的位置，没想到信号不好，定位发不出去。王某某说，和同学联系上后，他意识到等待救援需要一个过程，他得想办法自救。他先在口袋里找了些卫生纸贴在脸上止血，然后开始往山下爬。没过多久天快黑了，为了不迷失方向，他只好停下来。当晚，他一会儿都没敢睡。天亮后，他发现周围还是没有人，就继续往山下爬。王某某说，去紫阁峪张良洞的山路他走过两三次，比较熟悉，下山大概需要2个多小时，他没有带什么食物，但是随身携带有水壶，水壶里也有水。往下爬的过程中，他还补充了一些水。正是靠着这些水，让他的体力有了一些恢复，他便继续往下爬。第二天下午，他爬到了第二处水源处，这时天也快黑了。他发现山路很难走，决定在原地休息。晚上，他一直坐在石头上，依然没敢睡觉。第三天天亮后，王某某继续往山下走，很快，他听到有人在喊他的名字，他意识到是救援人员来了。于是，他用力把一块石头推下山，以引起救援人员的注意。就这样，他获救了。记者了解到，6月10日早上6点42分，西安先锋救援队的救援人员经过一整夜的搜寻，在紫阁峪最高处——紫阁峰下一处山谷里找到了王某某。6月8日上午，陕西西安一名博士毕业生王先生进山徒步，其间称遭遇黑熊袭击并在躲避过程中坠下山崖，随后，西安的6支民间救援队及相关部门展开救援，9日凌晨6时许，救援人员终于在山中找到了被熊攻击的这名博士生，并开始利用担架向山下转运。秦岭遇熊受伤博士生被送往西安交大一附院接受救治。昨晚伤者接受第一阶段手术治疗，目前生命体征平稳。,0
深圳“高考移民”事件续：两名考生被北大取消自主招生资格。图片仍能查询到这一名单。但6月10日，教育部阳光高考信息公开平台发布北京大学2019年自主招生报名审核通过名单公示，初审通过共1345人。对比可发现，富源中学的两名学生已不在初审通过名单之列。据《南方都市报》报道，富源学校工作人员已确认，此次被取消北大自招资格的学生确属于此前被确认的32名“高考移民”。北京大学方面也向媒体回应：北大自主招生初审名单公布后，接到了来自广东省考试院的通知，考生崔某某和张某某不具有在广东省2019年高考考试资格，经核实并请示上级主管部门后，我校取消了两位考生的自主招生初审通过资格。5月，富源“高考移民”事件发酵时，广东省教育厅已经表态，对普查出来的“高考移民”让他们妥善回到原籍地去考试，同时如果在高考结束之后还发现有“高考移民”，就要取消这些考生的高考成绩。而即使是在录取工作完成之后，名校取消“高考称民”的学籍，也素有先例。早在2006年，青海省高等学校招生委员会和青海省教育厅致函清华大学，认定宋某某家长采取伪造证件和欺骗手段为其取得在青海高考、录取资格。清华大学根据规定，决定取消宋某某的学籍。今年4月30日，贵州省招生考试院通报了一起对“高考移民”的处理结果，三位2018年参加高考的考生分别被录取至清华大学、复旦大学和北京外国语大学，已被三所大学作出取消学籍的处理。贵州省招生考试院指出，三名学生在高中阶段未在贵州省实际就读，在高考报名资格审查中提供虚假材料，违规获取贵州省高考资格。今年5月，教育部办公厅下发《关于严格规范大中小学招生秩序的紧急通知》，其中提出，加大对“高考移民”的综合治理，严肃查处违法获取高考报名资格行为。王帆,0
如何讲好人大故事？殷一璀到上报集团调研。2019年6月12日，上海市人大常委会主任殷一璀一行在澎湃新闻调研。6月12日下午，上海市人大常委会主任殷一璀一行赴上海报业集团就如何进一步做好人大新闻宣传工作开展调研，并和新闻单位负责人座谈交流。澎湃新闻网总裁、总编辑刘永钢向殷一璀一行介绍了澎湃新闻网近年的发展情况，并对做好人大新闻报道情况作了介绍。刘永钢表示，澎湃新闻上线以来，在人大工作宣传方面着力在内容深化、创新表达等方面下工夫，呈现上海市人大代表在新时代坐标中为民尽心尽责履职的新篇章。人大工作是新闻的富矿，近年来的上海两会上，“澎湃面面观”已成为一个宣传人大工作的明星专题。这个视频栏目通过现场采访等形式，录制专访视频，聚焦上海热点话题以及代表们长期关注的议题。比如，《澎湃面面观｜上海是党的诞生地，传承红色文化代表委员有想法》、《澎湃面面观｜上海两会热议优化营商环境，代表委员献言献策》等视频，收到良好的社会反响。同样，澎湃新闻网在平时也高度关注代表履职工作，积极报道上海人大代表和在沪全国人大代表的日常履职，长期跟踪人大代表关心的课题。以生活垃圾管理立法过程为例，从上海市人大开展立法调研到三次审议，澎湃新闻做了大量宣传报道，全程跟踪和展示生活垃圾管理立法全过程，及时向公众解读立法的必要性和意图。2019年1月31日《上海市生活垃圾管理条例》表决通过后，澎湃新闻第一时间刊发《上海通过生活垃圾管理条例，7月1日起步入垃圾分类强制时代》，获得了很好的舆论效应。刘永钢表示，澎湃新闻网今后将一如既往做好人大新闻报道，充分发挥好新媒体的传播优势，不断开拓创新，提升主流媒体在人大新闻报道中的传播力和影响力。上海市委宣传部负责人等参加调研。座谈会上，上海报业集团、解放日报社、文汇报社、新民晚报社、澎湃新闻、上海法治报负责人，以及人民日报上海分社、新华社上海分社、中央电视台上海站等中央驻沪新闻单位负责人作了发言。,0
首届央视标王1.3亿破产拍卖曾称销量远超茅台。“喝孔府宴酒，做天下文章。”年纪稍长的人们一定对这段广告词多多少少有些印象。1994年11月，孔府宴酒斥资3000万元，击败了和自己“一字之差”的孔府家酒和太阳神，孔府宴酒当时在广告中还曾得意宣称，不过在25年后的今天，茅台市值达到1.14万亿元，五粮液也成为川酒中的优秀代表。而在阿里资产拍卖平台上，甚至就连如此低廉的价格，都无人问津。截至北京时间6月12日21点半左右，就在拍卖还有12个多小时结束时，《关于山东孔府宴有限公司土地、房产等破产财产拍卖公告》显示，此次拍卖的资产里包含了该公司4宗土地、5项房产、也包括“孔府宴牌”等43件注册商标以及辅助设施和机器设备。截至北京时间6月12日21点半，这场拍卖活动仅有1人报名，36人设置提醒，但有3209次“吃瓜群众”的围观。被拍卖的四宗土地均位于山东省鱼台县，土地面积约合计26.11万多平方米；五项房产，建筑年代从上世纪70年代到本世纪初不等，房产面积合计约8.01万多平方米。但是在拍卖公告中，。如果有人拍得，后续面临的麻烦事情还不少。比如在被拍卖的第一块土地，法院提示目前该土地及地上部分房产由李更卜村实际占有并转租使用，管理人已申请法院强制执行占有人出清。而在被拍卖的5处房屋中，也有2处的土地使用权或土地性质状态异常。法院特别提醒：因公司名下房产经多次拆除、重建，导致房产现状与上述五个房产证登记的房产不完全一致，另有部分房产未办理产权登记。而在涉及机器设备等拍卖物品时，公告提示：山东孔府宴有限公司破产管理人，由此产生的问题也不影响拍卖成交结果及成交价格。法院及山东孔府宴有限公司破产管理人均不负责拍卖资产的清场交付。因，买受人应自行评估该情况对拍卖资产价值造成的影响。截至发稿前，只有1位买家参与竞拍，并缴纳了保证金2600万元。如果拍卖结束前仍没有其他人参与竞拍，这意味着该资产很有可能以起拍价成交，否则将面临流拍的尴尬境地。据公开信息报道，孔府宴酒是孔府历代衍圣公府设宴专用酒，其最早的生产地是山东省鱼台县。在那个央视广告部创收辉煌的年代，广告“标王”们不断在新闻联播以及整点报时等黄金时段，与大江南北的观众朋友们打照面。不过一时风光辉煌之后，这些“标王”们的发展后劲却让人担忧。据《山东商报》2015年4月30日《“孔府宴系”或“全军覆没”》报道称，孔府宴酒厂拿下央视广告“标王”。20多年中，有六七家含“孔府宴”字样的公司在鱼台县成立和吊销，共同组成了“孔府宴系”。工商登记信息显示，1993年，山东孔府宴酒业总公司、山东孔府宴酒厂于同年成立，法人代表、注册地址、注册资金均相同，并均在2011年6月30日吊销。2000年6月28日，鱼台县国资委与江廷华等37名自然人共同出资1亿余元，成立山东孔府宴有限公司，并在2011年6月30日吊销。而2003年，山东孔府宴有限公司还与联进投资有限公司成立山东至圣孔府宴有限公司，并在2011年6月吊销。此外，孔府宴酒的另一个“老乡”秦池酒，赌注下得更疯狂，衰败得也更快。秦池酒原本是山东潍坊市临朐县的一个地方酒厂，市场也差不多是局限于潍坊一地。为了打开市场扩大知名度，秦池孤注一掷用6666万元标的，一举夺得了1996年央视广告的标王。在96年底，视频截图要知道在1995年，秦池酒产量9600吨，实际销售9140吨，。而3.2亿的“标王”金额纪录直到十年后才被宝洁公司打破。如此豪赌广告，可想而知当年秦池酒经营生产扩张的压力多么巨大。?1997年初，北京《经济参考报》暗访调查发现，，然后以“秦池古酒”、“秦池特曲”等品牌销往全国市场。在“勾兑丑闻”的打击下，秦池这一“标王”也迅速没落，川酒、贵酒等也随之崛起，取代了当年鲁酒的市场地位。,0
媒体：宁泽涛私接广告离开国家游泳队已成定局。宁泽涛(资料图)11月7日晚间央视体育频道在《体育人间》中播出了一档关于世锦赛游泳冠军宁泽涛的节目，以宁泽涛在里约奥运会前后的训练和生活为视角，由宁泽涛本人叙述了其为何在里约表现不佳的原因。而北京青年报昨天了解到的情况则表明，宁泽涛恐怕还来不及伸冤，游泳队的资格已然不保。在《体育人间》节目中宁泽涛称，自己6月份在训练时练得极其艰苦，但被游泳中心中断外训回到北京后遭遇诸多不公正待遇，其中有在总局训练局的饭卡被消磁，他是借其他选手的饭卡吃饭，他被勒令从宿舍搬出等等遭受一堆冤屈和不公平待遇，对训练影响很大，并导致自己心事重重、体重下降、状态下滑。据北京青年报了解到的情况，在体育总局训练局中训练的运动员，吃饭是后付账的，也就是说只要手中有饭卡，吃饭计数之后，月底才由各中心根据统计对自己所属的选手一起付账。而训练局提供的只是门禁卡，并规定离开训练局一周以上就要上交，宁泽涛手中是有这种卡的，赴澳大利亚训练之前也并未上交。至于宁泽涛所说强行中断他的海外训练一事，事实是在赴澳大利亚之前，宁泽涛的回国日期就已经确定是6月19日，这是因为所有队员都要回国参加统一的药检和其他检查，并没有其他运动员例外。宁泽涛要求延后至6月29日，并未被游泳中心所批准。宁泽涛还在《体育人间》的采访中提及了游泳中心要他作为4×200米自由泳接力成员冲击奥运会资格一事，并说这样的要求是“荒谬”的。我们来回放一下当时的片段：由于中国队在4月份的佛山奥运会游泳预选赛之时，尚未获得该项目的奥运资格，那也是中国游泳队唯一还没有获得奥运参赛资格的项目。而由于孙杨的临时受伤，国家队决定由200米有着1分46秒50成绩的宁泽涛搭档其余三位队员冲击这项奥运资格，只要先把资格拿下来，中国游泳队即可在历史上首次完成全项目参赛，到了里约自然由孙杨顶上。这只是个临时任务而已，但当时被宁泽涛以身体原因所拒绝。最终中国队在该项目的奥运选拔资格中被挤到了世界排名第17位(前16位获得奥运参赛权)，失去了里约奥运会的参赛资格。中国游泳队期待首次奥运会全项目参赛的愿望落空，颇为遗憾。这个项目冲击奥运资格失败虽然不能将责任全都归咎于宁泽涛，身体不适也可以理解，但关键时刻一位军人运动员没有顾全大局服从指挥，且在事后指责游泳队的安排为“荒谬”，这种做法值得商榷。,1
中国着力弘扬科学家精神力争3年取得作风学风实质性改观。中新社北京6月13日电(郭超凯)中国科学技术部13日在北京召开新闻通气会。中国科学技术部科技监督与诚信建设司司长戴国庆在会上表示，中国着力弘扬科学家精神，倡导创新文化，力争在3年内取得作风学风实质性改观。中共中央办公厅、国务院办公厅近日印发了《关于进一步弘扬科学家精神加强作风和学风建设的意见》(以下简称《意见》)。戴国庆表示，在起草过程中，《意见》突出问题导向，在充分肯定中国科技界作风学风主流积极向上的同时，针对当前一定程度存在的浮夸浮躁、弄虚作假、急功近利等突出问题，提出有针对性、可操作的治理举措，营造良好学术生态。《意见》强调，力争1年内转变作风改进学风的各项治理措施得到全面落实，3年内取得作风学风实质性改观，科技创新生态不断优化，学术道德建设得到显著加强，新时代科学家精神得到大力弘扬，在全社会形成尊重知识、崇尚创新、尊重人才、热爱科学、献身科学的浓厚氛围。在措施落实方面，《意见》提出一系列措施，如明确规定严禁违规将科研任务转包、分包他人、以项目实施周期之外或不相关成果充抵交差等。论文等科研成果发表后一个月内，要将所涉及的实验记录、实验数据等原始数据资料交所在单位统一管理、留存备查。每名未退休院士受聘的院士工作站不超过1个，退休院士不超过3个，院士在每个工作站全职工作时间每年不少于3个月。在科技项目、奖励、人才计划和院士增选等各种评审活动中，不得“打招呼”“走关系”，不得投感情票、单位票、利益票，一经发现，立即取消参评、评审等资格。此外，《意见》还规定，不得片面通过高薪酬高待遇竞价抢挖人才，特别是从中西部地区、东北地区挖人才。(完),0
人民币“入篮”SDR：开启全球储备货币新征程。新版百元人民币细节。中新网金硕摄中新社华盛顿9月29日电中新社张蔚然10月1日，人民币将正式加入(IMF)特别提款权(SDR)货币篮子，这是SDR创建以来首次纳入新兴经济体货币，人民币将开启作为全球储备货币的“新征程”。多位学者认为，未来经济和金融体系改革的深入将推动人民币成为更强大的货币，在国际金融体系发挥更大作用，同时中国也需就宏观经济政策作出清晰沟通解释，让投资者和市场准确读取中方讯息，不出现过度反应。美国彼得森国际经济研究所高级研究员尼古拉斯·拉迪(NicholasR.Lardy)在接受中新社采访时表示，“入篮”是人民币国际化发展进程中的一步，中国金融体系改革的深入将推动人民币成为更强大的货币。彼得森国际经济研究所另一位高级研究员塔米姆·巴尤米(TamimBayoumi)认为，“入篮”意味着中国开始以全球金融市场主要角色的身份出现在舞台中央，也为中国改革提供了一只“锚”，有利于中国逐步开放资本市场、增强汇率弹性，还有利于国际金融体系变得更民主。外界注意到，尽管人民币国际使用程度起点较低，但过去5年来上升速度很快。康奈尔大学教授、布鲁金斯学会研究员埃斯瓦尔·普拉萨德(EswarS.Prasad)说，IMF宣布人民币“入篮”之前，人民币就已成为事实上的储备货币，、、等很多国家将人民币作为其外汇储备资产的一部分，或乐见人民币成为储备资产，全球逾30个央行与中国有双边本币互换安排，人民币已是全球第5大支付货币。在此背景下，人民币“入篮”对中国、IMF和国际金融体系都有好处，从长期看对中国经济也有好处。多位学者指出，随着人民币开启作为全球储备货币的新征程，让全球市场和投资者更清晰地读懂中国政府、尤其是央行对外释放的政策讯息，避免作出过度或错误反应成为中国官方需重点关注的问题。拉迪表示，中国主管部门应继续向外界披露关于其货币和储备资产的更多信息，包括数量和规模、变动方式和理由、储备资产具体构成等。前瞻人民币国际化，普拉萨德认为，这一进程最终要由市场来决定，取决于中国经济和金融市场改革的进展，也涉及政策透明度、法治建设等多个领域。布鲁金斯学会资深研究员、中国和局前局长杜大伟(DavidDollar)向中新社表示，要想继续提升人民币在国际金融体系中的作用，中国需深化金融改革，如强化资本市场，提高市场透明度，逐步开放资本账户等，也需在债券、股市甚至房地产等领域深化改革，进一步明确对产权的保护，上述改革措施符合中国利益，也有利于人民币的前景。美国战略与国际问题研究中心下属中国商业与政治经济项目主任甘思德(ScottKennedy)向中新社表示，要想使全球投资者对持有和交易人民币产生更大兴趣，中国需继续推动经济可持续增长、改善经济结构，这是金融市场有效运作的必要条件。由于中国经济体量巨大，以及在全球贸易体系和金融体系中分量的上升，华盛顿智库界开始讨论人民币会不会超过其他储备货币，成为具有主导地位货币的问题。多数学者认为，下明确结论“为时尚早”。拉迪认为，在未来一段时间内，由于人民币很难一跃成为多数国家储备资产的主要组成部分，所以距主导地位货币仍有“相当距离”。杜大伟表示，人民币有潜力超过日元和英镑，但可能需要数十年才能开始与美元相较。目前美元在全球金融市场发挥“减震器”作用，资本会在市场面临冲击时流入美国，形势好转时流出，这对美元造成压力。中国在短期内无需考虑这一点，不过从长远来看，中国需要决定人民币是否愿意发挥全球“减震器”作用。普拉萨德说，人民币未来可能会超过日元、英镑甚至欧元，但不会挑战美元主导地位。,0
八项规定实施4年查处问题近14万起处分9万余人。八项规定实施四年查处问题13.9万起北京晨报讯中央纪委官网昨天撰文表示，从2012年底八项规定实施以来，截至2016年8月31日，全国已累计查处违反中央八项规定精神问题139622起、处理187409人，给予党纪政纪处分91913人。梳理发现，八项规定实施后至2013年末，全国共给予党纪政纪处分7692人。2014年处分23646人，增2倍。2015年处分33966人，较上一年增长44%。2016年1至8月处分26609人，已超过2014年全年总数。文章称，数据变化的背后体现了纪检监察机关加大查处力度、越往后执纪越严的要求。从职级来看，受处分人员中，乡科级干部84068人，占总人数的九成多；县处级干部6903人，占8%；地厅级干部927人，省部级干部15人。从违纪问题类型看，违规配备和使用公车问题最为突出，为26172起，占比19%。其次为违规发放津补贴或福利问题，共13826起，占比10%。大办婚丧喜庆问题列第三，共12934起，占比9%。违规收送礼品礼金问题和违规公款吃喝问题也比较突出，分别为11015起、9978起。具体到违纪情形，以今年中央纪委监察部网站已公布的13次节点每周通报中曝光的1194起问题为例，出现频率较高的词汇主要有：“礼金”405次，“公车”346次，“旅游”321次，“补贴”264次，“婚宴”136次。文章称，节假日期间的公款送礼、公款旅游、公款吃喝等不正之风依然存在，必须一个节点一个节点继续抓下去。,0
泉港碳九泄漏事故8名责任人员被福建检方提起公诉。据福建省人民检察院微信公众号消息，据泉州市人民检察院消息，日前，泉州市泉港区人民检察院经审查决定，依法对泉港碳九泄漏事故8名相关责任人员提起公诉：以重大责任事故罪和谎报安全事故罪依法对东港石化公司法定代表人黄某仁、副总经理雷某华、常务副总经理陈某芳提起公诉。以重大责任事故罪依法对东港石化公司员工徐某清、刘某山、陈某山以及“天桐1号”化工船作业人员叶某彪、林某定提起公诉。经调查组调查，泉港裂解碳九泄漏事故涉事企业安全生产隐患严重，泄漏事件发生时存在违规作业。发生泄漏事件后，企业要求中层以上员工统一口径，隐瞒泄漏数量，并恶意串通码头船只统一口径。,0
1-5月中国外贸进出口12.1万亿元保持稳中有进势头。中新网6月13日电今年1-5月中国对外贸易情况如何？商务部发言人高峰今日介绍，中国外贸进出口保持稳中有进的发展势头。根据海关统计，1-5月中国进出口12.1万亿元，同比增长4.1%。其中，出口6.5万亿元，进口5.6万亿元，顺差8933.6亿元，扩大45%。图为航拍江苏连云港一处集装箱货运码头。(资料图片)中新社泱波摄13日，商务部举行例行发布会，商务部发言人高峰在会上做出如上介绍。——国际市场布局更加多元。与“一带一路”沿线国家贸易规模进一步扩大，进出口增长9%，占比提高至28.8%。与欧盟、东盟、俄罗斯和巴西等进出口分别增长11.7%、9.4%、10.0%和11.2%。同期，对美国的进出口下降9.6%。——民营企业出口占比超过50%。民营企业出口3.28万亿元，增长13.8%，占比提高3.2个百分点至50.4%外商投资企业出口2.58万亿元，增长0.5%。国有企业出口6375.1亿元，下降5.9%。——商品结构持续优化。机电产品出口3.8万亿元，增长5.1%，占出口总值的58.4%。其中，集成电路、电动机及发电机等产品出口分别增长25.1%、7.6%。七大类劳动密集型产品保持竞争优势，出口1.21万亿元，增长7.2%。其中，玩具、塑料制品、家具分别增长30.1%、18.6%和9.6%。——一般贸易出口较快增长。一般贸易出口3.82万亿元，增长10.3%，占比提高2.1个百分点至58.8%加工贸易出口1.92万亿元，下降1.5%。——国内区域布局更加均衡。中部和西部地区出口增长14.7%，占比提高1.3个百分点至17.6%东部地区出口增长4.4%，占比82.4%。,0
2019世界工业互联网大会将在成都举行多项新成果将亮相。中新社北京6月13日电(郭超凯)13日获悉，主题为“创新驱动工业互联迎接世界新工业革命”的2019世界工业互联网大会，将于本月15至16日在四川成都举行，多项工业互联网领域的新成果、新案例将集中亮相。本届大会包含中央企业工业互联网融通平台启动、航天云网“一脑一舱两室两站一淘金”系统级工业应用产品及案例发布、四川省政府与中国航天科工集团有限公司(以下简称航天科工)深化战略合作协议签署等环节。此外，大会还将召开中央企业工业互联网融通发展、工业互联网、智能制造创新发展、国际工业互联网合作与发展、军民协同创新发展、先进制造业与生产性服务业深度融合等6场专题会议。据介绍，“一脑一舱两室两站一淘金”是航天云网的系统级工业应用产品，可面向企业用户提供企业决策、企业运行、企业交易、企业制造、企业网络接入、企业管理和数据挖掘等全流程、系统级、全方位的服务。在2017年、2018年连续两年“工业互联网高峰论坛”举办的基础上，本届大会正式升级成为国家级工业互联网盛会。主办方表示，2019世界工业互联网大会旨在建立政府、企业、产业联盟等多层次沟通对话机制，携手各方深入贯彻中国关于制造强国、网络强国战略部署。(完),0
冬奥特许商品零售店开进奥林匹克塔。冬奥本报讯（赵婷婷）北京2022官方特许商品零售店奥林匹克塔店昨日开业。这是奥林匹克中心区内面积最大的北京2022官方特许商品零售店，将为奥林匹克塔增加新的服务内容和消费体验。店铺以蓝色基调为主，整体简洁明快，美观大方，总面积200平方米。在商品选择上，店铺汇集徽章、钥匙扣等非金属制品、贵金属制品、服装服饰、文具、陶瓷、邮票、丝绸等七大品类二百余款经北京冬奥组委授权批准的特许商品。活动现场，北京冬奥组委市场开发部部长朴学东为特许零售店授牌。作为目前奥林匹克中心区内面积最大的特许零售店，奥林匹克塔店将成为宣传冬奥，展示冬奥，传播奥林匹克文化的重要阵地。“我们也希望特许零售店能在一线销售中积极收集信息，为下半年冬奥特许商品尤其是吉祥物特许商品的开发提供有针对性的建议，为北京冬奥会特许经营发展提供有力支持。”北京冬奥组委市场开发部副部长王禹表示。世奥公司党委副书记、副董事长、总经理穆德林表示，北京奥林匹克塔作为奥林匹克中心区中轴线最北端的制高点，将为冬奥会特许商品搭建更多展览、销售的平台，同时将让更多的市民、游客近距离领略奥林匹克精神。摄影/本报林辉,0
精准发放低保资金。本报那曲6月12日电（张宇）今年以来，申扎县民政局以户为单位，将年人均收入低于4450元的群众全部纳入到申扎县农村最低生活保障范围，并于近日发放第一季度农村最低生活保障资金。全县第一季度符合农村最低生活保障的对象有629户、2336人，共计兑现资金123万余元。据悉，申扎县完善农村最低生活保障对象管理，对无法通过产业扶持和就业帮助、无劳动能力的贫困人口，及时将其纳入保障范围。通过定期与社保、扶贫等相关部门开展信息对比核查，加强了低保动态管理，对全县农村最低生活保障对象“应保尽保”“应退尽退”做到了精准识别、精准帮扶、精准管理。同时，在发放过程中，严格要求各乡（镇）压实责任，把低保补助资金以“一卡通”形式兑现到最低保障对象手中，兑现未出现搞平均分配、降补助标准以及优亲厚友的现象。张宇,0
广东防汛应急响应再次提升至Ⅲ级。10日，在广西融安县大将镇东潭村大潭屯，村民在清理阻拦在大桥上的竹子。谭克兴摄（影像中国）本报北京6月12日电（李刚、罗艾桦、庞革平、刘梦丹）广东省防汛防旱防风总指挥部办公室、广东省应急管理厅决定从12日17时30分将防汛Ⅳ级应急响应再次提升为防汛Ⅲ级应急响应。12日白天，粤东市县出现了大到暴雨、局部大暴雨，粤北和西南部沿海市县出现了中到大雨、局部暴雨。截至12日17时，南方电网近万人次投入应急抢险。12日从广西应急管理厅获悉，4日起广西局部地区的强降雨已造成河池、南宁、桂林、柳州、百色及防城港等6市38县（市、区）出现洪涝灾情。12日上午，松花江防汛抗旱总指挥部召开2019年工作视频会议，安排部署今年松花江流域防汛抗旱工作。据预测，今年汛期，松花江和辽河流域降水总体偏多，有局地强对流和区域性暴雨，发生局地洪涝、中小河流洪水的风险较大。李刚罗艾桦庞革平刘梦丹,0
曹雪芹故居被指翻译错误：英文名成“蔡雪芹”。曹雪芹故居被指翻译错误北京晨报现场新闻昨日有网友发微博称，北京植物园里的曹雪芹纪念馆门前的说明牌上将曹雪芹的拼音拼错了，曹的汉语拼音“cao”拼成了“cai”，曹雪芹成了“蔡雪芹”。对此，北京植物园工作人员表示会尽快核实后处理。昨天，一名网友将一张在北京植物园曹雪芹故居前拍下的英文翻译发到网上，并配文“曹雪芹纪念馆门前的两棵古槐英文注释中的‘CaoXueqin’翻译人员写成了‘Caixueqin’，希望有关人员及时改正，不要误导外国人，这样也是对一代文学巨匠的不尊重。”微博一出，网友纷纷转发。“这网友真细心，我去过很多次都没有发现，希望公园尽快更改过来”。该网友称，他也是在给外国朋友介绍的时候发现的这个错误。“当时真觉得好尴尬，把文豪名字拼错是很低级的错误。”看到，在曹雪芹故居的英文说明上将“曹”的拼音“cao”写成“cai”。对此，北京晨报拨打北京植物园电话，工作人员称，已经知情曹雪芹故居拼音错误的情况，将尽快核实处理。线索：辰先生,0
一分半｜国内外203个西瓜品种集中亮相北京市农作物品种展示会。6月11日，来自国内外的203个西瓜品种在北京市农作物品种展示会上集中亮相，展开同场“竞技”。据介绍，小型瓜作为本次展示会上的“主力军”，共有91个品种。大型瓜与中型瓜分别有59、53个品种。2016年起，北京市农作物品种展示会已成功举办四届，每年北京市种子管理站都将挑选一个作物作为专题展示，今年展会主题为“瓜”目相看，展示的作物为西瓜。在现场看到，本次展示的西瓜品种可谓五花八门，在203个西瓜品种中，有我们耳熟能详的福运来、超越梦想、京欣1号、京欣2号等京欣系列品种，还有市面上不常见的羞月、关东美人、女神2000等品种，其中也不乏品种奇特的拇指西瓜。千龙网北京6月12日讯（孙彰）超越梦想、京欣1号、羞月、拇指西瓜…6月11日，来自国内外的203个西瓜品种在北京市农作物品种展示会上集中亮相，展开同场“竞技”。据介绍，小型瓜作为本次展示会上的“主力军”，共有91个品种。大型瓜与中型瓜分别有59、53个品种。自2016年起，北京市农作物品种展示会已成功举办四届，每年北京市种子管理站都将挑选一个作物作为专题展示，今年展会主题为“瓜”目相看，展示的作物为西瓜。在往届的作物展示会上，辣椒、番茄、茄子的各类品种均已作为主题作物展示。在现场看到，本次展示的西瓜品种可谓五花八门，在203个西瓜品种中，有我们耳熟能详的福运来、超越梦想、京欣1号、京欣2号等京欣系列品种，还有市面上不常见的羞月、关东美人、女神2000等品种，其中也不乏品种奇特的拇指西瓜。放眼望去，瓜皮有黄色花皮、绿色花皮、墨绿色花皮的，形状有圆形、长椭圆形、纺锤形、圆筒形的，切开瓜皮其中的瓜瓤还有红色、桃红色、青绿色、桔红色的…色彩纷呈、姿态各异的西瓜品种让人看的眼花缭乱，给人一种置身于“西瓜王国”的感觉。北京市种子管理站品种管理登记科科长窦欣欣向介绍到，为促进西瓜优新品种的推广应用，我们为每个西瓜制作了一个身份证二维码，参会人员可以通过手机扫描二维码登录“优新品种查询平台”，查看品种信息（包括选育单位、联系方式、展示地点、特性描述、栽培简介、图片信息），还可为品种评分，收藏喜爱的品种。据了解，目前我国年产西瓜超过7000万吨，产销量居世界第一。西瓜也是北京的特色优势产业，其中大兴西瓜已成为中国国家地理标志产品。但是西瓜产业发展还面临一些问题，如品种更新缓慢，与需求对接不够紧密，品种套牌、侵权案件时有发生等。尤其是像北京这样的国际大都市，需求的多元化难以满足。今年的西瓜品种展示会旨在搭建一个公平、公正、公开的品种展示交流平台，通过对比试验，一览国内外西瓜品种动态，筛选符合北京需求的优新品种。同时构建品种的表型库、指纹库，提高西瓜品种管理水平。北京市种子管理站质量管理科科长律宝春表示，经过连续多年的培育和打造北京农作物品种展示会在促进种业成果转化、加快优良品种应用、推动产业转型升级等方面发挥了积极作用并成为在全国具有一定影响力的农作物品种展示和交流的平台，提高北京现代种业发展活力和影响力。,0
藏传佛教活佛转世专题展在拉萨举行。本报拉萨6月12日讯（王超）为进一步深化“遵行四条标准争做先进僧尼”教育实践活动，丰富拓展活动内容，12日，中国藏学研究中心西藏文化博物馆、中国佛教协会西藏分会、自治区深入开展“四条标准”教育实践活动小组办公室在西藏佛学院联合举办藏传佛教活佛转世专题展。区政协副主席珠康·土登克珠、索朗仁增出席。活佛转世是藏传佛教的重要传承制度。在几百年的转世实践中，形成了完备的寻访认定转世灵童的宗教仪轨和历史定制。举办专题展，旨在普及藏传佛教活佛转世知识，讲明活佛转世的产生与发展，宣传《藏传佛教活佛转世管理办法》及藏传佛教活佛转世的宗教仪轨和历史定制。通过学习观看，宗教界人士一致认为，藏传佛教活佛转世和管理必须坚持党的领导，坚持依法管理，遵循宗教仪轨和历史定制，坚持独立自主自办原则。王超,0
今年前5月全国生产安全事故死亡1万余人同比降18%。新京报快讯据国新办消息，国务院新闻办公室6月13日举行新闻发布会，国务院安全生产委员会办公室副主任、应急管理部副部长孙华山等介绍当前安全生产形势和安全生产月活动有关情况，并答问。孙华山介绍，今年以来，各地区、各有关部门和单位认真贯彻落实习近平总书记关于安全生产工作的重要指示和李克强总理等中央领导同志的批示要求，深化重点行业领域安全整治，着力防范化解重大安全风险，各项工作取得积极进展。一是事故总量继续下降。1-5月全国发生各类生产安全事故1.5万余起、死亡1万余人，同比分别下降16%和18.1%。二是大部分行业领域事故下降。12个重点统计行业领域中有9个(煤矿、烟花爆竹、工贸、建筑业、道路运输、铁路运输、水上运输、渔业船舶、农业机械)实现事故起数和死亡人数“双下降”。三是大部分地区安全生产形势稳定。32个省级统计单位中有30个事故起数和死亡人数“双下降”，25个未发生重特大事故。但我们也清醒地看到，当前安全生产形势依然严峻复杂。今年以来化工、煤矿、金属非金属矿山、建筑施工发生多起重特大事故，特别是江苏响水天嘉宜化工公司“3.21”特别重大爆炸事故，给人民群众生命财产安全造成重大损失，暴露出安全生产基础性、源头性、瓶颈性问题突出，反映出一些地区和企业安全发展理念不牢、抓安全生产不严不实、防范措施不到位、监管执法能力不足等问题。对此，应急管理部组织8个组，由部领导带队深入基层开展调查研究，组织对14个省、34个化工园区、94家化工企业进行了明查暗访，推动各地深刻吸取教训，举一反三、亡羊补牢，强化改进措施。应急部党组始终把安全生产作为应急管理工作的基本盘和基本面，坚持一手抓应急、一手抓防范，敢于担当、勇于作为，把防范化解重大安全风险、有效维护人民群众生命财产安全作为我们的重要任务、重大责任，深刻汲取重特大事故教训，围绕中央的决策部署，强化抓落实的责任、突出抓落实的效果，坚决遏制重特大事故。编辑倪艳楠,0
伊朗总统：美国对伊朗施压的潜力已“枯竭”。伊朗总统鲁哈尼表示，华盛顿对德黑兰施加压力的潜力已经“枯竭”，伊朗的情况与去年相比有所改善。图自俄罗斯卫星网据俄罗斯卫星网6月12日报道，鲁哈尼官方网站发布了他在政府会议上的讲话称：“施压潜力已经枯竭。美国对伊朗人民的施压达到顶峰，从那一刻起，这种压力就将失去力量。与半年至一年前相比，现在伊朗人民平静了很多。”他说，美国对伊朗施加的压力前所未有，甚至联合国安理会以前的制裁也无法与华盛顿的做法相提并论。然而，鲁哈尼指出，尽管如此，伊朗现在处于良好状态，但这并不意味着没有问题。据了解，过去一个月美国与伊朗的关系局势严重恶化。美国当局对伊朗经济关键领域实施严厉制裁，并继续加大制裁压力。华盛顿宣布的目标是“改变伊斯兰共和国的行为”。美国还宣布伊斯兰革命卫队（IRGC）为恐怖组织。作为回应，伊朗认定美国中央司令部（CENTCOM）是“恐怖组织”，美国本身就是“支持恐怖主义的国家”。,0
2017省级地方两会启幕北京山西拟选监察委主任。2017省级地方两会今启幕北京等拟选出监察委主任资料图：2016年1月7日，河北省政协十一届四次会议在石家庄召开。翟羽佳摄中新网北京1月7日电随着河北、甘肃两省的政协会议于今日召开，2017年省级地方两会将正式拉开帷幕，据统计，有28个省份的两会将在本月“扎堆”举行。随着省级地方两会的陆续召开，在未来的一个多月里，各地如何规划今年的经济社会发展，政府工作报告如何回应民生期待等等，这都将成为舆论焦点。此外，在北京等试点地区，监察体制改革也将是今年地方两会的看点之一。根据此前公布的消息，今天，河北省政协十一届五次会议将在石家庄开幕，甘肃省政协十一届五次会议将在兰州开幕。随着河北、甘肃两省进入“两会时间”，2017年的省级地方两会将就此启幕。在全国两会召开之前，每年1月至2月，省级地方两会都会密集召开。根据的统计，目前，全国31个省份均明确了2017年省级地方两会的召开时间。在河北、甘肃之后，新疆、宁夏和西藏的省级两会也将在近日召开。从全国范围来看，除了江苏、山东、海南三省将今年的省级地方两会日期定在2月举行，其余28省份都将在本月进入“两会时间”。本月中旬将是省级地方两会最密集的开幕时段。根据公开报道，中新网统计发现，有23个省份的省级地方两会集中在本月中旬开幕，仅1月14日当天，就有10个省份的两会启幕。每年省级地方两会，各地的政府工作报告都备受关注。2016年是“十三五”开局之年，各地交出了怎么样的成绩单，又将如何设定2017年的GDP目标，这些都是舆论关注的焦点话题。除了经济增长目标，包括扶贫攻坚、教育发展、环境治理等，各地政府在新年里又将作出哪些民生承诺，亦是民众关注省级地方两会的焦点。今年的省级人代会上，除了“常规议题”之外，根据公开报道，此前各地省级人大常委会会议建议的议程中，北京、山西已明确将有“选举监察委主任”的议程。2016年12月25日，十二届全国人大常委会第二十五次会议上，表决通过了《全国人民代表大会常务委员会关于在北京市、山西省、浙江省开展国家监察体制改革试点工作的决定》，明确在北京市、山西省、浙江省及所辖县、市、市辖区设立监察委员会，行使监察职权。其中还规定，试点地区监察委员会由本级人民代表大会产生。监察委员会主任由本级人民代表大会选举产生；监察委员会副主任、委员，由监察委员会主任提请本级人民代表大会常务委员会任免。,0
北京市交通行业采取针对性措施应对高温黄色预警。据北京市交通委官网消息，随着北京正式入夏，北京市迎来今年首轮高温黄色预警。高温黄色预警发布后，北京市交通委及时传达预警指令，交通行业迅速采取针对性措施。公路建设养护方面，做好施工人员防暑降温工作，适时调整作业时间，减少室外露天作业，严防因高温引发安全生产事故；加大市管城市道路、县级以上一般公路、高速公路及桥梁巡查力度，发现设施异常及时处置。地面公交方面，严格落实车辆例行安全检查，加强司乘人员安全叮嘱，提供必要的防暑降温物品，严防疲劳驾驶；加强公交场站安全监管，严格落实火灾防控工作。轨道交通方面，加强轨道交通车辆设备检修维护和巡查巡视，确保高温环境运行稳定；做好车站通风设备和制冷设备维护检修，密切关注车站和车厢温度，及时通风、调节空调温度，提前备足防暑降温物品。,0
抓住转型发展“牛鼻子”。郎溪县十字经济开发区以园区升级促进高水平开放，以高水平开放促进高质量发展，紧紧抓住转型发展的“牛鼻子”，加强供给侧结构性改革，促进企业转型，助推园区经济高质量发展。在郎溪县十字经济开发区的立宇食品厂生产车间里，机器轰鸣，咖啡豆沿着机器的螺旋形管道一步步被加工萃取，控制室里只有一名工作人员在电脑前监控设备的运行。“这条生产线是我们去年从意大利引进的最新生产线，在国内算是最先进的技术了，企业的产能和产值在国内同行业能够达到前三。”厂长周平安介绍，引入生产线后，企业不但提高了产品质量，也简化了操作工序，节约了用工成本。据了解，成立于2002年的立宇食品(郎溪)有限公司是一家台商投资企业，总投资额约2000万美元，主要生产销售焙炒咖啡豆、咖啡粉、咖啡提取液和各种茶叶制品等。“去年企业的产值达一亿多，预计2019年全年产值将会达到三到四亿元左右。目前，我们已经和瑞幸、统一、蒙牛和娃哈哈等企业建立了长期合作关系。”据了解，该厂在今年六月份进行技术改造二期工程，除了新建两栋厂房以外，还将安装企业自主研发的咖啡提取液的设备，进一步提质增效，促进企业转型升级。在不远处的宏跃纺织厂房里，上千台机器隆隆作响，生产线上一片繁忙的景象。“一期工程已经在今年3月份正式投产运营，今年全年产值有望达到1.2亿元，生产出来的产品将会出口到东欧、南美和非洲等国家。”宏跃纺织负责人刘猛介绍，该企业是一家生产高档特宽多功能纺织面料企业，面料宽度在国内主流家纺市场上最宽，同时其自主研发的防水、防静电、抗菌型面料在国内家纺市场上占据一定份额，全部投产后可年产11000万米高档特宽多功能纺织面料。“企业之所以会选择到宣城投资，一方面是看中了这里的交通区位优势，另一方面和当地政府的扶持政策也密不可分。”为推动园区高质量发展，十字开发区构建多层次合作平台，与全国三十多家园区共同发起成立中国纺织服装产业园联盟协会合作，深化与中纺联、长丝协会、中航天等行业协会的合作；实现多方式交通衔接，启动园区总规修编，为打造上海、浙江、江苏和安徽三省一市合作基地扎实规划基础。完成建成区道路“白改黑”及人行道绿化工程，开工建设柏维力大道延伸工程，持续优化路网体系；深化多领域合作交流，在引进大、好项目的同时，借鉴沪苏浙先进的管理理念，在全县首次制定企业综合评价管理办法、引进“环保管家”服务和“安全生产监督检查”服务等，逐步规范完善园区管理制度。“今年，开发区预计开工项目30个、竣工25个、投产20个。在1-5月份期间，已经开工项目10个，竣工12个，投产8个。”十字经济开发区管委会副主任刘明介绍，二季度该开发区将聚焦指标抓提升，推进鼎兴二期、万方三期等技改项目的建设，帮扶企业尽快扩产提能聚焦企业抓帮扶。抓好规模企业培育，跟踪对接、做好服务，力争全年新增规模企业20家。同时结合产业规划锁定主导产业重点区域，紧抓目前在谈重点项目，推进细节性谈判，合理借鉴利用先发地区的经验，力争引进更多的行业百强、国内500强等大而好项目。(余庆余克俭),0
"吃橘子注意这3点，否则可能会伤身。柑橘是中国家庭最常见的水果，多年来占据种植量、销量、进出口量三个第一，常年占据水果摊的半壁江山。为了迎合大家的生活节奏#懒#，容易剥皮的宽皮柑橘也越来越多，不用洗不用削，甚至都不用弄脏双手，就能吃到的酸甜水嫩的水果，有谁能抵得住呢!？不过，吃了这么多年的柑橘，这些知识你知道吗？少吃点！吃橘子“上火”的可能是其中糖和有机酸引起的。吃太多，高糖分和酸性成分会刺激口腔和咽喉粘膜。太多糖引起过高的血糖负荷，也容易爆痘。膳食指南推荐成年人每天吃水果200-350g，大概是两个中等大小橘子。LaitrKeiowsCCBY-SA3.0https://creativecommons.org/licenses/by-sa/3.0有种丑八怪的品种叫”不知火“，这是日本的一个地名。”丑八怪不上火“大概是国人望文生义吧。吃太多，其中的胡萝卜素还可能会把你染成“小黄人”，虽然是暂时的，也不会影响健康，但爱美的你肯定会介意的。首先，列出我们常说的果汁两宗罪(不含糖的100%纯果汁)：1.容易把糖吃超标。2.损失不溶于水的营养成分。如钙、不溶性膳食纤维；同时榨汁还会破坏维C和一些多酚类物质。不过，一些国家比如美国和日本的膳食指南并不反对用纯果汁替代部分水果。考虑到中国人的人均水果摄入量只有40.7g，远低于200-350g的目标量。对不太吃水果的人来说，纯果汁也是个不错的辅助。优化方案是：尽量把渣渣一起吃下去+控制榨汁的量(原料要≤500g)。但如果正在服用某些降压降脂药，必须提醒：不要喝某些柑橘类水果汁。柚子、葡萄柚等柑橘类水果中含""呋喃香豆素""，可以影响一些药物在体内的代谢，导致药物浓度过低或过高。柚家族成员很多，除了西柚(葡萄柚)之外，柚子、白金柚等也值得注意。常见的蜜桔、金桔、丑八怪等并不影响。水果家族中，柑橘类水果似乎格外受科学家关注。你们看，世界癌症研究基金会WCRF定期更新的报告《食物、营养、身体活动与癌症预防》中，专门有一小节是关于“柑橘类水果”的。科学家们已经观察到，多吃柑橘类水果，对降低食道癌、胰腺癌、胃癌等癌症的风险有帮助，但还需要更多研究。他们分析，这可能跟柑橘们同时含多种防癌成分有关，如维C、膳食纤维、胡萝卜素、叶酸、黄酮类化合物等。#橘子好像是水果界的“扫地僧”呢，深藏不露#还有不少研究关注了柑橘类水果与肥胖、2型糖尿病、心血管疾病、阿尔茨海默病等之间关系，研究发现都很积极呢。[1]-[2]比如，日本研究人员对13373名中老年男女进行了5-7年的追踪后发现，每天吃柑橘类水果的人比一周吃柑橘少于2次的人，患阿兹海默症的概率低23%.需要注意的是：柠檬水减肥法并不靠谱。柠檬水本质还是水，通过大量喝水增加饱腹感，说到底还是少吃东西的节食减肥法。蜂蜜柚子茶也一样，本质就是糖水啊！弄不好反而增肥，得不偿失。柑橘类水果(Citrusfruits)是芸香科柑橘亚科柑橘属、枳属、金橘属等多个属的水果，包括各种橙子、各种橘子、各种柚子、金橘、柠檬、佛手柑等等。根据我们日常的叫法，大概有：橘子、沙糖橘、小叶橘、蜜桔、金橘、柠檬、柚子、橙子、杂柑(粑粑柑等)等等。生嗑柠檬都在橙子橘子面前甘拜下风，更不用说被稀释了几百倍的柠檬水了！总结了一个简单的维C排名：橙＞橘＞柚。但也跟品种、栽培方式有关。柑橘类水果的钾、镁含量普遍都不错，升糖指数也较低，特别是柚子，适合有控制血糖需求的人适量食用。柑橘类水果的“颜色”，是由番茄红素、β-胡萝卜素等类胡萝卜素组成的。颜色深，说明含量高。从这个角度讲，颜色越深营养越好是有道理的。不过换个角度看，类胡萝卜素在番茄、南瓜、杏、西瓜等水果蔬菜中都含有，也没有什么稀奇。一句话：不纠结，买喜欢吃的就好~橘子上的白筋，和柚子皮上厚厚的海绵层一样，主要是水和膳食纤维。此外还有诸如橙皮甙、柚皮甙等类黄酮物质，有降血脂、抗氧化等功效，但量很少。吃掉无妨，能增加点膳食纤维，不吃也没太大损失。不过，柚子的海绵层再厚也没有吸收甲醛的功能。只能做做空气清新剂，用途嘛，和香水差不多~不一定。表皮光滑的主要原因，是因为果皮上分布的油囊细胞。柑橘精油就是通过压力破坏这些油囊细胞，使精油渗出的。再加上水果本身的果蜡，就更亮了...像其它水果一样，人为打上一层食用蜡，能防止磕磕碰碰造成的毁容，并适当延长保存期限。#所以我们才能吃到来自世界各地的美味啊~#不过，不管是果蜡还是食用蜡，都是可以吃的。实在不放心，像金橘这种带皮吃的，热水冲洗，蜡也能融掉~简单说，陈皮就是柑橘皮。但严谨一点，比如新会陈皮，就对原料、储存条件和时间有要求：选用新会产区的茶枝柑皮，在地理标志保护区域的自然条件下贮存陈化三年以上。也就是说，三年以下的只能叫果皮。而一些陈皮凉果，也只能算蜜饯。LaitrKeiowsCCBY-SA3.0(https://creativecommons.org/licenses/by-sa/3.0)选底部有凹陷的，证明皮薄。挑软硬适中的。一般来说，这样的果肉柔软，汁水丰富。同一个品种的橙子，选果皮细腻。觉得新买的橘子不甜，也可以放到袋子里，隔天再吃~吃前摇一摇会更甜~试过就知道！#小心丢出去....#https://commons.wikimedia.org/w/index.php?curid=3087431皮超薄的克莱门氏小橘子ByTokugawapantsCCBY-SA3.0正在服用某些降压降脂药的人，服药前后不要吃柚子喝西柚汁；其他人，只要别一次吃太多喝太多，就不用太担心“上火”、变黄、长胖；最后还要1点提醒：剥橙子的时候，留心身边有没有气球，橙子+气球，气球可能会炸喔~https://www.ngssphenomena.com/[1]ZhangSTomataYSugiyamaKetal.CitrusconsumptionandincidentdementiainelderlyJapanese:theOhsakiCohort2006Study[J].BritishJournalofNutrition2017:1-7.[2]https://www.sciencedaily.com/releases/2016/08/160821093054.htm[3]wholegrainsvegatablesandfruitandtheriskofcancer",0
直击升空前后视角！spacex完成一箭三星发射。定位船只、监测生态系统、密切关注北极！spacex完成一箭三星发射当地时间6月12日，SpaceX在美国加州的范登堡空军基地为加拿大航天局发射了三颗地球观测卫星，这三颗卫星将组成一个“雷达卫星星座系统”。未来，三颗卫星将使用雷达定位船只，监测生态系统并密切关注北极。,0
"美国""干涉英国选举""遭猛烈抨击：完全不可接受。“英美‘特殊关系’确实特殊，以至于后者似乎认为在谁领导前者的问题上被赋予重大发言权。”“今日俄罗斯”电视台6月11日直言不讳地痛斥美国政府对英国内政的频频干涉。在一段10日被泄露给美国《华盛顿邮报》的录音中，美国国务卿蓬佩奥对一群犹太教领袖表示，英国反对党工党领袖科尔宾确实有可能成为下一任英国首相，但华盛顿将“竭尽全力”阻止他当选。蓬佩奥承诺美国不会等到科尔宾当选才迫使其“后退”，因为届时事态将会变得有点棘手。“一旦木已成舟，风险就会太高。”蓬佩奥说道。近来，美国官员为英国国家政治“建言献策”已经成为一种常态，甚至特朗普本人也承认他认为英国左翼人士科尔宾是一股“负面力量”，并表示他强烈支持英国前外交大臣约翰逊担任下一任英国首相。蓬佩奥被泄露的表态在英国社交媒体激起批评风暴。“美国在拉美、非洲和亚洲都曾这么干，如今美国政府想要推翻英国民主。希望有一名英国政府官员表达对这件事的愤怒。”一位英国网民发推文说道。鉴于特雷莎·梅的保守党向来毫不迟疑地谴责外国干涉其他国家内部事务，这次保守党面对蓬佩奥的言论反而显得“异乎寻常的平静”。与保守党的平静形成鲜明对比的是来自反对党工党的猛烈抨击。工党一名发言人10日回应称，特朗普及其政府官员试图决定谁将成为英国下一位首相，这是对英国民主的干涉，完全不可接受。一边是美国高官频频表态，干预英国首相选举进程。另一边，保守党党首争夺战正愈演愈烈，互相攻击成为相位争夺战的主旋律。英国环境大臣戈夫对目前占据压倒性优势的前外交大臣约翰逊发起猛烈攻击。“约翰逊先生，无论你做什么都不要开溜。”英国《卫报》11日评论称，随着10位竞选人“你方唱罢我登场”，英国将迎来狂乱的选举周。",0
千人口献血率北京全国第一。本报讯（蒋若静）6月14日是世界献血者日，昨天，由北京市献血办公室主办、北京市红十字血液中心、百度公司承办的“为血液打造安全之城”第16届世界献血者日大型宣传活动暨“网聚爱心热血青年”献血活动在百度科技园举行。北京青年报了解到，北京千人口献血率全国第一，去年一年累计献血量为59.4万单位，累计献血35.3万人次。目前，北京市无偿献血70%以上都来自于全市各个街头献血点，为进一步提升对首都临床用血的保障能力，全市增加和优化献血网点布局，调整了原有的重在商业中心、电子文化市场和中心城区选址建点的传统模式，加强了在交通枢纽、旅游景点、新兴城区增设固定采血点，在季节性的春节公园庙会、大型活动等地点设置临时采血点，同时，不断改善提升采血点设施环境。目前，本市的无偿献血点已达70余个，仅血液中心就接近50个。今年1至4月，北京市无偿献血人次数、采血量较去年同期分别增长20.1%和20.8%，千人口献血率17.3，位居全国第一。昨日，“首都献血”北京市红十字血液中心-百度互联网服务平台正式上线，将以小程序、短视频、地图导航等多种形式，呼吁网民关注和参与无偿献血。,0
千年瑶寨打造“非遗+旅游”。南都讯郭毓玲端午节假日期间，连南千年瑶寨响应国家保护文化遗产理念，举办非遗展演旅游文化节。游客不仅体验到了原生态的瑶族民俗风情表演，还同时观赏了众多非物质文化遗产展演。活动现场载歌载舞，各类非遗展演项目异彩纷呈，既有国家级非物质文化遗产：瑶族长鼓舞、排瑶婚俗，也有广东省非物质文化遗产：瑶族刺绣、瑶族银饰，让每一位前来的游客聆听到了瑶族歌曲魅力。千年瑶寨位于广东清远连南瑶族自治县境内，瑶族文化历史悠久，内涵丰富，风情浓郁，拥有众多国家级和省级非物质文化遗产，先后被评为“中国历史文化名村”“中国民间艺术之乡”“中国少数民族特色村寨”，同时被列入国务院旅游发展重点保护区域。郭毓玲,0
