news	class
马思纯现身戛纳红毯 着装优雅略显生涩马思纯现身戛纳红毯 着装优雅略显生涩。 当地时间2019年5月19日，戛纳，第72届戛纳国际电影节，电影《隐秘的生活》（A Hidden Life）首映礼。马思纯一袭黑裙显优雅，但是肢体动作比较局促。 奚梦瑶一袭透视裙飘逸灵动 终于…巩俐黄裙摇曳与老公甜笑对视 恩…娜扎穿吊带裙现身戛纳红毯 侧颜…蔡少芬为张晋庆生 甜蜜赞其全能…王菊晒与张柏芝陈意涵等人合影 …Baby穿抹胸裙现身 大步疾行引粉…CP感爆棚！胡歌桂纶镁甜笑对视《南方车站的聚会》剧组在戛纳举…杨超越代言大话西游 小龙女造型…章子怡一袭玫红长裙现身 优雅端庄范冰冰旗下小花彭小苒现身 穿裙…准阔太奚梦瑶化浓妆不敢认 高贵…国际儿童失踪日：3招教会孩子保护…教你做个美味早餐热狗肠菠菜卷，一…巩俐黄裙摇曳与老公甜笑对视 恩…                                                                                                	1
51岁郭蔼明近照，嫁给刘青云恩爱20年，为迁就他至今不生孩子。娱乐圈中狗血淋漓的感情纠纷不少，但也有陈奕迅和徐濠萦、陈小春和应采儿、梁家辉和江嘉年这样羡煞旁人的夫妻。其中有一对不得不提的就是刘青云和郭蔼明这一对，他们携手走过20年风风雨雨，依旧恩爱如初。 如今，刘青云是影帝，演技好，作品多，名声响亮，却少有人知道，他成功的背后有着一个郭蔼明。作为影帝背后的女人，“默默无闻”的郭蔼明让多少人艳羡不已，嫉妒她何德何能竟然得到影帝青睐，多年来情意不改。 然而在当时，却是很多人觉得刘青云配不上郭蔼明。毕竟郭蔼明曾是红极一时的有颜有内涵的女神。出生于1967年的郭蔼明，毕业于美国南加州大学，拿到了机械工程学的硕士学位的她，是名副其实的顶尖工科学霸。 只是，1991年暑假的一念之差，改变了她的人生轨迹。此时的郭蔼明回到家中度假，一时兴起去参加香港小姐的选美，竟直接获得了冠军。就这样，她成为了“史上学历最高”的港姐之一。 同一年，郭蔼明成为正式的TVB演员，走上了星光之路，并开始大放异彩。1992年，她演艺事业的首部作品就是TVB年度大戏《大时代》，站在大美女周慧敏旁的她颜值丝毫不落下风。 次年，她在影片《方世玉续集》里出演花子一角，红衣红唇，美人回眸，风华绝代，已成经典、颜值巅峰时期，惊艳了时光。紧接着，她又出演了《花月危情》、《一线生机》、《目露凶光》等多部影片，逐渐崭露头角，成为大荧幕上的常客。 《状王宋世杰》里精灵搞怪的扮相也让更多的内地观众认识了郭蔼明。此时已经连续四年被评选为十大电视艺人的郭蔼明风头正盛，事业正好，前途一片光明，若继续走下去，成就将不可估量。 只是出乎所有人意料，郭蔼明爱上了刘青云，决定为爱急流勇退；在1999年，郭蔼明与刘青云结婚，并退隐娱乐圈，安心在家做丈夫的贤内助。这一决定惊呆了所有人。 郭蔼明与刘青云最初因《大时代》结缘相识，却是在参加周慧敏演唱会时才互相熟悉起来。这段恋情的开端，其实是个俗套的“门不当户不对”的故事。 一个是当红的港姐，盛名在外，学历又高；一个却是连大学都没有读过，在娱乐圈摸爬滚打滚了十来年也没有大红大紫的小演员。横亘二人之间的差距让这段恋情几乎无人看好，外界纷纷说刘青云高攀了郭蔼明，性情磊落的刘青云直接回应：“人往高处走，所以我要和她在一起”。 无视旁人的纷纷扰扰，他们自是关起门来过自己的小日子，用实际行动打碎所有负面的流言。岁月如斯珍贵，又何必在乎他人的言语伤害？ 有了郭蔼明在背后默默地全力支持，婚后刘青云的事业扶摇直上：先后凭借电影《我要成名》、《夺命金》拿到香港金像奖最佳男主角和金马奖最佳男主角，成为双料影帝。2013年的时候，更是凭借《窃听风云3》再次问鼎金像奖最佳男主角。 领奖的时候，刘青云在台上深情告白郭蔼明：“每次我开太空船飞到宇宙，她都有办法令我安全地回到地球”。郭蔼明在台下感动落泪。 事业爱情两不误，或许就是专用来形容他们二人。婚后，刘青云为爱妻洗手作羹汤，买菜做饭都是亲力亲为，从来不假借他人之手，甚至多次被拍到在菜市场独自买菜。 无论是衣香鬓影的节目盛典，还是拥挤杂乱的菜市场，都能看到他们十指相扣，形影不离的画面。刘青云更是会常常在社交平台上秀恩爱，将自己在婚姻中的体悟与心得分享给大家，时时刻刻传递自己“忠于爱情信任爱人相互牺牲”的爱情观。 被宠爱的女人最不容易老，51岁的郭蔼明，还是小女人一样粘着他。结婚20载，因为刘青云不善与小孩子相处，郭蔼明便迁就他不生孩子。 然而正如刘青云所说，有没有孩子并不影响一个家庭的完整程度。如今二人没有孩子，感情照样恩爱又甜蜜，羡煞旁人。爱情是什么？是一饭一蔬的平淡日常，是相濡以沫的扶持，是彼此相爱彼此付出，是互相信任永远忠诚。	0
美女艺术家谭梅现身顺义，看看她干啥来了。　　国华快讯：昨日，在2017年顺义区首次家长教育大讲堂讲座上，著名舞蹈表演艺术家、少儿艺术教育家、主持人的爱人谭梅作为嘉宾出席，活动吸引全区400余名家长现场参与。讲座中，谭梅以亲身的工作、学习和生活经历，为家长们讲述了孩子艺术启蒙的重要性，告诉家长们如何给孩子最好的艺术教育。　　谭梅演讲现场　　昨天9时许，全区400余名家长在主会场参加谭梅的讲座，并边听边认真做笔记。当听到谭梅老师讲述自己和丈夫朱军候学习艺术的情节，更是吸引了所有人的目光。在活动现场，谭梅老师针对家长提出的问题做了详尽的表达。“舞台上的每一束灯光都是打在小演员心上的强心剂。”谭梅用幽默生动的语言，结合自己的生活、工作和学习经历，指导家长用爱心、耐心和真心培养孩子喜欢的艺术，并在艺术道路上带给她关于爱、关于美的启蒙。　　据谭梅称，她的孩子因为兴趣学习了钢琴和画画，她就反复鼓励孩子坚持练习，并尝试让孩子进行创作。每次创作完，她都会以热烈的掌声鼓励孩子。而对于家长提出的不知道应该让孩子学习什么艺术的问题，谭梅说道，“应该根据孩子的兴趣来培养，还应多带孩子参加音乐会等活动，用智慧的方式对待孩子，让他知道坚持是最重要的。”　　“此次活动太好了，我的女儿特别喜欢弹钢琴，这下我可知道如何培养她了。”家长刘女士开心地说道。“我一直不知道如何权衡妈妈、女儿和工作中的角色，这次真是受益匪浅。”家长张女士忍不住频频称赞。　　下面，就请跟随记者的镜头，看看这位美女艺术家的风采。　　谭梅为家长们签名　　家长正在提问题　　谭梅边签名边回答家长提出的问题　　家长正在看谭梅老师的书　　家长认真聆听　　400余家长聚精会神地听讲座。	0
史泰龙坦承施瓦辛格是自己痛恨的死对头：我需要这么一个对手。            众所周知，史泰龙和施瓦辛格是同一时期的动作明星，两人相似之处还是挺多的，究竟作为同类型的演员，外界一直盛传他们是死对头。在现场史泰龙坦诚，自己和阿诺德?施瓦辛格其实一直是竞争关系，他们一度都很痛恨对方，“不过我挺享受的，我是个好胜心很强的人，我需要这么一个对手。”            不过现在两人的关系很不错，他们还在2013年合作了电影《金蝉脱壳》。史泰龙说：“我们都不年轻了，趁现在有机会赶紧合作，留下几部电影作品。”            史泰龙还提到，自己的嘴曾经受过伤，所以说台词不是很清楚，而施瓦辛格有时会拿他口齿不清的弱点开玩笑，史泰龙则说咱俩就不要互相伤害了，“我俩应该开个学校，专门教讲台词。”            	0
赵又廷宣布高圆圆平安产女：美好的日子，迎来美好的生命。高圆圆和赵又廷结婚多年一直被外界各种催生，一方面是因为两人都是高颜值，大家非常期待看到两人的结晶。另一方面则是因为高圆圆已属于高龄产妇，无论从哪方面粉丝都非常希望能早日听到夫妻俩的好消息。 今年4月8日，赵又廷和高圆圆终于相继在网上发文官宣怀孕喜讯，当时也得到了圈内外众多好友的祝福，可见大家对于高圆圆怀孕还是非常开心的。 5月21日上午，网上爆出高圆圆已平安产子，不过当事人均未给予回应。而在21日下午，赵又廷便通过微博发文证实爱妻高圆圆的确已平安生产，但却不是网上所爆料的儿子，而是生了一位贴心的小公主哦。 赵又廷配文：“美好的日子，迎来美好的生命。母女平安，谢谢大家”，言语里全是初为人父的喜悦。 赵又廷和高圆圆如今终于顺利升级为爸爸妈妈，真的要恭喜两位啦。期待夫妻俩下次晒全家福秀幸福哦，也希望高圆圆在月子里好好休养，早点复出为大家带来更多更好的作品。 网友看后纷纷留言送祝福：	0
麒麟新天地DJ签约仪式在京举行。中新网3月31日电 近日， 麒麟新天地DJ签约仪式――暨2017年麒麟新天地全年DJ表演计划揭幕仪式在合生麒麟新天地CUPONE举行。当晚，来自国内外的10名专业DJ、潮流媒体共同参加了此次活动。合生商业管理公司北区总经理杨璐萁女士在活动中为在场的10名DJ颁发了聘书，同时委任果际先生为麒麟新天地音乐策划负责人，全面负责该项目音乐活动的组织与策划工作。合生麒麟新天地自2013年开业，因长期举办各类露天音乐演出，以及市集、艺术、美食等各类主题活动，逐渐成为北京北部地区倍受瞩目的潮流、艺术人群聚会与消费平台。2017年麒麟新天地对地下一层进行了全面升级改造，着力打造以“潮流、音乐、艺术”为核心的全新体验式商业空间，本次改造空间约1.5万余平米，为能够更好在商业空间内实现真正意义的体验与互动，本次改造后用于互动的公共空间达到约1万平米，在这样充足的空间内，麒麟新天地将推出如高架DJ台、专业T台秀场、MINI音乐舞台、BLACKBOX剧场等用于各类音乐表演、戏剧演出以及艺术展示的专业平台，同时配备专业的音响、灯光、视频设备与机械装置。继本次DJ签约仪式后，2017年麒麟新天地将陆续与多位各专业领域的年轻领军人物、媒体机构利用地下一层的专业空间进行更多元化的跨界合作，对此麒麟新天地将在4-5月期间陆续以新闻发布会的方式进行对外公布。。	0
"索尼专场推介 《银翼杀手2049》等新作惊艳登场。当地时间3月27日，业内权威的电影产业大会(CinemaCon)在拉斯维加斯拉开帷幕。影片公司举办专场推介会。Blade Runner 2049 （《银翼杀手2049》，暂译)、The Dark Tower（《黑暗塔》，暂译)、Spider-Man: Homecoming（《蜘蛛侠：英雄归来》)、Baby Driver（《极盗车神》，暂译）和全新Jumanji: Welcome to the Jungle（《勇敢者的游戏》，暂译)等重磅新作惊艳亮相，(Ryan Gosling)、汤姆・赫兰德(Tom Holland)等主创现身分享台前幕后。CinemaCon由美国剧场业主协会主办，是美国院线经营者每年最大的聚会，业内交流展示的重要平台。《极盗车神》口碑爆棚 引发期待动作赛车大片《极盗车神》在推介会上率先亮相，导演・赖特(Edgar Wright)携主演安・埃尔格特(Ansel Elgort)、乔・(Jon Hamm)登场。导演透露片中共出现35首经典流行歌曲，且与剧情发展浑然天成。男主角埃尔格特则分享了学习飞车特技的难忘初体验。《极盗车神》是年度最受关注的创意电影之一，曾执导《僵尸肖恩》等另类经典的埃德加・赖特注入别出心裁的创意和激情，打造另类酷爽动作大片。演员阵容星光熠熠，《星运里的错》当红男星安塞尔・埃尔格特，和《灰姑娘》莉莉・迸发奇妙化学反应，由奥斯卡影帝、和艾美视帝、《广告狂人》乔・哈姆组成的黄金配角阵容更添看点。此前《极盗车神》在美国西南偏南电影节(SXSW)全球首映后口碑爆棚，“烂番茄”新鲜度高达100%，为片方收获满满信心。史蒂芬・金《黑暗塔》曝光全球首支预告奇幻史诗大片《黑暗塔》在推介会上曝光全球首款预告。影片改编自当代小说大师史蒂芬・金同名经典巨著，讲述发生在神奇多重世界的正邪之争。影片融合科幻、西部和奇幻元素，由奥斯卡影帝(Matthew McConaughey)和伊德瑞斯・巴(Idris Elba)联袂主演，柏林电影节银熊得主尼柯莱・阿塞尔(Nikolaj Arcel)执导，将于7月28日在北美公映。千呼万唤始出来的首款预告画风梦幻引人入胜，气势恢宏的荒漠场景与原著“枪侠穿越荒野追踪死敌黑衣人”的经典开场遥相呼应。预告对・麦康纳饰演的“黑衣人”的超能力也有展示，背后徒手接子弹令人印象深刻。《银翼杀手2049》经典涅万众期待作为影史经典《银翼杀手》的续篇，《银翼杀手2049》自启动以来即备受瞩目。前作巨星(Harrison Ford)重磅回归，《爱乐之城》瑞恩・高斯林(Ryan Gosling)领衔主演，前作名导(Ridley Scott)担纲制片，大热科幻片《降临》导演丹尼斯・维伦纽瓦(Denis Villeneuve)执导，主创阵容堪称顶级配置。此次推介会曝光全新片花，・福特和瑞恩・高斯林两代银翼杀手对峙十足，充满末世感的朋克风未来世界也得以惊鸿一瞥，台词洗练耐人寻味。索尼哥伦比亚影片公司主席汤姆・曼亲自登场推介，并分享1982年观看《银翼杀手》时的激动心情。男主角瑞恩・高斯林也分享《银翼杀手》情结：前作问世时他才两岁，自己是十三四岁时首度观看并为影片的巨大影响力所折服。《银翼杀手2049》已确定将于10月6日在北美公映，并有望引入内地。在Indiewire等著名电影网站的调查中，《银翼杀手2049》跻身年度最期待影片榜单前列甚至独占鳌头，可谓万众期待。“蜘蛛侠”现身互动 道恩・强森要当场秀胸肌《蜘蛛侠：英雄归来》作为最受期待的超级英雄电影之一，在当日的推介会上压轴登场并曝光全新预告。人气爆棚的可爱小蜘蛛汤姆・赫兰德与导演乔・沃茨、制片人凯文・费奇、艾米・现身发布会，与媒体观众互动。影片将于2017年7月7日登陆北美院线，并有望引入内地。经典续篇、新《勇敢者的游戏》以全明星阵容到场站台，道恩・强森(Dwayne Johnson)、(Jack Black)携尼克・(Nick Jonas)、凯伦・吉兰(Karen Gillan)亮相。推介会上曝光影片全新预告，并揭晓片名为Jumanji: Welcome to the Jungle（《勇敢者的游戏》，暂译)。在稍早前的问答环节，强森回忆与已故的前作主演会面的经历，并透露新作将更加宏大和全球化，但前作的精髓仍会发扬光大。在推介现场，强森调侃要应观众要求当场脱衣秀胸肌，立刻引来无数尖叫，成为推介会上的轻松时刻。影片将于12月22日圣诞档公映。当日的推介会上还曝光更多新片物料，如主演的Rough Night（《仓惶一夜，暂译》)、主演未定名新片等；索尼动画即将上映的Smurfs: The Lost Village（《蓝精灵：寻找神秘村》）、The Emoji Movie（《表情奇幻冒险》，暂译）以及2018年上映的Peter Rabbit（《彼得兔》，暂译）也逐一亮相。索尼哥伦比亚影片公司2017年的谋篇布局在推介会上已初现雏形，商业与艺术并重，视觉奇观与创意火花齐放，值得期待。                        
                        
                                                                        
                        "	0
章子怡谈从影20年：创作不能丢掉生活。章子怡5月16日晚，由国家电影局主办的“电影大师对话”活动在北京市劳动人民文化宫举办。章子怡在对谈中表示，从影20年最大的感受就是创作不能丢掉生活。5月16日晚，“亚洲影视周”启动仪式在北京举行。启动仪式后，陈凯歌、章子怡等14位亚洲电影人齐聚一堂，分别以“亚洲电影与文化传承”、“亚洲电影与文明互鉴”为主题展开对话，旨在探索亚洲电影文明的创新与传承。演员章子怡表示，创作角色，更多时候要接受外来新的事物。她说，做演员20年，自己非常幸运可以和优秀的导演和演员合作，最大的感受是创作不能丢掉生活，现在的环境非常急促，有的时候会有一些很快的产品出现。无论是导演、制作人还是演员，都不能丢掉最原始的，来自生活的元素。	0
"百老汇音乐剧《我，堂吉诃德》限时折扣即将结束。　　百老汇经典音乐剧《我，堂吉诃德》本轮演出季已开票，折扣即将结束。2017年《我，堂吉诃德》将在北上广深各大城市进行驻演，并进驻各城市顶级剧院，为各位观众带来震撼的视听盛宴。 　　　　《我，堂吉诃德》取材于文豪塞万提斯的传世巨著《堂吉诃德》，它曾创下百老汇2329场连演纪录，一举荣获5项奖，拥有30多种语言版本，在全球30余个国家地区演出。 　　　　《我，堂吉诃德》中文版自首演以来，口碑爆棚，好评如潮。本剧豆瓣评分高达8.2，并被评选为2016年年度舞台剧。她吸引了徐小平、李银河、王功权、、周国平、王平仲、黄豆豆、严屹宽等各界名人前来观看，并获得了高度赞扬，甚至被感动到数度落泪，甚至失声痛哭。 　　　　今年，《我，堂吉诃德》在制作方面将做全面升级。原本精妙区分虚实的舞美灯光将变得更为饱满;乐队更是在原有的基础上增加了管弦乐的编制，使音乐表达的层次更为多元。 　　
　　《我，堂吉诃德》优惠即将结束，预购从速。 　　
　　【演出信息】 　　
　　北京保利剧院 6月1日－6月4日 　　
　　上海大剧院大剧场6月8日－6月11日 　　
　　深圳保利剧院9月1日-9月10日 　　
　　订票电话：400-028-2577 　　
　　微信购票：七幕 　　
　　在线购票：大麦网
                        
                        
                                                
                                                
                        
                        
                        
                                                                                                

                        
                        "	1
“美男四王子”李准基与经纪公司续约 延续坚固情义。李准基与经纪公司续约延续坚固情义演员李准基与现经纪公司续约。31日，NAMOO ACTORS方面表示“为了让李准基的才能得到尽情发挥，公司将给予大力的支持。公司将做好垫脚石的角色，为演员提供稳定的活动，以实现全新的飞跃”。李准基去年在电视剧《月之恋人-步步惊心：丽》中饰演四皇子，并凭借精湛的演技在海内外刮起了一阵旋风，备受好评。另外，李准基将于4月15日在首尔松坡区奥林匹克公园奥林匹克大厅举办亚洲巡演安可演唱会“Thank you again”。  。	1
张柏芝带三个孩子不容易想找灵魂伴侣，谢霆锋却在酒店玩卡丁车。久未在公开场合露面的张柏芝，近期也是抽空参加了一档真人秀节目。只不过毕竟有张柏芝的加盟，关注度那可不是一般的高。而张柏芝也是没有辜负观众的希望，一上来就放了王炸。 当然大家最关心的无疑就是一下几个点：当年的照片门事件，与谢霆锋的关系，三胎孩子的父亲。只不过对于这些问题，估计是张柏芝也不太好在电视上就这么大方的说出来，因此就有些模棱两可的说了一些内情。 对于照片门事件，张柏芝表示自己做了就不会后悔，虽然网络上的舆论给自己造成了莫大的伤害，但是一切还是要向前看，自己要勇敢坚强的面对这一切。 而对于孩子三胎父亲的问题，张柏芝也是说的有些忌讳莫深，只是大方的表示，自己现在已经是单身母亲了。也就是从侧面说这个三胎孩子父亲是谁，估计张柏芝也是准备要继续藏一段时间了 当然张柏芝也是在采访中提到过，为什么要顶着这么大的舆论压力也要把孩子生下来。她表示称自己非常喜欢小朋友，但是眼见两个孩子都慢慢长大，迟早会要离开自己。想到这些就会感到有些悲凉，所以说如果两个孩子以后成家立业了，离开自己，还有老三在身边陪着，说不定以后情况允许的话，会再生一个呢！ 在今年成为第3个孩子的母亲之后。张柏芝受到了大众的关注，但是演艺事业一直都没有当年最高峰的时候好。这次在综艺节目上爆了些小料，也是给她带来了不少的热度与话题 张柏芝9岁时父母因为感情不和而离婚，她对此态度豁达，支持父母离婚，既然没有了感情，还不如分开呢？但是现如今她不肯承认三胎孩子的父亲。与谢霆锋的关系也是扑朔迷离，那么年纪大了之后，她又会怎么选择呢？ 张柏芝表示“自己要一个灵魂伴侣，要一个可以和我分担，可以一起聊天，明白对方的一个伴侣，一个可以和我走下去，年纪老了，例如他生病我可以带他去看医生，我生病他可以带我去看医生的一个灵魂伴侣。”只不过这些话貌似就是说给谢霆锋听的。 其实以张柏芝现如今的状态，估计想娶她的人，必须要有极大的心里承受力吧，除了照片门事件之外，有两个孩子是谢霆锋的，一个孩子是nobody的，光是孩子的问题上就足够让人喝一壶的了。只不过张柏芝谈话完毕，记者们就扎堆找到谢霆锋，希望他也能谈谈看法，表表态，毕竟张柏芝都说了这么多了，男方好歹也要回应回应吧。 就在今日，谢霆锋也是抽出时间参加某综艺节目的录制，结果没想到的是，面对前来堵门的记者，谢霆锋却耍起了太极，开着一辆卡丁车出来，在酒店的大堂内玩的是不亦乐乎。 而当有不少记者在后面追着他询问对张柏芝的事情有何看法的时候，他也是丝毫不理会记者的提问，自顾自的继续玩着卡丁车，最后玩够了就一溜烟跑了，根本没有给记者们任何可乘之机 其实谢霆锋的做法虽然有些荒唐，但是也不失为一次明智之举。毕竟真要回答对张柏芝的看法，怎么说都不对，怎么说记者和媒体都有话题可写，与其这样，还不如什么都不说的好。现如今谢霆锋选择和王菲在一起，张柏芝又想找个灵魂伴侣，估计这几个人之间，还会有更有趣的事情发生。	0
相差40岁的这对“爷孙恋”恋人领证了。　　前一段饱受争议的“爷孙恋”主角林靖恩和李坤城被曝如今已经领证，并且有媒体爆料，两人领证的时候，林靖恩已经怀孕两个月。本来是一件值得庆贺的事情，无奈两人在一起就受到各方的压力，甚至有网友表示这是“今天最让人恶心的新闻”。　　李坤城与林靖恩的父亲是好友，所以第一次看到林靖恩就被她身上的与年龄不符的气质吸引了，从小缺少父爱的林靖恩在李坤城这里找到了依赖感才会让两个人惺惺相惜吧。　　台湾这对相差40岁的“爷孙恋”备受外界的热议，有“黑胶教父”之称的60岁音乐人、作词人李坤城和20岁林靖恩的爱情一直不被祝福。李坤城曾在接受采访时公开透露，自己偏好幼齿女孩，小女友林靖恩很单纯可爱，俩人在一起很快乐，没有年龄差的距离感，并称：“会经常跟女友一起洗澡，一起泡温泉”，像正常情侣恋爱，为爱情保鲜。　　李坤城还公开透露：平时靠版税、通告费，及网拍黑胶留声机及台湾文献，每月收入约10万元，私下里还收藏超过6万张古董黑胶，就算卖10年也卖不完，粗估黑胶总价值超过5千万元，他表示自己的经济收入完全可以支付一家的开销，小女友林靖恩不需要操心，无忧无虑的生活。　　林靖恩和李坤城。	0
王源为吸烟事件道歉！一个月内两次道歉，19岁“巨星”前路漫漫。5月21日，TFBOYS成员王源被曝5月20日在某餐厅聚餐时抽烟，该行为引发网友强烈关注。很快，北京市卫生和计划生育监督所在其官方微博上称，正在进行核实调查，如属实将依法处罚。 5月21日下午，王源在微博发文，公开道歉，王源写道：“对不起！这件事让我深刻反思了自己的行为，对自己造成的不良社会影响，我感到十分抱歉和愧疚，很抱歉我做了一个错误的示范，我会承担相应的责任并接受处罚。作为一名公众人物，我今后一定会更加注重自身的言行，希望大家不要效仿我的错误行为。再次向大家道歉，我一定会以此为鉴，成为更好的大人。” 在公共场合吸烟，属于不文明行为。王源作为引人关注的娱乐人物，发生这种事，自然会吸引更多的目光，甚至会被过分解读。所以，道歉才能平息众怒，赢得谅解。 可喜的是，对于王源道歉的行为，粉丝们均给予了包容，有粉丝写道：“哥哥平时压力大也要注意释放压力的方法，多出去跑跑步散散心。”“长大不是去做一些不再受年龄约束的事情，而是像这样坦坦荡荡承认错误，为自己的错误示范诚恳道歉。公共空间抽烟这个行为确实不应当，接受你的道歉，下不为例哦！”看得出来，大家对于错误还是相当理智的。 需要说明的是，这是王源一个月能第二次公开道歉。4月26日，在《我是唱作人》节目中，王源以一首《世界上没有真正的感同身受》自诉心情，演唱到动情之处时崩溃落泪，表演完毕后向观众鞠躬致歉，随后在采访中解释道：“我太难过了，特别特别难过，有画面涌上心头，没有控制住情绪”。还直言“第一次在舞台上这么崩溃”。 4月26日深夜，王源在微博公开道歉，他写道：“”首先跟各位听众道个歉 。因为在舞台上哭到影响演唱真的是挺不专业的行为，但是再给我一次机会我依旧可能控制不住自己的情绪。我觉得这是舞台事故但是不是错误 ，不过我真的超级无敌希望世界上真的有感同身受吧！希望每个人都能感同身受世间所有美好的事物。希望每个人都能真的笑着，暖的像太阳。我爱这个温柔的世界。 这次道歉，赢得了梁博、张杰、魏大勋和高进等前辈的关注，大家纷纷送上祝福和宽慰。 一个月内，王源两次公开道歉！一次是因为私事，一次是因为公共行为。不论何种性质，至少，王源勇于直面问题的行为值得肯定。从公众的心理角度讲，值得包容。 根据公开资料，王源2000年11月8日出生于重庆，2011年底，王源加入TF家族，成为家族练习生。今年王源才19岁。这是一个太过年轻的年龄。然而，近些年，随着TFBOYE组合的持续走红，王源压力巨大，承受了太多不是他这个年轻段的孩子应该承受的东西。 从职业上讲，王源俨然“巨星”。可是，看到这些问题，其实他还只是一个孩子。公众包容孩子，孩子自己也应该成长。一个月两次公开道歉，并不是坏事，只希望王源尽快成熟吧！	0
《向往3》黄磊吐露心声，一番话让嘉宾很尴尬，何炅坐一旁未言语。            说实话，对于来到节目中的几位艺人，除了何炅有了解外，黄磊等常驻MC对这几位嘉宾不是很熟悉，除了好友老狼外，而最新的一期节目中，黄磊当着嘉宾的面吐露自己的心声，一番心里话让嘉宾们很尴尬，怎么回事?                        通过预告我们看到，晚饭之后，大家都来到蘑菇屋客厅座谈，相比之前来的几位嘉宾，这次现场氛围比较安静，成员之间的话不是很多。在这个安静的环境下，黄磊开始吐露自己的心声，当中嘉宾的面就表示，当老狼来了之后，自己才感觉到舒服。这是为何?随后黄磊解释道：“因为我跟你们也不熟，没有必要跟不熟的人，费力瞎扯”。                        或许黄磊也是因为这才会在与大家打招呼的时候不是很热情，不过当黄磊说出这一番话的时候，我们注意到，几位嘉宾都很尴尬，一时间现场气氛非常安静。黄磊对于几位新出道的艺人不熟悉也能够理解，不过何炅因为经常活跃在综艺舞台上，对当中的嘉宾也略知一二。所以当黄磊说出内心话的时候，何炅在一旁未言语。                        看过这期节目的朋友应该知道，黄磊其实在嘉宾们来到蘑菇屋的时候就已经展现出情绪，毛不易来到节目的时候，黄磊直言怎么又来了，还带返场呢?言语中不是很欢迎。黄磊对毛不易还比较熟悉，但之后的几位嘉宾到来时，黄磊也不热情打招呼，而最后直接不打招呼，让彭昱畅去招呼客人。                        我们都知道，黄磊再见节目中负责为嘉宾们做饭，而这次一下来8个嘉宾，加上4位常驻嘉宾，黄磊需要做12个人的饭，确实有些难度。而黄磊在切菜的时候就默默讲到，自己会很累，要早一些休息。                        黄磊的这种情绪在好友老狼来了之后发生变化，听到老狼来了之后，黄磊展现出一脸高兴，从表情就能看到心情变化，此外黄磊在与老狼聊天的时候也表示自己很纳闷，谁也不认识，不知道该说什么。                        从黄磊的这席话中我们也能听出，黄磊对节目组邀请来的这几位嘉宾不是很满意，除了老狼，池子，毛不易还熟悉外，其余的嘉宾都不了解。而且黄磊还要负责这么多人的饭，确实很辛苦，只能说节目组这次没有为黄磊考虑，有些心疼。虽然节目中黄磊说话比较直接，但也都是内心的话，很真实，并没有假装热情，也希望节目组能体谅黄磊。	0
蔡少芬为张晋庆生 甜蜜赞其全能老公蔡少芬为张晋庆生 甜蜜赞其全能老公。 5月19日晚，蔡少芬分享与张晋的亲密照为老公庆生，照片中蔡少芬张晋夫妇亲密出镜，结婚多年仍甜蜜十足。 王菊晒与张柏芝陈意涵等人合影 …Baby穿抹胸裙现身 大步疾行引粉…CP感爆棚！胡歌桂纶镁甜笑对视《南方车站的聚会》剧组在戛纳举…杨超越代言大话西游 小龙女造型…章子怡一袭玫红长裙现身 优雅端庄范冰冰旗下小花彭小苒现身 穿裙…准阔太奚梦瑶化浓妆不敢认 高贵…女明星中的一股清流！沈月的腿怎…韩雪未受“假唱”风波影响 现身…毕滢被偶遇 手舞足蹈和人热聊心…杨超越染绿发扮潮 狂拨发似梅超风国际儿童失踪日：3招教会孩子保护…教你做个美味早餐热狗肠菠菜卷，一…Baby穿抹胸裙现身 大步疾行引粉…                                                                                                	0
小贝紧搂女儿不松手 小七亭亭玉立初长成。　　东方网4月1日讯 当地时间2017年3月30日，带领儿女现身洛杉矶机场。　　小贝搂着女儿小七。　　小贝牵着小七　　小贝带一家儿女现身机场。　　小贝牵着小七。　　小贝带儿女现身机场。　　小贝大儿子布鲁克林。	0
萌萌哒！杨超越扎双马尾清新可爱萌萌哒！杨超越扎双马尾清新可爱。 2019年5月19日，广州，杨超越现身活动，扎双马尾清新可爱。 吃可爱长大的？林志玲嘟嘴甜笑搞…杨钰莹秀嫩白美腿 歪头甜笑似妙…马思纯现身戛纳红毯 着装优雅略…奚梦瑶一袭透视裙飘逸灵动 终于…巩俐黄裙摇曳与老公甜笑对视 恩…娜扎穿吊带裙现身戛纳红毯 侧颜…蔡少芬为张晋庆生 甜蜜赞其全能…王菊晒与张柏芝陈意涵等人合影 …Baby穿抹胸裙现身 大步疾行引粉…CP感爆棚！胡歌桂纶镁甜笑对视《南方车站的聚会》剧组在戛纳举…杨超越代言大话西游 小龙女造型…国际儿童失踪日：3招教会孩子保护…教你做个美味早餐热狗肠菠菜卷，一…杨钰莹秀嫩白美腿 歪头甜笑似妙…                                                                                                	1
古力娜扎双丸子头拍写真 变身俏皮小哪吒古力娜扎双丸子头拍写真 变身俏皮小哪吒。 近日，古力娜扎一组写真照曝光，她双丸子头造型可爱俏皮，好似古灵精怪小哪吒。搭配裸色系镂空针织外搭，少女感满满。 张柏芝录节目化身美食博主 红裙…鞠婧t夏日自拍俏皮可爱 红唇水…蒋依依领衔“00后四小花”登杂志…赵天戈出席活动 时髦叠穿尽显少…汤晶媚生日写真曝光李连杰合影“小杨幂” 亲吻小脑…“王胖子”刘天佐与美女车中缠绵…张杰休闲风尽显帅气 发表公益演…“大嫂”徐冬冬红裙复古写真摩登…蒋劲夫风波后现身机场，提包疾走…高冷御姐版韩雪上线 戴茶色墨镜…恩爱如初！洪欣张丹峰十指紧扣逛…国际儿童失踪日：3招教会孩子保护…教你做个美味早餐热狗肠菠菜卷，一…鞠婧t夏日自拍俏皮可爱 红唇水…                                                                                                	1
"吴绮莉曝当年曾被成龙猛追 怀孕后男方却这样。与　　网易娱乐3月30日报道 据台湾媒体报道，武打巨星成龙17年前爆出轨吴绮莉，两人生下“小龙女”吴卓林，去年吴绮莉上真人秀《惊喜旅程》，向制作人聊起那段从小三变人母的过程，当时知道怀孕后打给成龙，却发现对方无预警换了手机号码，生下女儿后，又数度被妈妈拿刀恐吓要她去找成龙，为了女儿安全，吴绮莉才决定搬离老家，回到香港。　　吴绮莉去年上《惊喜旅程》，在微博转发节目制作人朱茂文一篇专访她的长文，内容从她与成龙初次见面到当妈，吴绮莉透露18岁时就被成龙追求过，但她当时有男友，不把他放在眼里，几年后又遇见，抗拒不了成龙的猛烈攻势，双方才开始交往。　　吴绮莉说，热恋时拍完戏，成龙就会打给她邀吃饭，威胁：“吴小姐不到，所有人都不准吃饭”，等她到了，成龙又一样样先夹给她，早餐、消夜样样都有，到工作遇上生日，成龙还会请人送花，“他虽有家室，却是一匹被放养的野狼，几乎从来不用回家。”　　吴绮莉发现怀孕后，成龙并未反对她生下，不久小道消息传开，使吴绮莉被大批媒体围攻，想挖出孩子生父身份，没想到此时成龙却换了电话，逃避的举动惹怒了吴绮莉，托人放话“不会再找你”，之后在某篇专访认了小孩的爸就是成龙。
　　生下女儿后，吴绮莉和吴卓林、母亲一起住在上海，每次吴绮莉跟妈妈要生活费，吴母竟将钞票一张张扔在地上，要吴绮莉自己捡起，吴妈妈气急时还常挥刀乱砍，逼吴绮莉去找孩子的爸，使吴绮莉一度压力过大内分泌失调爆肥，最后决定带着女儿离开上海，到香港重新生活，吴绮莉说如果人生没有母亲，所有故事将会是另一个样子，幸好女儿的存在救了她，感叹：“经历过这些事情，我们怎么可能不会变得强大呢？”
                        
                        
                                                
                                                
                        
                        
                        
                                                                                                

                        
                        "	0
蒋勤勤暖心分享过敏治疗方法 曾因过敏被指大变样。日前，面部严重过敏的亮相机场时，被拍到双颊红肿，引来热议。3月31日下午，过敏症状基本痊愈的蒋勤勤在微博上回复网友的评论，将自己的治疗过程po了出来，分享治过敏的绝招，从面部的清洁到用药，再到逐渐康复后的基本护理，蒋勤勤都写得十分详细，被网友赞道“女神真的很贴心！”前些天，面部过敏的蒋勤勤亮相机场时，被拍到双颊红肿，引来热议。近日蒋勤勤在微博上晒出新照，过敏的症状已经逐步消退，她还和网友们一起交流抗过敏、治疗过敏的绝招。有网友留言道：“易过敏真的很痛苦，以后就和女神一起对抗过敏这个大魔头啦！”。	0
张艺谋眼光有多好？巩俐章子怡国际红毯上每次都秒别人，骨相太好。每年的这个时候都是各种国际电影节盛行的时候， 也是各国演员巨星争奇斗艳的时刻， 尤其是女演员这个时候都会化最美的妆容最出彩的礼服出席电影节， 为的就是能在这时候出个话题上了热搜， 不过，有时就是因为太想要反而弄巧成拙， 每年在红毯上出事的不在少数。 ↓↓↓范冰冰就因为在红毯上无人理，但坚持每年蹭红毯被称为毯星 但有网友统计每年的各种国际电影节红毯上有两位从来未崩过， 每次的气场和造型也是全方位碾压，就是巩俐和章子怡这两位谋女郎， 巧合的是，这两位都是谋女郎代表人物， 这就不得不称赞张艺谋的眼光了，他的眼光真的很毒， 巩俐和章子怡不仅是他一手发掘，而且还是最能代表中国女演员的华人代表了， 此次戛纳电影节巩俐就拿到了“跃动她影”奖， 这还是亚洲女演员第一次获得此奖，真的很有分量了， ↓↓↓不过比起巩俐拿奖，她的衣着和脸又成为了热议焦点， 刚宣布和70岁男友结婚的53岁巩俐，身材恢复得比之前还好， 脸也是一如既往的紧致和年轻，完全不像是50多岁的女人 ↓↓↓巩俐70岁的老公看着也最多50多岁， 所以有网友称这对是“不老神仙夫妻”， 巩俐主要厉害在哪里呢？就是偶尔她的身材会走样， 但她的脸从来不会崩，永远都是精致的不老电影脸， 有网友分析说这就是骨相的问题， 她的骨相生的好，所以无论什么时候看着状态都非常完美， 这是整容打针都无法做到的， ↓↓↓也是非常令人羡慕了，巩俐就是所谓的为电影而生的人 另一位骨相好的自然就是章子怡了， 其实仔细看，她跟巩俐长得有些相似， 并不是五官，而是气质和感觉，大概就是骨相相似的原因， 张艺谋的女主角全是看骨相的，个个都是电影脸， ↓↓↓章子怡跟巩俐一样，她甚至连身材都没有走过样， 即使生过孩子，脸从来没有崩过 ↓↓↓章子怡看五官从来不是典型的大美人， 但她的气质这些年一直是顶尖的， 加上演技的加成，即使是合照，也像在电影里 ↓↓↓跟国外女星站在一起，这种骨相会显得更优越， 骨相生的好的人，不显老，而且是越老越有气质的类型 各位身边有巩俐章子怡这种骨相好的人吗？ 她们平时是如何保养的呢	0
欧阳娜娜一人养全家？不存在的...她爸一块地就2.5亿人民币了。前段时间皮皮就看到有新闻说，欧阳娜娜要一个人养活全家5口人，承担家里所有开销？ 橘子君独家福利！关注橘子娱乐 微 信 公 众 号 ：（juziyule），发送“欧阳娜娜”，查看明星专访大稿！ 还有机会获得明星独家照片套装~快关注起来吧！ 原因是有媒体说她去年上半年光是戏剧、电影作品及各项代言，就赚了3亿台币（约合人民币6450万元）。 而爸爸欧阳龙之前的月薪不到20万台币（约4万人民币），差了也就一千多倍吧... 所以就有了“欧阳娜娜一人奶全家”的新闻....... 最近欧阳龙上沈玉琳的节目，就公开说这事了： 没等当事人说话，沈玉琳先开了口：人家红的时候赚的钱，都已经是你三辈子赚的那么多了！ 欧阳龙的回应就官方多了，说孩子不是父母的附属品，她很独立，意思很明显了。 说我们全家要靠女儿来养？？？ 沈玉琳抢答：笑到内裤都松掉啦.... 欧阳龙：这句话不足以表达我的内心，你再帮我说个更那啥一点的.... 欧阳娜娜的爸爸欧阳龙，80年代的一线男演员，年轻时是个不折不扣的帅哥。 84年以电影《金大班的最后一夜》的男主出道： 后面还演过很多琼瑶剧的男主角，代表作有《警花缘》、《风华绝代》、《烟锁重楼》、《京华烟云》等等，搭档的都是当年最火的小花，什么刘雪华啊，赵雅芝啊。 他老婆傅娟，也就是娜娜的妈妈，曾是台湾玉女型的艺人，演过很多电视剧，比如《书剑恩仇录 》、《风华绝代》。 不但能演还能唱，发行过专辑《十个梦》： 傅娟的家里在台北最贵的信义路三四段有很多地和店面，是个地主小姐： 欧阳龙早年的房产就已经有好几套，最大的一块地有2800平方米，14年就价值2.5亿人民币。 现在住的家曾在《康熙来了》展示过，一层两户都是她家，爸爸妈妈住一套，她和姐姐妹妹住隔壁一套。 再说了，欧阳娜娜11岁大提琴全台湾第一，12岁举办独奏音乐会，13岁考取世界著名的美国柯蒂斯音乐学院。 把女儿培养得这么优秀，花销一定不少。 而且娜娜主修大提琴，辅修钢琴，家里很多把大提琴不说，节目里拍到的钢琴是k.kwai家的三角钢琴，价格在40万左右。 她本人就是从小穿名牌、学着艺术的白富美。 人生第一双高跟鞋是姑姑和姑父送的Gucci。 童装也是moschino的： 小时候开个演奏会，她爸送她一把100万的大提琴。 除了父母有钱 ，她自己也争气之外，她的姐姐妹妹也都是从小在镁光灯下长大的孩子。 姐姐欧阳妮妮虽然也拍过戏，但水花不大，有时候也会和父母一起出席活动，站站台什么的。 妹妹欧阳娣娣也是从小学习舞蹈和小提琴。 2015年的时候还演过偶像剧《舞吧舞吧在一起》。 2017年还在芒果的元宵喜乐会上有一段小提琴solo。 你们想想，能富养三个女儿，让每个人从小学各种乐器和才艺到大，全部给与最好的教育，家里没矿真的很难做到吧.... 虽然欧阳娜娜的能力是完全能养活全家人的，只是，没这个必要....... 最后一句  欧阳龙：我也想我的宝贝女儿养，可是我的实力不允许。	0
唐鹤德晒照怀念张国荣 仍住二人爱巢守着其骨灰。　　唐鹤德INS截图　　国华娱乐网4月1日报道   据香港媒体《东网》4月1日报道，2003年的4月1日，影视巨星离开了大家，相隔14年，大家对张国荣的思念仍未有减退，不少人在4月1日都在社交网发文上传照片追忆已故巨星张国荣。　　张国荣唐鹤德资料图　　而张国荣的挚爱唐鹤德，亦有在社交网上传相片并留言：“夜天花板有这段戏，总关不上心里的放映机…”，另据台媒报道唐鹤德至今仍住在与张国荣两人的爱巢中，守护着“哥哥”的骨灰。网友们看到照片，思念之情涌上心头，泪目评论，望先人安好。。	0
高圆圆顺利产女，好人缘获群星祝福，赵又廷现身难掩喜悦之情。这两天网络情人节，不过明星办喜事生孩子也都赶巧了都在这两天，昨天姜潮在微博中公布了妻子麦迪娜产子的好消息，今天赵又廷也在微博中公布喜讯，宣布高圆圆也当妈妈了。 赵又廷今天下午在微博中写道：“美好的日子，迎来美好的生命，母女平安，谢谢大家。”随后高圆圆也转发了这条微博。 今天早上传出高圆圆在北京顺利产女的消息后，下午也从当事人赵又廷和高圆圆那里得到了证实，先恭喜他们了。 下午，刚刚升级成奶爸的赵又廷现身医院被媒体捕捉到了画面。 虽然赵又廷一直戴着口罩和墨镜，但现场画面中的他不停地感谢到场的媒体朋友们，谢谢大家的祝福和关心，看上去是刚从片场赶过来的样子，风尘仆仆的。 而产子好消息出来之后，也暴露了赵又廷、高圆圆夫妇在娱乐圈的人员，不一会就有许多明星为他们送上祝福。 何炅、倪妮、韩火火、大左等人先后送出祝福，赵又廷的好兄弟林更新也不例外，单独发布了一条微博为他庆祝。 再次恭喜赵又廷和高圆圆了，不知道小宝宝的颜值是否遗传妈妈高圆圆呢？真是太让人期待了。	0
音乐剧《音乐之声》经典回归 新版中文词歌朗朗上口。　　拥有最多“经典”元素的音乐剧《音乐之声》中文版，2017年将全新升级，重磅回归。《音乐之声》中文版翻译，由翻译过《妈妈咪呀》《我，堂吉诃德》等多部作品的程何挑起重任。新版《哆来咪》、《雪绒花》、《孤独的牧羊人》等名曲的重新演绎，不仅在音韵、意境、主旨、细节处理上跟原作品全方位契合，还表达出了原歌词里独有的内涵，朗朗上口。本剧仅2016一年便完成了连演百场的记录，在观众中享有极高口碑。 　　　　音乐剧《音乐之声》由音乐剧大师理查德・斯和奥斯卡・汉默斯坦二世联手创作，该剧在1959年首次登上百老汇的舞台后便一举获得了5项奖大奖，在百老汇的音乐剧历史上留下了浓墨重彩的一笔。 　　　　这部被誉为“人类能想到的最可爱的音乐剧”的经典作品，满载着几代人的美好回忆。将在上海大剧院和北京保利剧院开启首轮驻演，同时还将首次进驻广州，继续用耳熟能详的歌曲传递更多欢乐。 　　　　《音乐之声》 　　　　6月23日-7月9日 　　广州演艺中心 　　　　7月14日-7月22日 　　上海 上海大剧院 　　　　8月25日-9月3日 　　北京 保利剧院 　　　　购票网站：大麦网 　　　　订票电话：400-028-2577	0
第八届北京合唱节开幕，歌唱“你好，祖国”。从经典歌曲《爱我中华》《在希望的田野上》，到原创歌曲《北京赞歌》《大运河》，5月24日下午的北京大学生体育馆内人潮涌动、歌声飞扬。100支合唱团近5000名合唱爱好者唱响经典，唱出时代新声，拉开了由北京市文学艺术界联合会、北京音乐家协会等单位联合主办的第八届北京合唱节的序幕。本届北京合唱节体现出主题鲜明、艺术性、群众性等特征。由廖勇作词、张全富作曲、孙兢兢改编、全体合唱队员合作完成的歌曲《你好，祖国》一唱响，便引发了观众的强烈共鸣。参与开幕式的合唱团来自北京市16个区，既有成立十多年的老牌合唱团，也有近年来在文化部门的政策扶持下涌现出的新合唱团体。演出者中既有资深的合唱从业者，也有刚刚入行的合唱新人，有儿童演唱者，也有花甲老人。伴随《五星红旗》的乐声，全体近5000人的大合唱震撼人心。特别是当一面长18米、宽12米的五星红旗从舞台后方流动着拂过现场每一位观众上方，他们不约而同地起立，举手触摸红旗，一些老人眼角湿润了。开幕式上的经典老歌勾起了观众的回忆。60后观众陈露萍一边跟随旋律唱和，一边打着节拍，“当《在希望的田野上》《天路》这些熟悉的旋律响起的时候，回忆的阀门打开了，歌曲的旋律好听，歌词也是我们的心声。”北京音协驻会副主席、秘书长赵金波介绍，此次开幕式演唱曲目中不乏原创。《爱国歌》《中国少年》等是为青少年合唱爱好者创作的主旋律作品；颇具地域特色的《北京赞歌》《大运河》等原创歌曲，歌咏了源远流长的古都文化、丰富厚重的红色文化、特色鲜明的京味文化和蓬勃兴起的创新文化，也描绘出新北京的壮美蓝图。	0
蔡依林新造型走摇滚风 戴上“鼻环”被赞超前卫。　　据台湾媒体《中时电子报》4月1日报道，“呸姐”蔡依林日前将白色内衣外穿，再搭配一袭粉红装扮，被粉丝大赞时尚前卫，近日替内地时尚杂志《YOHO!GIRL》拍摄封面时，更夹着银色鼻环亮相，让人直呼“呸姐果然没有极限”。　　蔡依林在脸书发布短片，画面一开始就见她脸上夹着银色鼻环，前卫造型散发浓厚摇滚风，接着陆续变换不同风格的服装，并随着造型变换脸部表情，时而俏皮时而冷艳相当到位，尤其对着镜头甩发那幕，更被网友大赞帅到爆表，短短几个已经超过12万人点阅，而她也写下感想“新宠，鼻环，来一个吗亲？”，可见对首次尝试的造型相当满意。　　影片发布后也引来许多粉丝留言赞美，“还有什么是你不能尝试的”、“呸姐好强，什么都能驾驭”。	0
你能看出来这是昔日童星，如今流落街头。昔日童星，如今流落街头，网友心疼万分！看到图片可能有些人还有些印象电视剧《年轮》相信好多人都知道，当年一线明星和李传在90年代共同演绎的电视剧在当时可谓是家喻户晓，可就是这样昔日风光的童星前几年父母去世，谁曾想李传这般意志消沉带着帽子口罩在大街游走，靠在垃圾桶里掏食为生网友纷纷帮忙寻找李传的姑姑和舅舅，希望李传回家早日回家.。	0
马景涛宣布离婚：我的爱我的婚姻画上句号。　　国华娱乐3月31日报道 凌晨在微博发布长文宣布与妻子结束10年婚姻，“我的爱我的幸福我的婚姻都将在今天画上最美好的句号。”马景涛还提到弟弟马景珊出狱，据悉当年弟弟曾二度入狱：“如今他终于重获自由。”马景涛表示一直让自己的妻女受苦。而另一边，吴佳尼的微博则无相关迹象表露。　　3月30日下午，马景涛在微博发了一篇手写长文《十年一觉愚公梦》，在文中宣布结束10年婚姻，与吴佳尼离婚。。	0
关之琳5亿身家富到流油 再花六千万买大厦做投资。关之琳  据香港媒体报道，大美人关之琳对买楼情有独钟，曾扬言“我好喜欢买楼，一有钱就会买楼”的她，凭独到眼光及炒楼经验，早年投资独立屋大有斩获，成为身家超过6亿（约5亿人民币）的富婆。虽然近年进军时装界搞个人品牌生意，但未有放弃物业投资，继去年以半亿（约4400万人民币）购入黄竹坑工厦单位后，再次斥资7，000万元（约6100万人民币）购入同大厦全层单位，似乎相当看好工厦市场。 根据土地及公司注册处资料显示，香港仔黄竹坑道12号香华工业大厦高层全层，一个面积7，226方尺（约650平方米）的单位，日前以7，000万元（约6100万人民币）登记易手，成交尺价9,687元（约8520元人民币）。买家天禧有限公司的登记地址为中半山地利根德阁3座一个高层单位，与关之琳多年前以约1.3亿元（约1.1亿元人民币）购入的单位相同，即代表该工厦单位由关氏或相关人士购入。另外，翻查资料显示，关之琳去年以5，100万元（约4500万人民币）买入的单位面积同样是7，226方尺（约650平方米），当时尺价为7，058元（约6208元人民币），意味单位短短一年已升价超3成。	0
和王家卫解约后，梁朝伟终于有戏拍了，“经纪人”刘嘉玲终于上岗。            但没想到，给梁朝伟当经纪人不是一件容易的事，梁朝伟太挑剧本了。非著名娱评人吴清功指出：梁朝伟一直没有找到新的经纪人，刘嘉玲就一直兼任着梁朝伟的经纪人。            这一年来，“经纪人”刘嘉玲带着“艺人”梁朝伟，在全世界游山玩水，好不自在，梁朝伟都一年多没有工作了。直到2019年5月24日，梁朝伟终于有新戏要拍了。            由梁朝伟、段奕宏主演，张立嘉执导的献礼片《猎狐行动》在京举办开机发布会。虽然没有出演这部电影，但刘嘉玲也一同现身发布会现场，“经纪人”终于上岗了。            主办方还特意给刘嘉玲安排了一个座位，坐在梁朝伟旁边，这应该是史上最大牌的经纪人了。梁朝伟拿过多个金像奖影帝和多个金马奖影帝，是著名的“影帝专业户”。            段奕宏凭借《暴雪将至》获得过第30届东京国际电影节最佳男演员奖；凭借《烈日灼心》获得过第18届上海国际电影节-金爵奖最佳男主角奖，也是影帝。            而导演张立嘉，则执导过成龙、罗志祥、欧阳娜娜主演的电影《机器之血》，也算是著名导演，同时还担任《猎狐行动》的编剧。主创阵容很强，《猎狐行动》的故事更强。            《猎狐行动》根据真实的猎狐行动队故事改编，“中国猎狐行动队”是公安部于2014年启动的，用于缉拿海外在逃的经济犯罪嫌疑人的专项行动组。            所以这算是一部主旋律电影，就像之前的《湄公河行动》《红海行动》一样，有望取得高票房。《湄公河行动》的主演是彭于晏和张涵予：一个是男神，一个是硬汉。            《湄公河行动》的配置和《猎狐行动》特别像：梁朝伟是男神，段奕宏是硬汉。非著名娱评人吴清功指出：《红海行动》没有特别出名的演员，靠的是团体作战，所以没有可比性。            讨论：《湄公河行动》的票房是11.84亿，《猎狐行动》能达到多少亿呢？	0
吴卓林街头搂抱同性太太Andi 不回应留言找成龙。吴卓林（面向镜头）与Andi昨天（5月17日）拍拖逛旺角，情到浓时还抱抱?北京时间5月18日消息，据香港媒体报导，吴绮莉女儿吴卓林与同性太太Andi早前传婚姻危机，同一天两人又恩爱出动。吴卓林陪Andi前往广华医院看医生。昨天（5月17日）两人在旺角朗豪坊拍拖，还当街搂抱，遇到“香港开电视”采访队，她们接受访问，提及台湾通过同性婚姻专法，她们都赞好，但没打算去台湾生活。对于Andi在网上留言希望吴卓林找回父亲成龙，以免被冠上“私生女”称号？吴卓林不作回应。还问她会不会跟妈妈吴绮莉前往拜祭婆婆？吴卓林继续沉默，没有回应。	0
专访常远：我是如何“骗”蔡明参加《喜剧人》的。常远演出剧照。受访者供图中新网北京3月31日电(记者 宋宇晟)在第九期的《欢乐喜剧人3》中，常远请来助阵。在这一晚的节目中，常远拿下了当期冠军。“我也算是把蔡明老师给骗来的吧。”被问到怎么请来蔡明，常远笑着告诉记者。“之前跟蔡明老师说都写好剧本了。她来了以后才发现没剧本。当时她说‘不能这么干啊’。我说，‘我们平时都这么干’。但当时她已经答应我们了，就只能说‘赶紧弄赶紧弄’。”后来，团队用两天时间赶出了剧本。常远演出剧照。受访者供图不过，常远也理解蔡明的担心。“蔡老师正常弄一个作品都要三个月。结果我请来她之后，她也没想到没剧本。”常远说，自己和蔡明很早就有过接触。“准备2012年春晚时，我跟蔡老师一块度过三四个月吧。天天在一块排练。蔡老师对我们非常照顾，每天都给我们打包好了夜宵。”如何请到蔡明参加《喜剧人》？事实上，2017年准备春晚时，常远就曾邀请蔡明参加《欢乐喜剧人》。“她属于那种做一件事就不想分心的人。春晚那会请了她一次，她跟我说，春节过后就一定去。春节一过，我就请蔡老师过来了。来了她才发现没剧本。”常远演出剧照。受访者供图对于常远来说，《欢乐喜剧人》的快节奏并没有降低他对于喜剧的要求。在这个天秤座大男孩眼中，在创作中保持一种“平衡”是非常必要的。“有些东西得兼顾，既得让大家笑，还要讲一个完整的故事。而且时间又很短。还得在故事里给大家带去一些能让大家思考的东西。想把这个做平衡了是很难的。”常远觉得，喜剧人都应该这样要求自己。“如果不这么做，就浪费了这个舞台，也浪费了和观众15分钟的时间。这挺重要的。”虽然第三季《欢乐喜剧人》目前还没有完结，不过已经有报道称最终的总决赛已经录制完成。对此，常远也透露，自己在总决赛的作品中，“把自己撕得挺碎的”。“我们做的就是一个悲情的小人物。观众看着是很可笑的，其实人物是很可悲的。我觉得悲中带喜、喜中带悲才是喜剧一个比较对的路子。”常远演出剧照。受访者供图事实上，常远能够喜剧的道路并非偶然。出生在相声世家的他从小就接受了相声科班训练。不过当时他并不喜欢这门艺术。“学相声太早了，3、4岁就开始学。那会不可能哪个3、4岁的小孩说，我要学相声，还不懂。相声也是后来慢慢才喜欢上点。从科班开始接触相声，十几岁开始慢慢地喜欢上了。”常远演出剧照。受访者供图而提到相声，就不能不说常远的爷爷――相声艺术家。在常远的记忆中，幼年时的科班训练和爷爷总是分不开的。“原来是科班，在天津北方相声曲艺学校。每天早晚功要练，每个礼拜从天津回北京一趟，给爷爷汇报一下这礼拜学什么段子了。”“爷爷对我非常严厉，现在也是这样，一直在跟我强调作品质量这些事。候对我也是很严厉，学相声那时候就更严厉了，可能他觉得我进步太慢，也是恨铁不成钢吧。”不过常远现在也承认，当时相声科班的训练“对现在有很大帮助”。“因为相声就是研究包袱、研究怎么着让人发笑。对我舞台上的喜剧创作，包括表演上都有很大帮助。比如说三翻四抖，都是从相声里得到的知识。”(完)。	1
《活着唱着》2019年戛纳电影节首映。2019年5月20日《活着唱着》在戛纳电影节上进行了全球首映。 图丨戛纳电影节导演双周现场 图丨戛纳电影节导演双周现场 早在2012年，由于一个纪录片《唱着活着》，名不见经传的民间流浪川剧团团长赵丽和她的团员们的为生活而唱着，倔强而坚强活着的故事深深打动了本电影出品方之一的明时代公司,决定把这部纪录片的内容搬上大荧幕，继而力邀著名演员邓婕参与此部电影的创作，并请马楠导演创作电影剧本。出于对项目的喜爱，马楠导演数次前往成都，与剧团一同生活，他深深为剧团成员之间深厚的感情以及他们面对生活的积极和对川剧的热情所感染。他说这些普普通通，也有着柴米油盐的烦恼的人们，是真正的民间艺术家。 监制邓婕这样说：“一个民间戏班，一群草根艺人，在乡间的舞台上“活着、唱着”，她们的乐观、顽强以及对川剧艺术的坚守深深地打动了我。” 图丨邓婕戛纳现场受邀采访 川剧作为巴蜀优秀文化的代表是中国戏曲宝库中一颗光彩照人的明珠，然而，它有着坎坷的命运。民间剧团行头简单，聚散无时。他们是川剧里的吉普赛人，逐观众而居，为生存而流浪。他们不是生命不息唱戏不止，而是要靠唱戏才能活着。而正是这些民间艺人赋予了川剧真正而持久的生命力。在他们看来，独有的唱腔及表演才是川剧的精髓，而变脸、吐火这些不过是哗众取宠的技艺罢了。这是他们对待川剧的另一种自尊，融化在骨子里的骄傲。 图丨剧照 影片中川剧团的十一个人挤在成都郊区一座破旧的老剧院里。他们不仅是同事，更是家人，表演在一起，生活也在一起。直到一天，一纸通知让老剧院面临被拆除的命运,赵丽必须尽快找到一方新的屋檐，才能让她视若亲人的剧团大家庭免于分崩离析的命运。在赵丽的脑海中，川剧的世界悄悄潜入了现实，戏台上的人物也开始在真实生活中粉墨登场?? 图丨剧照 马楠导演认为惟有这些真实的人，才能最好地演绎他们生活的另一种版本，才不失这部电影的本意，所以启用赵丽来饰演她本人，其他角色也都是真实生活中的本人出演影片中角色，演绎自己的故事，是真正的本色出演，让虚构与真实、戏剧与生活交融，成为本片的一个看点。 图丨拍摄现场 图丨剧照 该片于2017年至2019年间剧本入围威尼斯双年展电影学院，电影入选鹿特丹国际电影节CineMart电影投资会，获香港电影节选中推荐HAF Goes to Cannes的影片之一，入围第72届戛纳国际电影节“导演双周”单元。一路走来，剧组人员历尽艰辛。如今该片正逐步进入观众的视野，戛纳电影节是《活着唱着》的一个新的起点，它必将迎风破浪，闯出自己的一番天地。	0
谢贤3年就赔了四千多万，谢霆锋送劳斯莱斯，他却没有钱加油。谢贤在年轻的时候，绝对是一个超级巨星，当时在香港的影响力非常大，当时在男演员来说谢贤是一手遮天，当时周润发，梁朝伟等都是谢贤的配角，就连成龙见到他，都要喊一声四哥，但谢贤在名气大了之后，有钱之后，就开始花天酒地，在娱乐场消费了很多钱，也交往了很多女人。 但谢贤后来开始投资了，也知道赚钱了，可惜方法并不对，当时开了一个酒吧，因为自己的钱大部分都消费在酒吧， 所以自己也就想开一个，当时就和很多朋友，一起弄了一个非常大的酒吧，而且做的也是高端的，当时特意去德国卖了一个啤酒机，价格也是非常昂贵，之后拿到了香港组装，一开始生意非常火爆，但是就是不赚钱。 最后这个酒吧维持了3年，自己不但没有赚到钱，还将自己的全部身家4000多万都赔进去了，之后身无分文，还好自己的儿子谢霆锋事业成功了，在经济上给了他很大的支持，而且在他过生日的时候，谢霆锋为了让父亲开心，还买了一辆劳斯莱斯送给父亲，但是谢贤看着车也非常的悲哀，赔光了所有的钱，都没有钱给这个车加油。 谢贤说这个车一直都放在车库里，好多年都没有开多远，因为自己一般都没有什么重要活动参加，可能是自己现在年纪大了，也没有什么名气了，所以就没有人找自己去走个红毯，或者参加一个颁奖典礼了，但谢贤在儿子事业成功之后，他的也非常好， 而且慢慢谢贤也参加了很多综艺节目，也有一点收入了。 但谢贤的儿子现在这么有钱，哪里还差谢贤这点钱，一直以来谢霆锋都是一线的明星，事业非常成功，而且年轻有为，周润发，成龙，刘德华等等，一些前辈们都非常看好谢霆锋，说以后的香港电影，是谢霆锋的时代了，他们都已经老了。	1
赵又廷521发文报喜，喜提千金一枚，高圆圆两次转发都是鼓掌庆祝。高圆圆是我们都非常喜欢的女艺人，长相清纯，饰演的周芷若至今都觉得非常惊艳，后来的《咱们结婚吧》也展现了自己的优秀演技。在事业方面她几乎从来没有什么绯闻，而且为人十分低调。 高圆圆低调到怀孕都没有跟大家分享好消息，都是被动地宣布自己有了孩子，4月8号，赵又廷回应大家的猜测：每每遇到大家的关心，我们总是回答：顺其自然。现在，我们可以说：是的，谢谢大家一直以来的祝福。当时高圆圆转发，配文是三个拍手的小人儿。 这次也是如此！5月21日，有网友爆料称自己从医院的朋友那里得到消息，高圆圆已经在北京生下了孩子。于是有媒体向高圆圆的经纪人求证此事，没想到对方工作人员在听清楚了问题之后，回应说“信号不好”，这个理由也是相当可爱了，所以可见高圆圆生娃已经是八九不离十。经纪人是想征求赵又廷和高圆圆的意见吧。 没过多久，赵又廷发文报喜：美好的日子，赢来美好的生命。母女平安，谢谢大家！高圆圆这次转发还是三个拍手鼓掌，一切尽在不言中！ 恭喜二人在521（我爱你）喜提千金一枚！ 网友调侃称小孩儿名字可以叫小满，因为今天的节气是小满！赵小满这个名字还是不错的。 不过前来送祝福的明星朋友还不是很多，暂时只看到了倪妮、叶璇和大左，其他人或许在工作，正在赶来祝福的路上吧。 到时候肯定也少不了贾静雯的的祝福。高圆圆和贾静雯是好姐妹，还是的干妈，所以贾静雯肯定也会把刚出生的小公主当自己的女儿来疼爱的，可以分享更多的育儿经了！恭喜再次当小姐姐，又多了一个妹妹！ 对于高圆圆来说，这个孩子来之不易。她和赵又廷在2012年因戏生情，当时高圆圆32岁，已经有了很高的人气，赵又廷才只有27岁，名气一般。 2014年两人步入婚姻的殿堂，不知道是不是因为高圆圆年龄大了的缘故，所以一直没有怀孕，想必外界的声音也让她倍感压力。所以低调地怀孕和生子是最好的选择。结婚五年终于有了爱情的结晶。 赵又廷和高圆圆的人生终于完满了！接下来又是新的征程，希望小公主健康成长哦！	0
郭碧婷晒向佐照片大方秀恩爱 发博日期暗藏甜蜜。郭碧婷晒出的向佐照片5月17日晚，郭碧婷在微博上晒出一张未婚夫向佐的照片，大方秀恩爱，而郭碧婷选择的发微博的日期也暗藏甜蜜玄机。郭碧婷晒出一张向佐的侧脸照，照片中的向佐身穿橘黄色毛衣，头发浓密且凌乱，笑容温暖。郭碧婷还配文“想起在若丁山阳光底下，那野兽般的毛发，笑脸上皱折，嘿嘿”，大方秀恩爱。据悉，2019年3月17日，在各自亲友的见证下，郭碧婷在台北接受了向佐的求婚，因此17号对于俩人来说，是一个比较有纪念意义的日子。郭碧婷选在17日晒未婚夫向佐的照片秀恩爱，也被不少网友解读为超有心意。照片发出后，不少网友纷纷留言表示“是美女与野兽的故事吗”、“狗粮满地都是，甜死了，今天17号，难怪有惊喜的”。	0
戛纳专访|葛天：我有感情洁癖 另一半随偶而安。(文/李佩珊 图、视频/黄盛春）葛天以中法文化大使身份出席戛纳电影节，她接受网易娱乐专访，首次出席电影节的她将踏上闭幕礼红毯，她坦言心情非常激动、兴奋，她直言梦想有一天自己的影视作品可以参加戛纳电影节，她又坦言自己享受演戏，只要剧本好，也不会局限自己接演什么角色。“好哥儿们”的感觉，即使在拍摄途中遇到流浪汉上前搭话，她也处变不惊大方合影，当遇到美丽的贵妇狗时也不禁上前逗玩流露少女一面。演员需要扮演不同角色，问到她觉得自己真实性格是如何？她坦言：“可能比较自来熟，而且还特别爱管事儿，看到你这事儿需要帮忙了，就肯定得过去插一手，就是这样子，也比较粗线条，”“爱”不应“谈条件”：“我觉得如果你看上我的某一个条件，我不保证我的这个条件会永远存在，我也不保证这个条件是永恒的。但是我相信两个人之间的那种感觉。随遇而安吧！我这个人还比较有感情洁癖，就是如果不是一百分，可能就没有办法八十、七十这样。”网易娱乐：今年你出席戛纳电影节，感受如何？葛天：今年是我第一次参加戛纳电影节，我觉得非常激动、很兴^，临来之前就有很多的期待。现在是我来到戛纳的第一天，所以现在还没有从那个非常兴奋的状态中脱离开。网易娱乐：会期待未来有一天自己的作品也可以参展吗？葛天：那是我的梦想，我非常希望自己可以有一个作品可以来到戛纳，然后跟观众朋友们见面。网易娱乐：你这次会走闭幕的红毯。这次来戛纳电影节是以中国文化大使的身份出席活动吗？25网易娱乐：你可以说一下法国这个地方给你的印象是怎样的呢？葛天：我觉得法国，大家首先想到的就是很浪漫，很自由，玫瑰，红酒，然后海岸，然后戛纳，这一切很浪漫的东西。所以我很喜欢这里。这也是我初到戛纳之后这短短的几个小时的印象。我觉得这里的人都非常发自内心地在爱着这座城，也在发自内心地爱着电影。因为我很感动的是，走到街上，我虽然没有看太多街道，也是因为你们才看得到街道，但是当我看到小店的橱窗上面贴着戛纳电影节海报的时候，看到全城的人都在为这一件事情共同努力、去付出，然后去打扮自己也好，干嘛也好，然后一起去为了这一个盛事而付出的时候，我觉得特别好。网易娱乐：是不是觉得戛纳这个地方的人特别热情？葛天：对。网易娱乐：今天在街拍的时候，好像还有跟那个狗狗逗。nice网易娱乐：这次来戛纳电影节，有碰到哪些好朋友或者认识了哪些新朋友？25网易娱乐：有留意什么作品吗？会期待可以看哪些作品？71网易娱乐：可以跟大家分享一下接下来的的工作计划是怎么样的吗？24网易娱乐：除了这个盛典之外，因为你本来就是演员出身，有没有什么类型的电影或者电视剧是你想挑战的呢？葛天：谈不上挑战吧。我其实更想要去接到更多多元的角色，不要说被一个人的外形或者一个很局限的东西去框住他，给他一个标签。我觉得人是很丰富的。当然演员不可能什么都能演，只是说我很想要尝试不同的角色。只要这个角色是好的、完整的、有一个能够打动我的地方，我都会愿意尝试，不一定局限在哪个类型里。网易娱乐：如果是反派角色或者性感的演出也可以吗？葛天：你看，你都又开始给我贴标签了，反派的、性感的，然后什么那种办公室女郎之类的。都可以。只要这个人物是好的，然后写得很好的话，我都会非常非常想要去尝试，无论她是干嘛的。网易娱乐：但是会不会偏向演正剧或者喜剧呢？记得你早前演了一个喜剧，大家都是很惊喜的。有想过向喜剧方向发展吗？就是《咸鱼传奇》。24网易娱乐：刚刚你说最喜欢这个角色，之前为这个角色有什么准备吗？葛天：我们话剧就是要反复地排练。然后这个是一本小说改编过来的，所以我们先会做一些小说的阅读，然后到剧本的围读，然后再到一些跟剧作家的一些沟通、跟导演的一些沟通，就是这样子。整个戏剧，我们排了大概三个月，算是话剧当中排的时间周期还算比较偏长的，准备周期还算是比较长的。然后演出又演出了一百多天。NGNG网易娱乐：因为演员常常要扮演不同的角色，你觉得现实中的你，性格是怎么样，真实的一面又是怎么样呢？可以让我们镜头前的观众了解一下吗？葛天：我本人什么样？就这样啊，什么样？我也不知道我自己什么样，我觉得我还算是性格比较活泼的吧，然后比较能揽事儿那种？我不知道怎么形容。因为我是我们大学的班长。我是怎么当的？就是因为大学刚开学，大家也不知道牙膏、牙刷、这些被褥怎么整，然后东西去哪寄。然后就自告奋勇地老是帮人，特热心，就是这个帮帮、那个帮帮，帮到最后就说那你干脆当班长吧。就这样子。可能比较自来熟，而且还特别爱管事儿，看到你这事儿需要帮忙了，就肯定得过去插一手。就是这样子。网易娱乐：也是特别爽直的一个人，对吗？葛天：对，比较粗线条。所以如果我生活中有什么做得不太当的地方，大家多多包涵。葛天：嗯？我戛纳有艳遇了，谢谢你。网易娱乐：没错，你多了一个粉丝。葛天：我也很喜欢你。网易娱乐：谢谢。你形容法国这个地方是很浪漫的一个地方，那么也会希望可以在这么浪漫的地方，有想到我也希望有另外一半可以来分享我的生活吗？葛天：有啊。我今天在拍照的时候还遇到了一条很可爱的狗狗。我觉得陪伴的方式很多，可以陪伴你的家人，陪伴你的工作，陪伴你的朋友，陪伴你的小宠物。网易娱乐：不局限于是男朋友或者是另外一半，对吗？葛天：那伴儿的种类很多呀，玩伴儿、友伴儿、同伴，都是伴。网易娱乐：但是你长得这么美的一个女生，如果有人追求你，你有没有想过我的条件其实是怎么样、怎么样，然后符合这些要求了，我才会答应跟你交往？“葛天，你很符合我这个条件、那个条件。嗯，不错”。我觉得如果你看上我的某一个条件，我不保证我的这个条件会永远存在，我也不保证这个条件是永恒的。但是我相信两个人之间的那种感觉，就是那种“我知道我什么都没有了，但是我不会没有你”的那种感觉。网易娱乐：也是会随遇而安，对吗？葛天：对。我这个人还比较有感情洁癖，就是如果不是一百分，可能就没有办法八十、七十这样。“妈妈，你觉得这个可以吗”？会问父母的意见吗？葛天：我觉得跟爸妈关系好是有什么样的关系呢？就是要他们够尊重你，够理解你，你们互相够爱。那个爱是来源于互相的尊重和理解，不是那种平地拔起、莫名其妙的爱。他们很尊重我的一切决定、我的一切想法。他们不管我做出了什么决定，他们都很支持我、理解我，没有过一点那种说自己私心地去强加或者改变我的想法。这是我非常感恩的一点。这也就是为什么我觉得随着年龄一年一年增长，要更加多的时间，除了工作以外，要拿很多时间陪伴父母，然后孝顺父母、感恩父母（的原因）。葛天：我怎么觉得这么聊下去，我都像一个鸡汤姐姐了，可是真的是很发自内心的感受。可能我们白天拍得太嗨了，到了晚上真的就是疲乏到只想感悟人生了。网易娱乐：但是也是很感恩，遇到了什么，爸妈都会很爱护你，就是一个很大的后盾，对吗？葛天：我觉得世界上最伟大的爱就是亲情跟母爱。母亲真的很伟大。不光是我的母亲，其实每个妈妈，不管八九十岁的妈妈，还是二十八九岁的妈妈，我都觉得她们很伟大。网易娱乐：也会期待将来自己也当妈妈吗？葛天：当然，当然，我很期待。网易娱乐：那我们也祝福你可以早日当妈妈。葛天：顺其自然。	1
许晴出席中欧女性影展论坛：男性与女性并不对立。 近日，许晴以中欧女性影展推广大使的身份出席中欧女性影展戛纳论坛，为女性电影工作者发言，助力女性电影作品的推广。供图论坛上，许晴将影视行业中的东方女性电影人形容为“聚是一团火，散是满天星”。“女性电影人和女性视角的电影，能够展现出不同的世界观，去点燃、去打破现在的某些束缚与局限，从而贡献出更多好的作品。”许晴说。供图此外，许晴表示，即使是在男性主导的行业里，男性与女性之间也并不是对立而是互相激励，在男人戏为主的电影里，女性角色也可以塑造得很有力量。无论是论坛上一身灰色缎面套装的干练，还是海边沙滩一身白色套装的优雅，许晴都诠释了她自己所说的“女人都是可爱又坚定的”。供图作为资深女性电影人，许晴曾在《建国大业》《老炮儿》《邪不压正》等作品中塑造过许多令人难忘的女性形象，最新电影作品《刀背藏身》和《闻烟》也即将与观众见面。(完)	0
陈法拉巴黎完婚嫁法籍男友 晒钻戒宣布结婚喜讯。 5月21日，陈法拉在社交平台晒出鸽子蛋钻戒，宣布结婚喜讯。据悉，这只粉红色钻戒是陈法拉的老公Emmanuel亲手设计的，寓意两人这段浪漫坚韧的爱情，幸福永远。 据了解，陈法拉在法国时间5月18日于巴黎，与相恋三年多的法籍男友Emmanuel Straschnov共谐连理，正式成为夫妇，步入人生美好新一页。 当日，在风和日丽的巴黎，一脸幸福的法拉身穿米兰设计师度身订造的一套白色简约典雅的婚纱与丈夫Emmanuel 双双步入礼堂接受众亲友的祝福。两人在双方父母及过百亲友的见证下，正式成为夫妇。虽然Emmanuel原藉法国，但却能操得一口流利普通话，婚礼仪式中更以普通话向法拉的父母承诺照顾法拉一生一世，而老爷也同样以普通话祝贺一对新人，场面温馨感人。 在简单而充满喜悦的婚礼上，一对新人除了获得大家祝福外，陈法拉来自The Juilliard School的一班同学在婚礼上献唱及朗诵了一首莎士比亚的诗篇，同学们尽显才华之馀亦为现场增添了一份浪漫气氛。 对于正式成为Emmanuel的太太，陈法拉感恩地说：“最开心是可以见到来自世界各地的亲戚朋友，聚集一堂。得到大家的祝福，真的很感动。” 婚礼仪式后陈法拉穿上晚礼服款待亲友，待晚宴结束，整天穿上高跟鞋的法拉，终于可以松懈下来，迫不及待地换上早已准备的平底鞋，以愉快的心情与Emmanuel进入舞池翩翩起舞，双双迎接更美好的未来。 据悉， 陈法拉的男友中文名叫 司马诺 ，毕业于哈佛大学，担任过法国驻日本外交官和美国CEO特别助理。他热爱中国文化，能说一口流利的普通话。二人于2016年纽约结识，相恋三年结婚。	0
广州天河路商圈启动国内首个网红音乐节(图)。国内首个网红主题音乐节“Spotlite红音乐节”31日在广州天河路商圈启动。 何珊 摄中新网广州3月31日电 (记者 程景伟)国内首个网红主题音乐节“Spotlite红音乐节”31日在广州天河路商圈正式启动。该网红音乐节由广州天河路商圈、正佳广场联合知名音乐社交平台“唱吧”、社交大数据营销集团“IMS新媒体商业集团”共同发起。有“华南第一商圈”之称的天河路商圈希望通过跨界打造音乐IP，成为国内首个网红音乐主题商圈。国内首个网红主题音乐节“Spotlite红音乐节”31日在广州天河路商圈启动。 何珊 摄广州天河路商会会长、正佳集团副董事长谢萌表示，天河路商圈积极响应广州市政府关于发展商旅文融合经济、打造广州新支柱产业的战略部署，整合资源，创新打造音乐IP、文化IP，辐射全国、联动广佛深，通过网红带动超级粉丝流量接入，带动游客流量、消费额度及文化流量的增加。据介绍，“Spotlite红音乐节”打造网红经济与实体经济的连接平台，选取音乐为主要元素，利用网络平台和购物中心作为不同的展示场景，集结泛音乐网红以及有粉丝号召力的50组艺人参与。其中，最有看头的是5月20日、21日在广州连续举办的两场时尚音乐盛典。国内首个网红主题音乐节“Spotlite红音乐节”31日在广州天河路商圈启动。 何珊 摄首场预热活动31日下午在广州正佳广场举行，大粉乐队和人气女歌手王金金现场演出。网红们还在商圈逛店直播，化身时尚买手为粉丝挑选礼物。(完)。	0
章子怡戛纳重温《卧虎藏龙》 一天只吃清水煮豆芽。章子怡vlog?5月23日，章子怡在微博上传戛纳之旅的第二日vlog，并写道：“不愿结束的一天……”vlog中，从早9：00的大师班photocall开始，章子怡的一天就一直在忙碌：出席活动、采访、拍照、红毯……最后上千人在海滩上一起观看了她的代表作《卧虎藏龙》。女明星的菜单系列更是再次惊到网友：章子怡一天内唯一的大餐竟是清水煮豆芽！电影放映时，坐在第一排的章子怡认真地注视着大荧幕上那个年轻的自己。放映结束后，现场观众纷纷故障，有不少人还发出了赞叹的声音，章子怡本人之后在接受采访时也称：“就是有点舍不得走吧。”并极低地说了句“勾起太多的回忆了”。她还表示：“我觉得这种表演可能不会再有了，那时候对于角色的理解。”神情略有怅惘。vlog的最后，节选了一些网友的影评，并打出了“感谢一直以来喜欢《卧虎藏龙》的所有观众”的字幕。随后，在《月光爱人》纯音乐的悠长旋律中，结束了整支vlog。	0
angelababy清晨晒健身照 产后身材恢复迅速。照片中只见她吊着单杠，虽然只有背影，不过仍能看出她身材纤细，手臂肌肉明显，似乎在为复出做准备。辣妈baby健身照据台湾媒体报道，女星Angelababy（杨颖）年初生下儿子“小海绵”，虽然还未复工，不过产后恢复很快，不仅3天就出院，生完2个多月四肢纤细像没生过，30日她晒出健身照，一张图疑似回应质疑。baby今早就在微博晒出健身照，写下：“少壮不努力，老大徒伤悲”，只见她吊着单杠，虽然只有背影，不过仍能看出她身材纤细，手臂肌肉明显，似乎在为复出做准备，网友大赞她超美，还有粉丝发现她早上6点就更博，努力健身的模样，难怪生完身材可以恢复超快。。	0
赵又廷低调奢华发狗粮，高圆圆普天同庆喜当娘。40岁的高圆圆，在5月21日这天给大家带来了“顺利产女”这个普天同庆的好消息。 之前公布怀孕的时候，就引起了不少人的关注和担心，40岁的高圆圆已经被划入高龄产妇的范围，直到今天这个喜讯被公开，大家悬着的心终于能放下了。 从赵又廷宣布高圆圆怀孕起，艺人和网友们对这件事都很上心，贾静雯当时还要给高圆圆传授“育儿宝典”，几位当事人的评论区其乐融融，无比温馨和谐。 一转眼我们的女神高圆圆就顺利生下女儿了，也算是对高圆圆和赵又廷这么多年爱情长跑的一个完美答复了。 【定情佳作《搜索》，成就了赵又廷高圆圆的绝美恋情】 2012年高圆圆与赵又廷在拍摄电影《搜索》的时候因戏生情，同年4月17日，赵又廷又在电影发布会上承认与高圆圆的恋情，开始了他的“低调奢华撒狗粮”之旅，这个消息不仅震撼娱乐圈，还让广大男生们心碎一地，毕竟高圆圆是公认的“宅男女神”，名气也比赵又廷高。 高圆圆和赵又廷这对“姐弟恋”，从恋情曝光之初就不被外界所看好，人气差距悬殊，这对郎才女貌的恋人，也逃不过被贴上“倒贴”、“上位”等标签，事实并非如此，承认一段良好的姻缘对吃瓜群众来说也没有那么难。 电影《搜索》可谓是高圆圆和赵又廷的“媒人”，正是因为这部电影，两位艺人由此结缘，从互不相识到步入婚姻的殿堂这段过程中，电影《搜索》给他们的爱情隆重地添了几分浪漫。 陈凯歌导演的这部《搜索》，让高圆圆和赵又廷这对命中注定相遇了。刚进组时他们两人都比较拘谨，举手投足间都有些不自在，但在相处的过程中两人越来越融洽。 他们的互动非常自然，在这样的相处下日久生情，时不时亲昵打闹，戏拍到一半他们俩就恋上了对方。陈凯歌导演更是一路见证了这段感情，还称：他们俩在二三百人的现场，旁若无人谈恋爱。剪完《搜索》这部片子后，陈凯歌导演称：就是它了。就是高圆圆和赵又廷了。 【是命中注定，也是从不后悔的决定】 都说是《搜索》成就了他们，其实这也是他们的互相选择。 在他们宣布恋情到结婚之后，他们总是用一种低调的方式展现他们之间的甜蜜。赵又廷不管出席什么场合都会戴着婚戒，对他和高圆圆的婚姻充满了信仰和敬畏。 有人问赵又廷：做所有合作过的女演员中，哪一位最合拍？ 赵又廷想也没想，直说：我还是会选高圆圆。对于赵又廷来说，高圆圆就是独一无二的一位。 赵又廷在一次采访中就表示：自己是一个很闷很宅又很无聊的人，唯一的爱好就是和高圆圆待在一起，喜欢非常平淡的幸福。 而高圆圆也表示：在她看来，最幸福的事不是你如何功成名就，拥有多少财富，而是能和对的人携手到老。 对于这份天赐而命中注定的感情，高圆圆心里一直充满了感恩，她觉得自己是幸运的，能和赵又廷因戏结缘而修成正果，对她来说就是人生里最幸运而美好的事。 选择彼此，对他们来说都是最不会后悔的决定。 【他们的爱情是：终于等到你】 赵又廷和高圆圆的爱情是：终于等到你。 这段一开始不被人看好饱受人们争议的爱情，走过了这么多年的风风雨雨后，终于得到了大众的认可。 从相恋到结婚再到生子，他们用了整整7年。高圆圆和赵又廷之间没有大声喧哗，一切都浑然天成自然而然，不去声张他们的爱情，而是通过每一个细节去体现。 5月21日，赵又廷通过个人社交账号，带来了好消息：“美丽的日子，迎来美好的生命。母女平安，谢谢大家。”高圆圆也接着转发了这条微博，和之前宣布怀孕消息时的模式一模一样，评论底下也是一片祝福声。 从字里行间中，大家都感受到了他们喜得千金按捺不住的喜悦。 赵又廷喜得千金，高圆圆成为母亲，一直以来都是众人所期待的事，如今成为现实，所有人都为他们感到高兴。 “赵又廷夺妻之仇不共戴天”终究成了一句玩笑话，当初说这句话的人，都在为高圆圆现在的幸福感到高兴。	0
泰妍遭私信辱骂“疯女人” 粉丝心疼支持上诉。泰妍泰妍遭黑粉私信辱骂?据台湾媒体报道，少女时代队长泰妍歌唱实力强，受到很多歌迷喜爱，但依旧长年以来饱受黑粉恶评攻击，过去曾数次警告黑粉，却似乎无效。她5月17日终于不忍了，将黑粉的私信以及帐号公开，充斥着各种难听的三字经、脏话，内容令人冲击，也让歌迷心疼不已原来她一直以来都被骂成这样，支持泰妍上诉。泰妍5月16日在限时动态与粉丝分享诗集，题目分别为11月、12月、花、星星等，没想到，黑粉借题发挥，连诗集都有意见，一名帐号为“1212345”的网友私信狂骂“疯女人，就叫你别再这样了吧，恶心，丢不丢脸，这么没男人吗？所以有的时候对他好一点，发神经，真是。”一连串不理性的文字，令人看了为之震惊。该名帐号的网友不只发过一次私信，之后又发来类似的内容，同样充满不理性以及难听的字句。泰妍过去曾多次警告黑粉别再攻击人，没想到，同样的事件层出不穷，她5月17日选择公开网友的帐号，虽没有以其他文字多加说明，但歌迷纷纷支持她上诉，希望永远杜绝这种网络霸凌。	0
当年大红的她看不起赵薇，如今沦为跑龙套配角，46岁光彩照人。一说起郑家榆这个名字一定很陌生，但是说起怀玉公主，想必很多人都会记得起来。2000播出的《怀玉公主》可以说是红遍了大江南北。提起怀玉公主，每人都能说上几句。那几年，可谓是郑家榆的天下，她演的怀玉公主活灵活现。 而赵薇，是因为《还珠格格》而爆红，两个人的剧虽然错开了，但是因为风格，定位，性格都差不多，所以难免被拿来比较。郑家榆更是表示赵薇会红是因为琼瑶阿姨的剧本好，完全靠的是运气，还放豪言如果是她来演会更火。这应该是丝毫不把赵薇放在眼里了吧。但是，十几年过去，两个人变成什么样了呢？ 现在的赵薇已经红了十几年了，演了无数的热播剧，更是在结婚之后随丈夫进入商界，成了一个女强人。像赵薇这样的人只有比她强很多的人才能治得住她，所以她嫁给了比她厉害的黄有龙，黄有龙白手起家到现在上百亿资产，可不是靠着运气就能成功的，而赵薇嫁给他之后，也让自己变得更优秀了。 那么郑家榆呢？估计没几个人认识她了吧。她当年在最红的时候因为母亲病重息影4年，后来母亲在弥留之际最后的愿望就是郑家榆能重新成为一个明星，所以郑家榆这才重新复出娱乐圈，可惜娱乐圈一天一变天，这么多年过去之后，郑家榆早已经没有人认识，所以她也只能演一些配角。而且，现在已经46岁的郑家榆还是孤单一人，并没有找到共度一生的那个人，希望她能过得幸福。	0
陈法拉晒钻戒宣布结婚喜讯 与丈夫手牵手秀恩爱。?21日，陈法拉在微博晒照宣布结婚喜讯。陈法拉在法国时间5月18日于巴黎，与相恋三年多的法籍男友Emmanuel Straschnov共谐连理，正式成为夫妇，步入人生美好新一页。5月21日，陈法拉在社交平台晒照宣布结婚喜讯。陈法拉据香港媒体报道，有传陈法拉将会与拍拖3年的法籍男友Emmanuel Straschnov，在法国成婚，对此，陈法拉否认结婚的传闻。对于近日有关秘婚报道，陈法拉昨天响应传媒说：“我刚刚下机，多谢大家关心。我明（今）天（5月11日）不是结婚，日后有好消息一定会跟大家分享。”	0
章子怡感恩《卧虎藏龙》重映与李安祝福:热泪盈眶。?22日，身处戛纳的章子怡在网上发文感谢李安对自己的肯定和表达了对电影《卧虎藏龙》的重映，直言：这份惊喜让我热泪盈眶，感恩所有。戛纳时间5月21晚，章子怡出席沙滩电影节，为大家介绍她的扬名世界之作《卧虎藏龙》，与观众一起观看电影。在电影播映前，银幕播放了一段李安导演的片段，李安祝贺章子怡入行20周年，表示有幸能通过《卧虎藏龙》一片助章子怡投身电影事业：“当年在中国拍这部电影相当有难度，你是如此之人才，且有浑然天成的才能，应该说是才华之上更有修为，你倾注于这部电影的努力也让它在全球各地大放异彩，你当时才只有19、20岁，为全世界、为我带来一股清新的气息，我深深感念，也非常自豪能成为你职业生涯的一部分，多年来，我欣喜地见证你作为一名演员，一名有建树的演员的成长。目睹你为社会做出的各种贡献这些成就确实值得庆幸，祝你一切顺利，祝贺你”	0
赵又廷官宣高圆圆产女：美好的日子，迎来美好的生命，母女平安！。今天是一个好日子，5月21日，寓意很好。但是对于赵又廷来说，今天是一个大喜的日子，就在刚刚，他向大家宣布了一个好消息。 赵又廷发文“美好的日子，迎来美好的生命。母女平安，谢谢大家”，赵又廷宣布高圆圆替他生了一个女儿，一家人平平安安，并感谢大家的关心。 其实关于高圆圆产子的消息，今天一大早就有网友爆料，说是听医院的朋友说今天生了，地点是在北京，当时大家还不相信。对于这样的新闻，其实咱们每天都可以听到，所以也就没有什么好奇怪的。 只是，网友们有了疑惑，所以就得有人去解决。这不，稍后就有媒体打电话找高圆的经纪人求证，不过对方以信号不好而挂断了电话，一时间这个消息更是让网友摸不着头脑。 都说时间可以证明一切，这才过三四个小时，终于等来了赵又廷的官宣，高圆圆产女的消息传出，大家心里的石头也落地了。 现在，网友们的祝福已经在赵又廷微博下刷屏了，生了一位小公主，以后一家人的生活一定会非常甜蜜。	0
26岁舞女嫁65岁赌王，独宠心机强，现代版魏璎珞，奚梦瑶怕了吗。宝宝们中午好鸭~你们的说书人・朝阳吴彦祖・所长又来讲赌王的大瓜啦~ 所长和年轻时的赌王到底谁更帅？ 事先发个声明，因为之前的赌王系列，按照所长的flag是2000“在看”更新一次，既然达到了，看来宝宝们对这个大瓜还是比较有兴趣的，所以所长如约辛苦码字来啦。 对这个话题不感兴趣的宝宝，可以直接移步其他篇目，不要骂人，会反弹。如果实在想吐槽，也点个 再吐槽~ 在开始吃瓜之前，我们先复习一下赌王家四房太太、十六个孩子的人物关系，防止宝宝们看晕。 关于前三房的故事，新来的宝宝们可以戳下面，跟着所长简单复习一下： 第一集所长讲了“澳门第一美人”原配黎婉华成就了赌王霸业却终成弃子、因为患病和车祸的打击而深居简出、隔绝于权力中心，而且儿子死于车祸、女儿精神失常； 第二集是赌王二太蓝琼缨14岁一舞定情成现代“甄帧保传说原配和儿女的遭遇和二太的黑社会大哥有关；现在二太女儿继承大统、分得赌王大部分企业资产。 第三集，三太（原配的护士）成功上位打破二太“专宠30年”的局面，扮猪吃虎，在2009~2011年的争财产拉锯战，联手二太，和四太pk； 上两回书说到，出资出人脉让赌王白手起家的原配黎婉华，在32岁（1957年）32突然患结肠炎，很难医治以至于切了半个胃、从此卧床；曾发誓一夫一妻的赌王认为自己“不想当和尚”、“需要女人操持家务”而按照荒谬的《大清律法》纳了一舞订情的蓝琼缨为妾。 蓝琼缨专宠近30年后的1986年，原配的护士陈婉珍上位成为三太，又过了一年，因为三太不会跳舞，四太就闪亮登场了――所长预告过好多次，赌王找女人，不是护士，就是跳舞场上，很“专一”。 于是乎，四房太太一人一座豪宅，形成了制衡的后宫局面，所长再重新放一下赌王“雨露均沾”“临幸”各房太太的时间表： 之前所长讲二太、三太时候的只言片语里，相信宝宝们对四太的性格已经可见一斑：二太讽刺她“通臂猿猴怎么能同齐天大圣相比！”，和赌王关系是“犯法”的，她伶牙俐齿回击：“何太只有一位，我想她是更年期、吃错药、神经病乱说话！齐天大圣有再大本事，到头来也飞不出如来佛祖的五指山。” 一边暗讽二太也是小三上位、捧一下原配地位（黎婉华2004年去世，当时尚在），一边说二太年老色衰，还不忘奉承赌王是如来佛祖，所长觉得四太这回怼，真像伶牙俐齿的黑莲花魏璎珞。 的确，正如所长说过二太是宫斗高手“豪门甄帧保三太是低调站队的“敬妃”或“陆晚晚”，那四太就是妥妥的魏璎珞――出身普通（跟魏璎珞的包衣小官出身有一拼）脾气爆、不好惹，有远见（作为现代人，重视事业），还特别能生孩子（想想《延禧攻略》后期的璎珞和历史上的令妃，就是“疯狂生育模式”）。 下面就跟所长一起，全方位认识一下这位“豪门魏璎珞”和她的子女们。再次重申： 这里是开始吃新瓜的分割线 《爱的时差》跟“从超模到网红明星”的小明洒了一大波狗粮。所长觉得，他俩都深谙当今娱乐圈的玩法，只要目标一致，进可成为恋人，退可成为搭档，无论结果如何，过程收获了名气与流量就OK。 现在两人借豪门扩招的契机修成正果，下一步是不是就要一起去婚姻爱情亲子综艺了呢？ 关于何猷君不逊老爹的风流情史，所长简单总结一下： 他的初恋是Francesca，据传说中西班牙驻港大使的女儿，两人恋情曝光的时候，何猷君17岁。本来双方已经见过家长了，但没多久就被狗仔曝出何公子甩女友去夜店偷欢。 之后比较劲爆的一段是Yumi，也就是BY2中的妹妹，两人亲密照一堆一堆，被拍牵手逛街： 还相传女方给何猷君生了个孩子，“石锤”是15年9月Yumi照片似乎看出肚子有点起伏： 还有，何猷君16年12月在微博po了一组图，说全家一起去日本旅游。图片里莫名多了个小女孩： 但是，所长顺藤摸瓜，在15年10月（疑似怀孕照片后的一个月），by2在上海有演出。 在15年12月（疑似怀孕照片后的三个月），by2在内蒙古赤峰有歌友会。 放出大图，中间两人哪里有怀孕的迹象？（两姐妹整形后所长实在分不清，一起圈出来了） 之后爆出分手，女方说何猷君劈腿，四太回怼说“劈腿的是你吧？”又是一场狗血。 再往后何猷君交往了门当户对的Kimmy，是新加坡首富之女。可惜不到4个月，两人就取关、删合照了...... 比赌王老爸还老司机的何猷君如今和小明订婚，携手闯娱乐圈了。 所长觉得，在1995年他刚出生的时候，二房的大姐何超琼已经自己创业并经营得风生水起，之后还被父亲召回家族企业“救火”。 所以，何猷君从出生起，就要开始学着如何争夺父亲的宠爱，争夺家产。从小面临着巨大的年龄差距，他的人生不得不按下了快进键。为了赢，商界不占优势，就立人设、上综艺、闯娱乐圈，流量万岁。 也正因为如此，他本身底子很好、堪称“低配版赌王”的脸上（赌王年轻时候可是神颜！），似乎没有24岁男孩该有的阳光与清纯，而是多了一些油腻...... 他宠到上天的小妹何超欣呢，也是小小年纪就去了麻省理工： 从小一身奢侈品面对镁光灯不说，她还是老妈争夺赌王宠爱的秘密武器。2011年争产大战的时候，赌王住在了三太家里。情况危急之下，四太正是带着这个小女儿上门，才顺利把赌王从三太家里接了出来。： 说了四太“把赌王当跳板”的野心和头脑，还有她几个比哥哥姐姐年纪小太多的孩子们“独辟蹊径”的“争宠”路线，所长百味交集。都道是“天下熙熙，皆为利来；天下攘攘，皆为利往”，这群早熟的孩子，得到了百亿家财的同时，失去的东西恐怕更是无价...... 最后，所长想吐槽一下，身高183cm、年轻时候帅过本吴彦祖所长的赌王，和年轻时候也算甜美可爱的四太，孩子们长大以后，颜值是不是打了不少折扣？ 而赌王的颜值确实是多代混血混出的“你帅，你全家都帅/美”，再放一下他小时候的全家福，画圈出两个人是他和他妹妹“十姑娘”何婉琪。 “十姑娘”长大后的颜值很惊艳，有图有真相。被美到的点 ”！ 而且她也很有故事，做生意不让须眉、和堂弟来了一场惊世骇俗的恋情，嫁给别人还给堂弟生了两个孩子，晚年还因为资产问题和赌王兄妹撕逼......所长放下十姑娘和母亲、姐妹的合影，想看这位惊才绝艳又个性十足的“奇女子”，老规矩， ，所长就开写！	0
"她20年前产检让周华健帮看孩子 后来听到了这句话。据台湾媒体报道，歌手周华健出道30年，演唱过许多脍炙人口的歌曲。没想到，近日有一名网友发文，分享自己的妈妈20年前在医院产检时，曾经请周华健帮她照顾小孩，一连串超夸张过程，令网友不禁惊呼太扯了！一名网友29日发文透露，前几天和妈妈闲聊时，意外得知母亲20前年曾巧遇周华健的经过，“那天我抱着你姐去做产后检查，然后在候诊室外面看到一个戴帽子跟墨镜的人，那个人跟他怀孕的太太在旁边等”，后来，正当轮到他妈妈要去给医生检查的时候，“我就把你姐递给他，请他帮忙顾一下，然后我就进诊间了。”“那姐看完医生出来后他有说什么吗？”该名网友的妈妈随即回答，“周华健把你姐还给我的时候说‘小姐，以后不要把小孩给陌生人照顾啦…这样很危险喔…’”妈妈接着还大笑说，“我就是知道他是周华健才敢把你姐给他抱啊，还要他帮我顾一下！！！哇哈哈哈哈哈。”一番经历公开后，不仅令该名网友顿时无语，“你居然敢叫周华健帮你看小孩…”，情节也令许多人直呼太夸张了。                        
                        
                        。"	0
"港媒：方媛为拿香港居住证 坚持不去美国注册。与方媛据香港媒体报道，51岁郭富城(城城)日前被本刊独家爆料他和29岁网红方媛(Moka)在香港注册结婚，有消息指Moka已怀孕两个月，可以说是双喜临门。不过自从城城的婚讯公开了之后，坊间有不少传言，前日有报道透露本来城城打算去拉斯维加斯注册，跟住在香港的亲友兼好友出席婚礼，谁知方媛因为想早日拿到香港的居留权，所以坚持在香港注册！昨日又有周刊报道，一向孝顺妈妈的城城，为了圆抱孙梦，所以在踏入5字头之后，突然生出做人夫兼人父的想头，直到他遇到听话又年轻的方媛，于是城城都不介意结婚，当他知道女友有了婴儿之后，不想到见了肚先结婚，所以不要急住排期注册。报道还说城城的朋友知道，觉得开心又担心，始终他们恋爱不是很久，加上又不是很熟悉方媛，所以有律师朋友向城城提出意见，叫他拟定一份婚前协议书，保障一下自己，又建议和方媛在安徽与上海大办婚礼，不过城城坚持不肯，采取拖延政策，等生完宝宝再考虑。                        
                        
                        。"	0
卡戴珊坎耶因新生儿充满喜悦 孩子们已爱上新弟弟。卡戴珊坎耶夫妇。?据外媒，金卡戴珊（Kim Kardashian）和坎耶韦斯特（Kanye West）的第四个孩子于日前出生，消息人士告诉媒体目前这对夫妇对于他们孩子的出生欣喜若狂。消息人士进一步表示：“卡戴珊和坎耶都充满了喜悦，孩子是一个非常棒的婴儿，这对于家庭来说是一个很好的补充。”消息人士还表示卡戴珊的另外几个孩子很快也爱上了这个新到来的弟弟。骄傲的父母也在上周五分享了新生儿的第一张照片以及他的名字，卡戴珊还写道：“美丽的母亲节。”	0
"甘于清贫，他曾经月入才99元，现陈道明却给他配戏。，1968年4月26日出生于北京，毕业于中央戏剧学院，是一位内地话剧、影视演员。 毕业于中央视剧学院表演系的何冰，与、，、都是同学。相比起何冰，江珊、陈小艺，胡兵、徐帆这些同学们早早就出名了，而何冰却在人艺足足跑了4年龙套，而且还是个演出牌上连名字都写不上的龙套，整部剧中仅仅只有一个字的龙套，月收入不过99块。是金子总会发光的，何冰慢慢的开始被人所认知，话剧的梅花奖，金狮奖都拿过。《浪漫的事》里，的丈夫吴德利，各种耍宝、嘴甜、活络、好高骛远、一事无成，真是又恨又气，难过得不得了，还是个小人物。他与同学徐帆、陈小艺，、江珊一起拍了致敬青春的《青春四十》。2009年人艺开始筹备庆生大戏《窝头会馆》，领头的就是何冰。他与可以说是话剧届的最佳拍档。《喜剧的忧伤》这部话剧，仅仅只有陈道明和何冰两个演员，不仅连演55场，还一票难求。在微博上说： “全场观众爆笑不止，笑声多次淹没台词，坐在台下，我的内心翻江倒海五味杂陈......""。"	0
戏精还是真性情？苏醒赛后怒砸电视，过激行为遭质疑作秀。苏醒是一名非常爱看足球的人，他所支持的球队是巴萨，身为一个资深球迷，更是不愿意错过每一场有关巴萨的比赛。在近日，巴萨与利物浦的一场比赛也吸引到了非常多人的关注。但可惜的是他支持的巴萨最后没能夺冠，而是利物浦夺得了最后冠军。 或许是因为宣泄内心的不满，随后苏醒在凌晨五点的时候发文“我和所有巴萨球迷一样难过，一块电视而已，但对我来说，伤害无法言喻……”，并配上自己砸电视机的实拍视频！都说足球是圆的，这句话在苏醒支持的巴萨身上体现得淋漓尽致，热血的苏醒这两年也每次都因为比赛激动的表现上热搜，可以看出苏醒是真真正正有关注足球比赛，是真球迷。 那么苏醒的举动到底是摆拍还是所谓的真性情呢？苏醒从2007年《快乐男声》出道，星途还算比较光亮，但因前女友偷情痛打李炜的事件爆发之后，苏醒和天娱也一直在闹解约，导致后来被雪藏。在2014年，遭雪藏一周年的苏醒自组成立工作室，自嘲公司一哥，正式复出。苏醒的真性情可算给自己带来了不少的争议，他热爱足球这件事也是人尽皆知，但是拍摄如此做作的视频，还是让网友纷纷表示不解。 正因为这一次又一次的事件，所以当网友看到苏醒砸电视机的第一反应就是他在“蹭热度”。还有人质疑到“所以你把视频发出来的意义，是等着挨骂还是想让大家夸你真性情呢？”	0
在戛纳和胡歌聊了聊 关于角色、留学、影帝与未来。(文/李佩珊 图、视频/盛春）他是大家心目中温文尔雅的“梅长苏”、潇洒俊朗的“李逍遥”，但在最新电影《南方车站的聚会》中，胡歌却与过去的形象来了一个大逆转，皮肤黝黑、沧桑无助的他首次扮演反派角色，饰演一个“逃犯”。胡歌接受网易娱乐专访，分享拍摄电影时的难忘经历。在现实生活中一向风趣幽默的他直言为了投入角色，而刻意孤立自己长达六个月。胡歌是“白玉兰奖”首位80后视帝，演技一向毋庸置疑的他首次主演电影《南方车站的聚会》便入围法国戛纳电影节主竞赛单元，与布拉德・皮特、莱昂纳多・迪卡普里奥等重磅影星争夺影帝宝座，表现令人刮目相看。不过胡歌却谦虚声称是自己运气好，更把功劳归于导演刁亦男，他也表示自己从未想过可夺下影帝宝座，也从未构想过获奖感言：“我一个字都没有准备。不可能，这个事离我太遥远了。”新片班底实力雄厚，廖凡是柏林国际电影节影帝，桂纶镁是金马影后，万茜是金马最佳女配角，而导演刁亦男则也曾凭借着《白日焰火》拿下了柏林国际电影节最高奖项金熊奖，问到与这样的班底合作是更有信心还是更有压力？胡歌笑言：“当然是更有压力，我也怕自己拖后腿呀！”演活无数电视角色的胡歌谈及未来工作计划，作为影圈“新人”的他直言希望电影、电视“两边跑”，对于入围戛纳电影节，他直言希望这只是一个开始。网易娱乐：早前《南方车站的聚会》在电影节中曝光了一个片段，看到你在片中的造型充满了沧桑感，跟你本人的形象反差比较大呢，可以为我们介绍一下你的角色吗？胡歌：在不剧透的前提下来介绍我的角色，其实还蛮难的。我想关于这个角色人物的设定，他的职业和他的形象大家已经在各个采访、剧照或者相关报道里已经看到了。我可以简单讲一下这个角色在我心目中的一个形象，其实我一直把他看成是一头受伤的猛兽在黑夜中匍匐前行。网易娱乐：这也是你第一次演的反派角色。当初为什么会愿意接这个角色呢？胡歌：我就是让自己经历一次冒险。因为我不想总是处在一个安逸舒适的环境里，我想有更大的突破和挑战。而且对于我来说可能大荧幕的机会也一直很期待，然后能够得到刁亦男导演的垂青，我觉得不能够错过这样好的机会。网易娱乐：你这次为了角色会在事前做了什么准备吗？胡歌：还挺多准备的。各个方面，进组之前先是语言方面的准备，因为全程都要说武汉话，导演就事先有录了武汉话版本的台词发给我。然后还有就是他在进组前期就给我推荐了一些电影、小说，让我能够找到这个人物的感觉。当然我也有把导演以前的作品拿出来再重新重温，我也希望可以通过导演以前的作品来找到他对演员表演状态上的要求。进组以后准备和训练就更有针对性了，比如说体能方面的训练、肤色的改变、形体的改变，包括我们在武汉当地有在公安局的配合下也进行了一些人物和生活方面的体验。网易娱乐：说到肤色的改变，之前也是特别去晒灯？胡歌：对。网易娱乐：武汉话的经历特别深刻？你之前曾开玩笑说是跟老师互相折磨？胡歌：是的，我一度崩溃，我就跟老师提要求“你跟我学两句上海话吧”。在这个过程里我感觉我突然开窍了，因为我之前一直不理解，为什么我听出来是一样的，老师总是说我讲的不对，后来我发现除了发音以外、除了语调以外，其实讲方言还有一个很重要的问题就是音高的问题。当我意识到音高问题时，我觉得我的武汉话接近了、进步了。网易娱乐：这次跟另外一个主演桂纶镁合作，大家在片场中有什么难忘的回忆么？胡歌：小镁是让我非常尊敬的一个演员，因为她在现场所表现出来的敬业，甚至可以说是忘我的工作态度和精神是非常难得和少见的。包括她是整个剧组最早去到武汉，在当地甚至还租了一个小房子去深入民间体验生活，这非常的不容易。我是提前一个月进入，但她差不多提前两个多月就进组了。当我进组看到她的时候，她已经能够讲一口流利的武汉话了，而且她整个人的气质和感觉已经和我印象当中的桂纶镁完全不同。网易娱乐：那你印象中的她是怎么样的呢？胡歌：就是大家平时看到的样子啊，很美、很活泼、很有气质、很优雅。但是我进组看到的就是角色里的这个人物，是刘爱爱，不是桂纶镁。网易娱乐：那么你觉得自己最让人难忘的一幕戏是什么？胡歌：对我来说有一幕戏很重要，是因为演完之后我觉得我找到了这个人物的感觉。就是我从泥塘里爬出来，然后跑上斜坡，逃跑的一场戏。因为这场戏拍的时候非常的艰难。拍这场戏的时候我整个人都虚脱了。当时生理上的折磨也让我的情绪到达了崩溃的边缘，但是那一刻我突然感觉到这就是周泽农。网易娱乐：你这么辛苦拍这个戏，然后首部主演的电影就可以入围戛纳电影节的主竞赛单元，是不是感到特别鼓舞？可以谈一谈你的感受吗？胡歌：我觉得更多的是运气好，也特别特别感激导演。其实我觉得一部电影的成败，导演是最关键的人物，而且他本身又是编剧。所以能够来到戛纳大部分的功劳还是要归功于导演。网易娱乐：这次一起竞争戛纳影帝的还有布拉德・皮特、莱昂纳多・迪卡普里奥等重磅影星，你跟他们一起竞争有信心吗？胡歌：这个事儿我没想过。我觉得来到戛纳对我来说就是一个开始，对我来说是打开了一扇新的门。网易娱乐：有没有想过，如果得奖的话要说什么吗？胡歌：我没有想过。我一个字都没有准备。不可能，这个事离我太遥远了。网易娱乐：这次电影里面其他主演都是拿过电影的奖项，与这样的班底合作是让你更有信心还是更大压力？胡歌：当然是更大压力，我也怕自己拖后腿啊。网易娱乐：除了桂纶镁，廖凡、万x都是上海戏剧学院毕业的学生，因为都是师兄、师姐，有特别亲切感吗？胡歌：有啊。其实跟万茜不是第一次合作了，我们之前也一起拍过。网易娱乐：大家都知道你本来就在电视界里很出彩，大家还期待你有其他影视作品时，你就低调下来还去读书。大家很好奇这个事。当时是为进电影圈做准备吗？胡歌：我就想给大家一个更大的惊喜吧。网易娱乐：接下来你是更关注在电影圈的发展还是会电视、电影两边跑呢？胡歌：两边跑。网易娱乐：看到你电影海报的造型都很赞，觉得你转型成功了。你又怎么看呢？胡歌：其实这次的成功对我来说，哎，还不知道成不成功呢，现在还不知道呢，不能这么早就说成功，对吧。还有待观众的考察。网易娱乐：但是你的形象一出来，大家都令眼相看，跟我们以前认识的胡歌都不一样。胡歌：当然准备是需要一个漫长的过程，而且的确这次演戏过程挺煎熬的对我来说，不是那么的顺利。而且要真正走入这个角色的话，要保持他的这个状态在将近半年的时间里面也真的不太容易。对我来说是一种全新创作的体验，所以结果对我来说当然也重要，可是我在过程里面已经获得了我想要获得的。网易娱乐：这么沉重一个戏，那么在片场私底下有趣事分享吗？胡歌：我这次合作当中有意识的和大家保持了一定的距离，有意识的让自己有一种孤立的感觉。网易娱乐：是你特意孤立自己吗？胡歌：对。因为为了能够把这个角色的状态一直保持和延续到杀青的那一刻。网易娱乐：但是杀青之后就可以继续？胡歌：当然。戏演完了之后我还是要回归到原来的自己嘛。网易娱乐：你觉得原来的自己是什么样的呢？胡歌：原来的自己啊，以前演戏时我会主动地跟大家打成一片，因为我觉得关系氛围融洽，在一起工作效率才会高嘛。但是这一次我完全是没有这方面。网易娱乐：你有观看今年戛纳的什么作品，有留意什么演员或导演么？胡歌：还没有。完全没时间。	0
40岁高圆圆升级当妈，赵又廷激动报喜：美好的日子迎来美好的生命。恭喜，女神高圆圆今天生下女儿，赵又廷高圆圆正式升级做父母。 要说娱乐圈里最让人羡慕的就是这一对了，两个人颜值超高不说，也是圈里低调又恩爱的典范。不作妖，不作秀，悄无声息的就官宣恋情、官宣结婚、官宣怀孕，也是最让粉丝放心的一对了。 今天中午的时候，高圆圆被爆料已经生下孩子，当时媒体求证时被经纪人以“信号不好”回复。其实看到新闻的时候，挺多人也觉得不太可能，毕竟官宣怀孕还只是上个月8号的事情，今天生子就有点太快了。但是也有一种可能，是在快生的时候报喜，那么今天生下宝宝也是有可能的。 果然，下午就在微博盼来了赵又廷的官宣。赵又廷的微博里更是难掩激动，在521这样的日子里迎来小公主对两人来说意义也更美好。 由此也让人猜测，赵又廷可能是掐着时间等孩子一出生就报喜了，而经纪人此前的“信号不好”应该是因为当时高圆圆正在待产不好回应，这样就说得通了。既然怀孕都大大方方的给大家官宣了，生下小公主也没必要刻意遮掩，还是要再给他们道一声恭喜。 虽然赵又廷的报喜微博里只用了文字，但大家已经开始讨论小公主的颜值了，不知道是会像爸爸赵又廷多一点还是像妈妈高圆圆多一点，但是相信不管是像谁颜值都会很高。 如今又完成了人生中的一件大事，期待二人早日回归拍戏啊~ 你们喜欢这两位吗？	0
从美少年到再导演的20年，吴彦祖不该只是帅的代名词。            采访、拍摄、办party，24小时不休息DD可就在这听起来紧张又疲惫的工作行程里，受欧莱雅之邀来到戛纳的吴彦祖还是让芭姐整个team都兴奋不已！很难想象吧，这个红了20年的男人还是会让你在看到他的第一眼想到《美少年之恋》里的Sam            《游园惊梦》里的邢志刚            《新扎师妹》里的区海文???            20年时光过境好像对他毫无干扰，依旧笔挺，依旧温柔，依旧带着加州阳光的味道和一种从骨子里透露出的浓浓书卷气            我们聊起20年前的《特警新人类》20年前的《美少年之恋》所成就的友情            聊起那些关于香港电影的前尘与展望等等，他真诚依旧，热烈依旧，对香港电影以及电影这门艺术本身的热情依旧            20年时间，从一个美少年，变成一个荷尔蒙气息满满的真?电影人。吴彦祖像是电影上给一个时代的绚烂高光：他不止帅，他全能着铭刻一个时代的心头所爱。            1974年吴彦祖出生于美国加利福尼亚州伯克利1993年，他在俄勒冈大学攻读建筑系，次年就在Califoria Martial Art competitions中获得亚军            多年后，《漂亮的房子》里他一展神技，这个几乎是一代中国人对“帅气”的第一形容词般的男人，第一次让大家从心里感叹：真是被演戏耽误的建筑大师            1997年，吴彦祖从俄勒冈大学毕业毕业后他开始了自己的旅行：从美国到日本，再回香港看回归            看完回归后，他已经花完了自己预计拿来旅行的所有费用，就干脆听姐姐的话，在香港做起了模特            不止有老天爷赏饭吃的绝对美貌，还有神仙画画般的喷鼻血身材阿祖当了模特还没4个月，就在地铁上被香港杨凡导演一眼看中，努力说服他做他下一部戏的男主角            彼时，阿祖还以自己“没有表演经验”而多次拒绝了杨导，幸而杨凡导演不肯放弃，坚持天天给阿祖打电话做功课，才有了之后《美少年之恋》里Sam警官的绝对惊艳            很多年后，吴彦祖依然很感激杨导当年的知遇之恩和悉心照顾            说起来，《美少年之恋》时代的阿祖还没有后来情绪百转的眼神，粗粝漂亮的线条，眼神里总是天真和青涩            小鹿般的懵懂和少年感满满的深情如同一道阳光，在1998年刻进了很多人的心里            那时候风月美好，时间温柔，是少年来时最初的模样            同年，吴彦祖出演《玻璃之城》DD其中，片中饰演他父亲的是当时如日中天的四大天王之一，黎明他跟张淼悦在鱼缸前凝视的眼神，至今都是芭姐的年少最爱            2002年，在萧亚轩《他和她的故事》MV里，吴彦祖再度化身芳心纵火犯，分分钟圈住无数少女心            到《新扎师妹》内地播出，区海文更是让大家第一次知道“霸道总裁爱上我”的最佳演绎该是怎样浪漫的一回事儿            毫不夸张的说，区海文就是我们小时候对言情男主和初恋梦幻的全部幻想            03年他凭主演的《妖夜回廊》被提名金马奖最佳男主04年他的《新警察故事》让“邪魅狂狷”从此不再是个贬义词！            06年的《夜宴》让太子无鸾成了一个遥远风中来的幻梦也是凭借这部片子，2007年，吴彦祖首次来到戛纳，从此与这个小城结下漫长的因缘            到《门徒》里的卧底警察，阿祖再一次突破自己的既定形象：帅气依旧，但却让人模糊遗忘了他的帅气；有型依然，但比有型更重要的是他在其中的激烈情绪和完美表达            09年窃听系列里，吴彦祖饰演的是一个很聪明但是得不到赏识的警察前两部说死就死，后一部好好种地            14年的《魔警》里他更是饰演了一个精神分裂的老警察            为了能更好的出演这个角色，吴彦祖甚至专门去找心理医生问病例，跟患者交流，以便让自己更快的进入角色            2006年，他首次执导并自己担任编剧创作个人电影处女作《四大天王》还凭此获得第26届香港金像奖新晋导演奖            2016年，为了老婆的魔兽梦，他在邓肯?琼斯的《魔兽》里出演狡猾诡诈的古尔丹            2017年，他出演功夫美剧《荒原》DD平均收视率3.6M，取得美国有线平台排名第四的成绩            2018年，他带着新《古墓丽影》再度出现，20年后，男神帅气依旧，矫捷依然            等到今年，在戛纳再见吴彦祖，芭姐只觉得时光一转眼，45岁的阿祖跟他25岁的样子并没有太大的分别            除了多了故事的棱角，笑意里添上了时间给的广阔和温柔“我觉得香港电影有很多变化，跟小时候那些港片的感觉完全不一样了，有改变也好，也不能一成不变。香港片子在一个转变的过程中，可惜没有新的导演或者电影人参与到这个圈子里来。”            对香港电影，他关注并一直关注着，对中国功夫，他喜欢并一直喜欢着，是一个好演员胜过一个时代的巅峰帅哥            吴彦祖不止帅，他靠才华铭刻他最好的时代，是时代给电影和人间最好的解读和安排。            编辑助理 / Vanessa	0
被批评公共场合吸烟后，王源道歉：会承担责任并接受相应惩罚。5月21日，一则王源抽烟的消息登上热搜，在照片中王源不仅室内抽烟，而且从动作来看十分熟练自如，明显是一位“老烟枪”了。旖旎次王源也受到了网友们的指责，表示他违反了《北京市控制吸烟条例》，条例中有明文规定室内和公共场所内禁止抽烟，所以网友可能会面临200元的罚款处罚。 不仅网友们讨论，北京烟协也很快对这件事做出回应。对此北京烟协表示室内抽烟是明令禁止的行为，希望王源能正式错误，承认并且道歉，而且还要面临相应的处罚，看来这次王源逃不掉200元的罚款了。 随后，王源在个人社交媒体发布了道歉。他非常诚恳的表示，深刻反思了自己的行为，造成了不良的社会影响，感到十分的愧疚和抱歉，很抱歉自己做了一个错误的示范。而且王源还表示自己会承担相应的责任和处罚，最后还表示今后一定会注重自身言行，以此为戒，成为更好的大人。 作为童星，王源可谓是被大家看着长大的，一直真出聚光灯下，他的压力肯定会非常大，此前在参加综艺节目时还因为一首歌痛哭流涕让人心疼。如此重压之下，吸烟来缓解压力是很多明星都在做的。然而王源毕竟年纪还小，刚刚成年就吸烟，对于他的未来发展非常不好，更何况他还立志做一名音乐人，而抽烟对嗓子的伤害不必多说，优秀的音乐人应该高度自律，抽烟这件事是绝对不会碰的。 当然，现在王源年纪还小，而且已经迷途知返，公众舆论还是应该对他多一分谅解。相信王源在经历这件事后，一定会严于律己，以更好的形象出现在公众面前的。	0
成龙、巩俐给她做配，好莱坞花18亿拍片捧她，背景比景甜还强大。刚拍摄完成好莱坞新作《花木兰》，这部斥资18亿专门讲述中国故事的电影。刘亦菲一直低调地处理此事，更让人觉得她的背景深不可测。 出道就是女二，是金庸先生亲自邀请的女主角。刘亦菲的出道电视剧是《金粉世家》，这部剧让观众看打了她稚嫩的演技。然后就有了让她红遍大江南北的角色――小龙女，这个神仙姐姐的标签一直伴随她到现在，还是一代人心目中女神。 好莱坞电影女一号，成龙、李冰冰为她做配角。一部《功夫之王》让她登上国际舞台。并成为首位荣登IMDB电影新人排行榜榜首的亚洲女星，这些她也从没提起过，更让人觉得她到底有什么背景。 如今她竟然不声不响的就接拍了迪士尼的电影，要知道公主系列是迪士尼的镇家之宝，历来主演的女星都是影后级别的，比如 米娅・华希科沃斯卡、艾玛・沃特森、凯特・布兰切特、安妮・海瑟薇这种级别的女星。而如今被誉为迪士尼史上最贵的一部电影，女主角当时选角色时亚洲有3000多女星去试镜，最后竟被刘亦菲拿到。 很多人都觉得有内幕，刘亦菲怎么能这么一帆风顺。开始有网友内涵，“全靠她干爹”，“背景这么强大，演技这么差”，“别代表中国，丢人”这些评语都被用来攻击刘亦菲。但是当真是网友想的这样吗？她真的北京强大，有干爹撑腰吗？ 其实刘亦菲从小家境就很好，母亲是舞蹈世家，父亲曾是教授，现在是外交官。看现在流传出的小时候照片真的就是一个小公主。后来父母离婚，刘亦菲跟随母亲，为了让刘亦菲受到更好的教育，母亲刘晓莉便让刘亦菲从郭杨街小学退学，转赴美国继续读书。 在美国读书没几年便过又回国开始了拍电影，凭借清新脱俗的面容和小龙女的完美演绎一炮而红。而网上传的阴谋论、干爹论至今都没有直接证据。这种不实言论一直围绕着刘亦菲，让她开始远离娱乐圈，不拍戏时就是养猫，看书。这样的低调生活过了很久，而这次的迪士尼角色要求英文和打戏。就这两条就已经把太多人拒之门外了，刘亦菲自己试镜冲过了一轮又一轮得来的机会还被说成是靠关系背景，未免有些不公平。 【感谢关注，图文皆来自于网络，如有侵权，请联系删除！】	0
马景涛宣布离婚：我的爱我的婚姻画上句号。　　国华娱乐3月31日报道 凌晨在微博发布长文宣布与妻子结束10年婚姻，“我的爱我的幸福我的婚姻都将在今天画上最美好的句号。”马景涛还提到弟弟马景珊出狱，据悉当年弟弟曾二度入狱：“如今他终于重获自由。”马景涛表示一直让自己的妻女受苦。而另一边，吴佳尼的微博则无相关迹象表露。　　3月30日下午，马景涛在微博发了一篇手写长文《十年一觉愚公梦》，在文中宣布结束10年婚姻，与吴佳尼离婚。。	0
前线|章子怡戛纳红毯俏皮轻舞 获福茂献吻前线|章子怡戛纳红毯俏皮轻舞 获福茂献吻。 戛纳当地时间20日傍晚，章子怡亮相戛纳红毯。在红毯候场时，章子怡摆动双手扭动身体兴奋轻舞。在红毯尽头，戛纳艺术总监福茂主动上前扶章子怡上台阶，俩人热情拥抱，随后热聊起来。（图/盛春） 前线|《南方车站的聚会》主创亮…前线|极挑5首发阵容 热巴一枝独…前线 | 众星出席亚洲影视周红毯前线|周锐秦奋等小鲜肉同框亮相 …前线|章子怡银裙闪亮 艳压《哥斯…前线丨黄子韬＂哭诉＂新剧武打戏…前线丨众星亮相北影节闭幕式红毯“紫霞仙子”朱茵红裙现身秀冻龄…辛芷蕾一袭羽毛长裙亮相戛纳红毯王思聪台北携美女深夜狂欢 房祖…《小山河》开机 彦希搭档张铁林李易峰化身梦想家 百变造型上演…国际儿童失踪日：3招教会孩子保护…教你做个美味早餐热狗肠菠菜卷，一…前线|极挑5首发阵容 热巴一枝独…                                                                                                	1
徐静蕾霸气表白舒淇：反正我就是很爱她。在新电影《绑架者》中，选择了票房女王白百合作为她的女主角，虽然是第一次合作，但两人早在12年前就认识，并且，当时徐静蕾就认为白百合未来一定会大火。在最新一期《星月私房话》节目中，徐静蕾也一点都不掩饰对女主角白百何的欣赏，诸如“她持枪的样子很酷”“她真的非常聪明”之类的赞美之词时常不由自主地表达出来。节目中，徐静蕾还与主持人月聊起以往执导电影中的女主演，如(微博)(微信号：karenmok01)、坤，称她们未必很大众化，但都很有个性。谈及好朋友，徐静蕾更是霸气表白：“反正我就是她的‘大号’和啦啦队！” “她真的非常聪明，比如对台词的理解力，她既可以用自己的方式表现出来，还可以换不同的方式来表现，你跟她讲什么，她都挺清楚的，知道你要的是什么，而且她配音也是超级快。”不仅在节目现场徐静蕾会这样赞赏白百合，电影拍摄期间也常常挂在嘴边。“我可爱给她拍照片了，穿制服的造型很帅，持枪的样子很酷，稍微闲一下的时候，我就开始修颜色，给她加滤镜，就觉得可好看了。”徐静蕾认识白百合是在12年前，当时她创办电子杂志《开啦》，第一期的采访嘉宾就是白百合。“那个时候我就很喜欢她，她真的很有灵性，年纪其实也不大，二十出头，但就是很聪明很活，我当时就说这个女孩儿一定大火，毋庸置疑。”在徐静蕾看来，白百合并不属于漂亮的演员，但是有个性，“她不仅很有悟性，肯花时间花精力去努力做事情。”徐静蕾有些自豪地告诉王江月，一般她说谁特别，基本上还真就都可以。 “那你还说过谁呢？”王江月问，徐静蕾提到了也是由她执导的电影《有一个地方只有我们知道》中的男主演吴亦凡。“我当时给投资人看的时候，他们还说这谁啊，我说你不要觉得他是新人，他以后一定大火。”徐静蕾还透露，她看人会从这个人的教育背景、做事细节、与他人相处时的态度等很多方面来看，不仅能发现别人看不到的地方，还很乐于给她看中的人好的机会。节目中，徐静蕾说她很喜欢聪明的人，有才华的人，“在这方面我可能比较势利，因为我对他们的态度会很不一样，我会由衷地觉得他们很棒很厉害，就像前两天来录《绑架者》主题曲，她的声音特别美，情感表现力也特别强，我坐在旁边完全就是欣赏，这个才是工作中最有意思和最幸福的部分。” 遇到欣赏的女演员，徐静蕾坦言会主动表达亲近，甚至像一个粉丝去靠近人家。“就觉得好棒！”这其中，有一个代表人物就是舒淇。“她挺大气的也很善良，当然也有像她一样善良的，也有像她一样大气的，但是像她一样又大气又善良又美丽的却不多，其实她也有很小女孩的一面，有时候也会发脾气会不高兴，但是她的这些缺点也很可爱，反正我就是很爱她就是了。” 徐静蕾与舒淇是拍摄电影《伤城》时认识的，但那时她们接触不多，因为自己有点小粉丝的心态，很紧张，加上又不是快热型的，“看着她，就觉得很好看，也不知道该说些什么。所以拍这个戏时我跟她没那么熟”。徐静蕾现在也想不起来到底是哪个点让她跟舒淇走近的，“我上学的时候就看过她的戏，做了演员和创作者后，最幸运的就是可以跟她成为好朋友，一起聊天一起玩”。她更直言“反正我就是她的‘大号’和啦啦队，她的每一个戏我都愿意帮她宣传”。 做导演多年来，徐静蕾的女主角要么是自己，要么是自己欣赏的女演员，比如《杜拉拉升职记》中的莫文蔚。“她是我候非常喜欢的一个歌手，很有个性，舞台表现力和对音乐的感觉都特别棒。她也不是一个嗓子有多么好的歌手，可是她的歌就是她的歌，就让你觉得有一种属于她的独特的味道。”从莫文蔚、《有一个地方只有我们知道》中的王丽坤，到现在《绑架者》中的白百合，王江月发现，这些人都有相通的地方，有个性，自成一派，不随波逐流。“那肯定的！我喜欢的人必须要有一点个性，未必是大众化的那种。哪怕过于有个性，我都觉得挺好。因为平庸的人满街都是，而且我喜欢从别人身上看到优点，那会让我觉得你生活的周遭很美好。”。	0
继《正能量》后巫莎菲娜再出新作 《樱花》4D全息版拍摄完成。　　继《正能量》4D全息版MV和虚拟人互动演艺剧场版与观众见面之后，巫莎菲娜整装再发，又一4D全息作品《樱花》在南京拍摄完成。此次摄制，不仅运用了4D全息虚拟技术，还加入全新360°VR全景拍摄方式，成品效果值得期待。　　据《樱花》4D全息版本和360°VR全景版本拍摄导演介绍，全息技术作为一种虚拟特效影像与全息投影及图像采集智能互动技术结合而诞生的新型演艺形式，可以通过主演绎舞台及折幕互动，形成包围式的视觉冲击，营造独特的视觉体验。通过后期图像处理系统及视觉设计，还可以加入真实舞台无法实现的特效场景，让观众看到的一场完整的现场表演。而近年来颇为流行的360°视频内容，则需要使用专业的拍摄设备，并结合繁杂的后期处理工作，才能为观众带来完全沉浸式的视听体验。启迪数字天下在本次拍摄中使用了专业级的诺基亚OZO摄像机等拍摄设备，无论是画面还是音效，相比传统的360°拍摄设备都要更加优秀。　　巫莎菲娜在接受记者采访时表示：“因为有了《正能量》4D全息拍摄的经验，所以此次《樱花》的摄制可以说驾轻就熟。但360°拍摄是第一次尝试，很新鲜，也很有趣，成品效果也让人耳目一新，观众只要戴上VR眼镜，就可以看到我在您身边为您演唱《樱花》。而且创作过程中我们有考虑到歌曲和4D全息表演相结合，从服装到造型到真假人互动都是按照歌词逐句设计，MV大概年中就会和观众见面，非常值得大家期待。”　　据知情人透露，此次《樱花》拍摄是在南京电视台与启迪数字天下共同携手合作下，借由天王浮山樱花园樱花盛放之际拍摄。拍摄期间正值2017江苏句容市第四届樱花节暨2017句容全域旅游论坛举办，巫莎菲娜被邀请作为开场嘉宾演唱了填词主题曲《樱花》。同时，也正因樱花节举办，给MV的拍摄带来了难度，由于4D全息和360°VR版本都必须为全景拍摄，棚内摄制可正常进行，但游园现场人流量很大，为了保证拍摄效果和游客的游园心情，制作团队长达数在园中等待只为争取最完美的拍摄场景，即使大汗淋漓饥肠辘辘却依然坚持完成每一个环节。正是这种敬业和追求，才使得《樱花》4D全息版本和360°VR全景版本最终圆满拍摄成功。　　有大量科技元素的加入，使得《樱花》以一种全新的艺术形式呈现，4D全息和360°VR两个版本的创作也将会带给观众焕然一新的观赏体验，期待巫莎菲娜能带给我们更多视觉享受。	0
CP感爆棚！胡歌桂纶镁甜笑对视CP感爆棚！胡歌桂纶镁甜笑对视。 当地时间2019年5月19日，戛纳，第72届戛纳国际电影节，“主竞赛”单元影片《南方车站的聚会》（The Wild Goose Lake）举行室外发布会 。导演刁亦男携胡歌、廖凡齐穿正装亮相，西装革履彰显绅士风范。桂纶镁穿印花白纱裙仙气飘飘，优雅而不失灵动，与胡歌甜笑对视CP感爆棚。万茜全白look简洁干练，回眸甜笑送飞吻，风情万种明艳可人。廖凡、刁亦男还现场上演“直男式”捧脸杀，可爱十足尽显反差萌。 《南方车站的聚会》剧组在戛纳举…杨超越代言大话西游 小龙女造型…章子怡一袭玫红长裙现身 优雅端庄范冰冰旗下小花彭小苒现身 穿裙…准阔太奚梦瑶化浓妆不敢认 高贵…女明星中的一股清流！沈月的腿怎…韩雪未受“假唱”风波影响 现身…毕滢被偶遇 手舞足蹈和人热聊心…杨超越染绿发扮潮 狂拨发似梅超风萧蔷穿包臀裙狂凹造型 年过半百…何穗穿抹胸裙走红毯 扭成S型卖力…关晓彤红毯再秀香肩 同框奚梦瑶…国际儿童失踪日：3招教会孩子保护…教你做个美味早餐热狗肠菠菜卷，一…杨超越代言大话西游 小龙女造型…                                                                                                	1
"索尼专场推介 《银翼杀手2049》等新作惊艳登场。当地时间3月27日，业内权威的电影产业大会(CinemaCon)在拉斯维加斯拉开帷幕。影片公司举办专场推介会。Blade Runner 2049 （《银翼杀手2049》，暂译)、The Dark Tower（《黑暗塔》，暂译)、Spider-Man: Homecoming（《蜘蛛侠：英雄归来》)、Baby Driver（《极盗车神》，暂译）和全新Jumanji: Welcome to the Jungle（《勇敢者的游戏》，暂译)等重磅新作惊艳亮相，(Ryan Gosling)、汤姆・赫兰德(Tom Holland)等主创现身分享台前幕后。CinemaCon由美国剧场业主协会主办，是美国院线经营者每年最大的聚会，业内交流展示的重要平台。《极盗车神》口碑爆棚 引发期待动作赛车大片《极盗车神》在推介会上率先亮相，导演・赖特(Edgar Wright)携主演安・埃尔格特(Ansel Elgort)、乔・(Jon Hamm)登场。导演透露片中共出现35首经典流行歌曲，且与剧情发展浑然天成。男主角埃尔格特则分享了学习飞车特技的难忘初体验。《极盗车神》是年度最受关注的创意电影之一，曾执导《僵尸肖恩》等另类经典的埃德加・赖特注入别出心裁的创意和激情，打造另类酷爽动作大片。演员阵容星光熠熠，《星运里的错》当红男星安塞尔・埃尔格特，和《灰姑娘》莉莉・迸发奇妙化学反应，由奥斯卡影帝、和艾美视帝、《广告狂人》乔・哈姆组成的黄金配角阵容更添看点。此前《极盗车神》在美国西南偏南电影节(SXSW)全球首映后口碑爆棚，“烂番茄”新鲜度高达100%，为片方收获满满信心。史蒂芬・金《黑暗塔》曝光全球首支预告奇幻史诗大片《黑暗塔》在推介会上曝光全球首款预告。影片改编自当代小说大师史蒂芬・金同名经典巨著，讲述发生在神奇多重世界的正邪之争。影片融合科幻、西部和奇幻元素，由奥斯卡影帝(Matthew McConaughey)和伊德瑞斯・巴(Idris Elba)联袂主演，柏林电影节银熊得主尼柯莱・阿塞尔(Nikolaj Arcel)执导，将于7月28日在北美公映。千呼万唤始出来的首款预告画风梦幻引人入胜，气势恢宏的荒漠场景与原著“枪侠穿越荒野追踪死敌黑衣人”的经典开场遥相呼应。预告对・麦康纳饰演的“黑衣人”的超能力也有展示，背后徒手接子弹令人印象深刻。《银翼杀手2049》经典涅万众期待作为影史经典《银翼杀手》的续篇，《银翼杀手2049》自启动以来即备受瞩目。前作巨星(Harrison Ford)重磅回归，《爱乐之城》瑞恩・高斯林(Ryan Gosling)领衔主演，前作名导(Ridley Scott)担纲制片，大热科幻片《降临》导演丹尼斯・维伦纽瓦(Denis Villeneuve)执导，主创阵容堪称顶级配置。此次推介会曝光全新片花，・福特和瑞恩・高斯林两代银翼杀手对峙十足，充满末世感的朋克风未来世界也得以惊鸿一瞥，台词洗练耐人寻味。索尼哥伦比亚影片公司主席汤姆・曼亲自登场推介，并分享1982年观看《银翼杀手》时的激动心情。男主角瑞恩・高斯林也分享《银翼杀手》情结：前作问世时他才两岁，自己是十三四岁时首度观看并为影片的巨大影响力所折服。《银翼杀手2049》已确定将于10月6日在北美公映，并有望引入内地。在Indiewire等著名电影网站的调查中，《银翼杀手2049》跻身年度最期待影片榜单前列甚至独占鳌头，可谓万众期待。“蜘蛛侠”现身互动 道恩・强森要当场秀胸肌《蜘蛛侠：英雄归来》作为最受期待的超级英雄电影之一，在当日的推介会上压轴登场并曝光全新预告。人气爆棚的可爱小蜘蛛汤姆・赫兰德与导演乔・沃茨、制片人凯文・费奇、艾米・现身发布会，与媒体观众互动。影片将于2017年7月7日登陆北美院线，并有望引入内地。经典续篇、新《勇敢者的游戏》以全明星阵容到场站台，道恩・强森(Dwayne Johnson)、(Jack Black)携尼克・(Nick Jonas)、凯伦・吉兰(Karen Gillan)亮相。推介会上曝光影片全新预告，并揭晓片名为Jumanji: Welcome to the Jungle（《勇敢者的游戏》，暂译)。在稍早前的问答环节，强森回忆与已故的前作主演会面的经历，并透露新作将更加宏大和全球化，但前作的精髓仍会发扬光大。在推介现场，强森调侃要应观众要求当场脱衣秀胸肌，立刻引来无数尖叫，成为推介会上的轻松时刻。影片将于12月22日圣诞档公映。当日的推介会上还曝光更多新片物料，如主演的Rough Night（《仓惶一夜，暂译》)、主演未定名新片等；索尼动画即将上映的Smurfs: The Lost Village（《蓝精灵：寻找神秘村》）、The Emoji Movie（《表情奇幻冒险》，暂译）以及2018年上映的Peter Rabbit（《彼得兔》，暂译）也逐一亮相。索尼哥伦比亚影片公司2017年的谋篇布局在推介会上已初现雏形，商业与艺术并重，视觉奇观与创意火花齐放，值得期待。                        
                        
                                                                        
                        "	0
《半泽直树》7年后拍续集 雅人等原班人马回归。《半泽直树》?经典日剧《半泽直树》时隔7年要拍续集了，而且仍是雅人担任主演，原班人马回归！据日媒《周刊女性 PRIME》报道，《半泽直树》时隔七年后将拍摄续集，雅人继续担当主演，上户彩、香川照之等原班人马也会回归，预计于2020年4月份开播。据悉，《半泽直树》是日本TBS电视台出品的电视剧，主要讲述在泡沫经济时期进入东京中央银行的银行职员半泽直树（雅人饰演）一边同银行内外的“敌人”斗争，一边贯彻自己的信念“不能像机器一样对待身边的人”，对待恶人要“以牙还牙，加倍奉还”的故事。《半泽直树》于2013年首播时，曾创下平均收视28.7%、最后一集收视42.2%的收视纪录，是平成时代最高的电视剧收视率。该剧也获得了2013年第78回日剧学院赏的最佳导演奖，雅人和香川照之也分别凭借该剧最佳男主角奖及最佳男配角奖。	0
包文婧晒女儿近照 饺子变身小美人鱼 圆滚滚的肚子亮了。包可艾是演员包贝尔与妻子包文婧的女儿，乳名叫饺子。刚刚四岁多的她已经多次跟随爸爸妈妈录节目，并凭借呆萌可爱的外表收获了一众阿姨粉。 5月21号，包文婧再次为粉丝发福利，晒出一组女儿的近照。照片中的饺子扎着利落的丸子头，上身穿豹纹泳衣，下身穿粉红色鱼尾裙，变身小美人鱼可爱极了！ 包文婧还激动发文：“WOW !Mermaid（美人鱼） 饺！比心！”看得出来，包文婧非常喜欢女儿的这身装扮！ 小小年纪的饺子镜头表现力惊人，在妈妈视角下，她嘟着嘴巴卖萌，手中还拿着美人鱼玩偶！ 饺子拿着小美人鱼玩偶挡住脸颊，眼睛还不忘偷瞄妈妈的镜头，古灵精怪的样子很是招人喜欢。因为服装关系，饺子罕见秀出了自己圆滚滚的小肚子。 饺子对着镜头比心，一脸陶醉，这小表情也太魔性了！网友都不禁夸赞：“小豹纹爱了，性感的饺子！这美人鱼一看就是在海洋里生活的太幸福了！小肚肚太抢镜了！饺子长大了会不会要求把小肚子那张删了！哈哈！”	0
李荣浩被曝将和老东家散伙 或学杨丞琳自立门户。?据台媒报道，李荣浩今年3月份开始的“年少有为”演唱会，进行到10月份将在台北小巨蛋开唱，但这次巡演恐怕会成为李荣浩在华纳音乐的最后演出，双方日后仅有合作关系，届时，李荣浩或许将跟随他师哥林俊杰的脚步，自己控制自己的经纪约，跟华纳只剩下片约的合作关系。其实，李荣浩出走离开东家已经不是第一次，早在2013年发行《模特》首张专辑后，一举摘得5项提名，最终拿到了最佳新人奖。一鸣惊人的他，同一年就离开了福茂唱片公司，签入华纳唱片公司。李荣浩与女友杨丞琳的感情一直都比较稳定，同为歌手的杨丞琳，在2017年自己当了老板娘，成立了自己的经纪公司，也是亲自打理自己的音乐事业，如今也是电影、唱片、戏剧等多方面发展，也是自立门户的典型艺人。而且，今年李荣浩有11场巡演，台媒指事业一飞冲天的他，翅膀硬了，演唱会收益丰厚，自然不再向与老东家拆分共享。但目前对于李荣浩将自立门户的消息，华纳唱片暂时还没有回应。	1
韩媒曝胜利在家中性交易：为招待投资人提前测试。胜利?韩国艺人胜利今天被爆料曾在2015年12月23日与刘仁锡一起将两名女性叫到自己家进行了性交易。当时参与性交易的女性在接受警方调查时供述，她和另一名女性在2015年12月23日被老板吩咐去一个地址，去了之后才知道原来是胜利的家。当时家里有胜利和刘仁锡两人，她们到了之后胜利和刘仁锡就从她们两人中各自选了一个带到不同的房间进行了性交易。与胜利一起进行性交易的刘仁锡也对嫖娼嫌疑供认不讳，表示他和胜利是因为第二天要给访韩的日本投资人安排女性，所以提前一天确认一下安排的女性水准如何。胜利与刘仁锡涉嫌2015年12月24日为访韩的日本投资人招妓，警方已确认当时参与性招待的十名女性中包含了前一天到胜利家进行性交易的女性，刘仁锡也已经承认为日本投资人招妓，但胜利却一口咬定自己对给国外投资人招妓一事毫不知情。警方此前已对胜利提出了拘留申请，但法院以部分嫌疑存在争议，不认为胜利会破坏证据等理由驳回了对胜利的拘留申请，此外目前已由警方移送检察院。	0
刘亦菲着白西装攻气十足 现身卖萌盘腿坐地。北京，30日，、等明星出席电影版《三生三世十里桃花》定档发布会。在展示环节，刘亦菲盘腿坐在地上撒娇，引得杨洋蹲地哄佳人。刘亦菲白西装OL风现身，杨洋“重操旧业”大跳民族舞，帅气的身影引迷妹疯狂尖叫。电影版《三生三世十里桃花》中，刘亦菲一人分饰三角，杨洋饰演的九重天太子年岁虽小却要个性深沉隐忍。谈及对彼此的印象，刘亦菲笑称“夜华对比白浅就是一孩子，拖家带口很凄凉”，杨洋则戏称“白浅不仅是四海八荒第一绝色，还是最爱喝酒的女人”。二人在现场亲密互动。。	0
黑寡妇订婚了！未婚夫既是哈佛才子又是喜剧演员！。刚刚度过了520，大家都在社交平台上纷纷放闪，但都不及“黑寡妇”斯嘉丽约翰逊的喜讯来得甜蜜。就在19号当天，斯嘉丽约翰逊宣布和男友订婚了，未婚夫Colin Jost既是哈佛高材生又是喜剧演员，到底他们是如何相识的，又如何获得女神欢心？ 因知名谈话节目而结良缘 熟悉荷李活文化的斯嘉丽约翰逊，也是超人气深夜谈话骚SNL（Saturday Night Live）的主持常客。而出身哈佛大学，未毕业便大展幽默编剧天才的Colin Jost，是SNL当时的主编剧之一。 首度甜蜜公开恋情 两人在节目制作幕后擦出爱火，不久后便自2017年五月开始低调拍拖。 在同年11月，斯嘉丽约翰逊与Colin Jost首度在一场纽约博物馆的晚宴活动一同公开现身，穿着一身红色礼服的斯嘉丽约翰逊笑得十分幸福甜蜜，并大方甜蜜地承认恋情。 经常放闪 公开恋情后，Colin Jost也成了斯嘉丽约翰逊的固定红地毯男伴，两人常一同出席公开场合放闪，在《复仇者联盟3》及《复仇者联盟4》的盛大首映都能看到斯嘉丽约翰逊挽著男友的身影。Scarlett的朋友曾透露：“未见过Scarlett如此开心。” 为女友制造惊喜 在《Avengers：EndGame》首映前夕，Colin还偷偷找上加州珠宝设计师Sonia Boyajian，为女友订制了一副“无限宝石”手炼，Scarlett凭此手炼成为整场首映会的焦点！可见Colin Jost十分有心思。 这位能与她分享无数欢乐、兴趣、共同话题又懂得营造小惊喜的对象，难怪只是短短交往两年就抱得美人归，让曾经有过两段婚姻的斯嘉丽约翰逊最终情归于此！粉丝们也替她感到幸福快乐，期待他们宣布的大婚日子～ 【图片内容来源于网络(Photo Source:Pinterest、GETTY IMAGES )，如有侵犯了您的版权，请及时告知小编删除，谢谢！】	0
"陈坤变身“托花陈天王” 韩庚被董力骗“腰折”。《二十四》第二季第九期节目将于3月31日22：00在浙江卫视播出。本期节目“时空水手”、、吴磊、、董力、周游现身广州，女神信物神秘失踪，众水手开启个人捍卫战，更有信物神技加身上演中二对决！陈坤化身“托花陈天王”，碎碎念手撕花瓣“杀你”、“不杀你”令韩庚崩溃躺地。大双信物在手，最强防御与无限攻击技能护身，成终极环节大BOSS。“游戏王”韩庚与“拼命三石”吴磊强强联手竟是阴谋？吴磊、董力、周游组成“反韩庚联盟”，韩庚陷入危机边缘。韩庚再遭董力套路吴磊变身“美人蛇”本期节目中，“时空水手”本已集齐的女神信物神秘失踪，兄弟团开启了信物争夺战。在广州动物园内，陈坤化身奥疯狂蹦床与长颈鹿玩亲亲，大张伟身披彩色翅膀与鹦鹉哈利爆笑唠嗑，不仅“撞发色”还“撞衫”，宛如失散多年的好兄弟。董力继上期节目中“吓跑”韩庚后，摇身一变成了套路王，在完成下腰过杆的挑战后，顺便对姗姗来迟的韩庚玩起了恶作剧。可怜“游戏王”庚哥为了下腰过杆，累得直呼“腰都快折了”，谁知信物“披风”早已被董力取走，气的庚哥起誓：“大力学坏了，再也不相信他了！”然而前一秒还信誓旦旦要复仇的韩庚，自己也把这套恶作剧发扬光大，无辜的中招对象正是吴磊。在韩庚的哄骗下，吴磊瘫在平衡木上空手穿“蛇裙”，费了九牛二虎之力蹬木板，蹬不管用换蹭的，蹭不管用换牙咬，终于进化成“美人蛇”，然而女神信物“金蛋”早已落入了韩庚手中，令吴磊欲哭无泪。时空水手中二对决大张伟撕“体力困难户”标签经过一番趣味任务挑战，水手们各自收获了不同的“女神信物”并神技加身，终极环节全员齐聚亚运城体育馆，激烈的厮杀即将上演。陈坤、大张伟再次结盟，一向体能不足的的“大陈”组合“躲”为上策，默契藏进舞狮中玩起了伪装，还一扭一蹦大唱《葫芦娃》，上演另类舞狮。伪装这招不管用？大老师还有绝招在身！原来大张伟拥有最强防御信物“舞者的扫帚”，只要大老师对着扫帚嗨歌，任何攻击者都会被魔音束缚原地跳舞三十秒。这对跑不动还能唱的大张伟来说，简直是量身打造的神器，一言不合就尬歌“生活是一团麻”、“你是我的妹妹你是我的妈”，令董力、周游接连中招，原地魔性起舞。然而神器只能使用三次，跑不动的大老师依旧是最受欢迎的抓捕对象，周游使用信物“毛笔”化身神笔马良，将大张伟召唤前来进行蒙眼抓人对决，战斗还没开始大张伟先自行倒地。令人意想不到的是，大张伟除了“扫帚”，还拥有另一件强力的信物“飓风的扇子”，躲了一整期的大张伟终于要打一场翻身仗，无限次数挥动“扇子”将对手全都“召唤”至眼前，开足了马力上演反扑模式，势必撕掉“体力困难户”标签。最强防御“舞者的扫帚”，无限技能“飓风的扇子”，双神器加身令大张伟成了终极环节的大BOSS！“反韩庚联盟”成立陈坤变唐僧碎碎念撕玫瑰花在这场危机四伏的终极环节中，结盟是保护自己战斗到最后的捷径。“游戏王”韩庚与“拼命三石”吴磊强强联手，一个埋伏一个诱敌，这是要令其他水手无路可走的节奏。然而聪明的吴磊打起了小算盘，这么多期没少被韩庚套路，这次也要开始反击，随后与也总被套路的董力、周游组成了“反韩庚联盟”。寡不敌众的韩庚只能赶紧开溜。然而吴磊恰好发动了信物“三叉戟”技能，韩庚无奈被套上了脚蹼，行动受阻。“游戏王”韩庚陷入了点背阴影，后有“反韩庚联盟”追击，迎面又遇上了陈坤。手持信物“神圣之花”的陈坤，搞怪自称“托花陈天王”，“攻击”韩庚的原因竟是因为“太喜欢你”，随后开启唐僧碎碎念花式称赞“你是我最喜欢的兄弟，长得又帅，还是水瓶座……”，一段紧箍咒下来韩庚崩溃躺地大呼“你杀了我吧”。于是陈坤正襟危坐，一片片撕掉玫瑰花瓣撒到韩庚身上，一面云淡风轻道“杀你”“不杀你”“杀你”……一切交给命运，这“杀人”方式也太魔性了。                        
                        
                                                                        
                        "	0
容祖儿生病称自己犯太岁 驾车不慎险遇交通意外。容祖儿称近期犯太岁?据香港媒体报道，容祖儿目前在尖沙咀出席活动，感冒未清的她讲话都要阴声细气，她表示已病了近一个月：“可能是在犯太岁，妈妈近日都有帮我摄太岁，希望即摄即好！她称妈妈疯狂给她煲汤，同时请教别人是否可以饮梅精，又润喉又对胃好，近期治疗都是中西合璧，又吃西药又做针灸。”容祖儿目前在尖沙咀出席活动于8月举行演唱会的宋祖儿透露下月中开始闭关，现在因病取消了录音尽量养声：“现在讲话都细声的，温柔的，要慢慢习惯，平时习惯大声，现在要养声，不过好多朋友说我现在说话很令人担忧，希望我练到讲话细且得意，温柔且精神。”容祖儿又表示最近凡事都要小心，路面上也多了不少危险驾驶者，自己要更专注：“试过从东区走廊超车，想并线突然发现有车，我立刻开回到原来的车道，我的朋友说我成整部车都离地了，以后都要戒掉驾驶时讲话的习惯。”	0
《欢乐中国人》今晚收官 宋丹丹时隔十年回归央视。由央视综合频道和央视创造传媒联合推出的合家欢真人秀《欢乐人》，将于本周六晚8点收官。在这最后的欢乐盛典，不仅有十大欢乐家庭新鲜出炉；还有评委、“相爱相杀”组团说相声；此外，也将在阔别央视舞台十年后首度回归，备受观众期待。王立金、黄邵珍神仙眷侣延续65年的“疯狂爱情”令人羡慕；超、杨玉仙老两口“遗产捐献希望工程，遗体捐献医学研究”的善举让人感动；还有一对几乎行遍中国的年轻夫妇，让撒感叹“疯狂不要等待，爱情更不要让它枯萎”。这些素人的故事为观众展示平凡生活的点滴幸福。而丹时隔十年再度回归央视，以特邀颁奖嘉宾身份参与《欢乐中国人》，她会更喜欢哪个家庭的故事，又会说出怎样令人感动的颁奖词，都值得期待。2017年最暖心素人综艺，《欢乐中国人》用最接地气的方式让你感受万千家庭的欢笑。。	0
基层戏曲院团走出非遗传承与发展新路径。很多传统戏曲剧种正面临人才缺乏、表演技艺失传等危险。然而，有那么一批痴心不改的戏曲工作者，他们或精磨剧目，或推动体制改革，或探索传承与创新，走出了一条可为他人借鉴的非遗传承与发展之路，开启了转企院团的奋进之旅。23年前，由甘肃省张掖地区七一秦腔剧团创排的新编秦腔历史剧《西域情》荣获第六届文华新剧目奖，该剧团成为甘肃省首个斩获文华新剧目奖的地市级文艺院团；23年后，历经3年打磨，张掖市七一剧团演艺有限责任公司（原张掖地区七一秦腔剧团）携大型秦腔现代戏《民乐情》再次角逐第十六届文华大奖。《民乐情》曾参加中宣部、文化和旅游部2018年全国基层院团戏曲会演、全国优秀现实题材舞台艺术作品展演等重要演出，荣获甘肃省委、省政府第九届“敦煌文艺奖”等多项省级大奖，先后在北京、上海、金华、西安、敦煌、兰州等多地演出，被专家称为现实题材的难得佳作。一路走来，该剧受到广泛关注，每次演出都是一次蜕变，在蜕变中不断突破提升，最终使全剧达到完整、和谐、统一的艺术境界。该剧根据甘肃省原政协副主席韩正卿同志上世纪70年代在民乐县工作期间的感人事迹改编创作，演绎了他战天斗地，关爱百姓，坚守清贫，廉洁自律，敢于担当的感人故事，塑造了一位优秀共产党人的光辉形象。张掖市七一剧团曾是甘肃基层院团中首屈一指的大团、强团，创排了一批具有鲜明地方特色和较高艺术水准的精品剧目。从《思补情》《西域情》《黄土情》到今天的《民乐情》，可以说是七一剧团的四部曲，踏着时代的脉搏，展现了剧团开拓奋进的历史，展示着文艺工作者昂扬向上、拼搏逐梦的精神追求。一个“情”字，折射出对国家级非遗项目秦腔这一优秀传统文化的传承与弘扬，是七一剧团优良传统和坚韧不拔精神的延续。作为西北地区的一个基层院团，也是甘肃河西走廊目前唯一一个专业院团，甘肃省张掖市七一剧团显得势单力薄，转企改制后公司一度面临人才断层、经费紧张等严峻形势，创排一部大戏可谓困难重重。但剧团的演职人员并没有退缩，他们没有名角，但有着西北人的执着朴实，他们排除万难，砥砺前行，付出了无数的艰辛与汗水，以严谨的艺术态度和执着的追求，对《民乐情》精心打磨，又一次走到中国艺术节这个舞台。《民乐情》的出现有着不同以往的特殊意义，剧本的思想高度和舞台呈现的艺术水准都达到了剧团有史以来的最好水平。（本文由李荣坤整理）	0
仅出道两年的韩国人气女团解散，周洁琼等三名成员依旧留在公司。            接着附加说：“真心感谢一直以来喜爱和爱护PRISTIN的粉丝们，也因此感到抱歉。因为需要慎重选择，所以花了充分的时间思考，经过深思熟虑和讨论，本公司决定尊重PRISTIN成员们的意见，最终决定同意PRISTIN解散以及与当事者们终止合约，希望粉丝们能够给予理解。”PRISTIN是2017年3月21日出道的10人女子组合。这是继Pledis娱乐公司旗下的After School（2009年推出的女子组合）之后，时隔8年推出的第2个正式女子组合，因此备受关注。特别是在10名成员中有7人出演了2016年播出的Mnet（一家韩国的娱乐公司）推出的《Produce101》而为人所熟知，其中娜荣和洁琼被选为出道组，作为女子组合I.O.I进行活动，从出道前就受到了很大的期待。            PRISTIN的出道首张专辑中，所有成员都参与了作词和作曲，每个人的制作能力都非常出色。3月21日第一张迷你专辑《HI!PRISTIN》在首张专辑中成为销售量超过1万张的第三个女团，是2017年出道的女团中唯一一个凭出道歌曲就在单月排行榜上榜上有名的女团，从出道开始就受到了大家的喜爱。之后约过了5个月后，2017年8月23日，PRISTIN发行了第2张迷你专辑《SCHXXL OUT》，此中女孩们的活跃表现得到了认可，在2017年“亚洲明星盛典”、“Mnet亚洲音乐大赏”以及2018年“首尔歌谣大赏”中获得了新人奖。但是在PRISTIN出道的2017年活动之后，再没有发表完整的专辑，活动也没有再继续。2018年5月，虽然以娜荣、Roa、恩宇、Rena、洁琼组成的新组合“PRISTIN V”进行了活动，但仍无法弥补粉丝们的遗憾，而且也没能给大众留下很特别的印象。            在之后持续的空白期中，从2018年开始在粉丝之间出现了“PRISTIN是否解体”的疑问。2018年10月，又出现了“成员施妍与经纪公司解除了合约，退出了组合”的谣言，但是经纪公司表示“这不是事实”，强烈否认了成员退出及解散的说法。此后，2019年5月24日，Pledis娱乐公司正式宣布PRISTIN解散。除洁琼、Yehana、成?髦?外的7名成员将因合同期满离开经纪公司，Pledis娱乐公司表示将积极支援剩下3人的个人活动，对于离开经纪公司的PRISTIN的7名成员也表示深深的感谢，将发自内心地支持她们今后更好地发展。仅仅出道两年的PRISTIN，起点很高，若是妥善经营，发展前景将一片光明，如今成员们各奔东西，着实令人惋惜。其中，中国籍成员周洁琼目前在国内的发展和影视资源都不错，在韩国的名气也很高，今后的发展备受中韩粉丝的关注。	0
第100回日剧学院赏公布结果 两部日剧成为大赢家。（第100回日剧学院赏公布了获奖结果。本次第100回日剧学院赏是以2018年冬季档播出的电视连续剧为评选对象，提名作品共有29部。NHK《万福》《特摄GAGAGA》《从丧尸来到开始重新审视人生的这档事》《三日月》日本台《3年A班：从现在起，大家都是人质》《卖房子的女人的逆袭》《让人生变得轻松的幸福法则》《冤罪律师》《节约摇滚》朝日台《相棒season17》《刑事ZERO》《我的大叔》《派遣占卜师中》《我的初恋情人》《完美犯罪》TBS台《昨晚过得很愉快吧》《警察之家》《傲骨贤妻》《初恋那一天所读的故事》《后街女孩 电视剧版》东京台《水果宅急便》《记忆搜查：新宿东署事件档案》《四叶银行》《日本破旧民宿纪行》富士台《樱的亲子饭2》《Trace~科搜研的男人》《丑闻专门律师QUEEN》《后妻业》《绝对正义》然后来看今年的排名！最佳作品：《3年A班》菅田将晖主演的《3年A班》，讲述了某高中三年A班全体学生被老师耙混绑架后，共同寻找同班同学自杀真相的故事。播出后口碑炸裂，在豆瓣上有8.4的高分。收视率也不错，全剧平均收视率11.5%，大结局甚至拿下15.4%的好成绩，创下该档期最高纪录。这次又再拿下日剧学院赏最佳作品奖，可喜可贺！亚军和季军则分别是：2。《初恋那一天所读的故事》3。《万福》以下是读者票、TV记者票、审查员票。最佳男主角：菅田将晖菅田将晖在2014年时曾凭借《死神君》拿到日剧学院赏的最佳男配角，本次还是他第一次拿到日剧学院赏最佳男主角奖。他在剧中饰演私立魁皇高中三年A班班主任和美术老师耙混，平常看起来文弱、不起眼，却在毕业典礼举行前十天，把负责班级的29名学生当做人质，给学生们进行“最后的授课”――寻找自杀身亡的学生的死亡真相，以极端的方式来一次震撼教育。剧中精彩的演技和反差得到了观众的超高评价。亚军和季军则分别是：2。锦户亮《科研搜之男》3。高桥一生《三日月》以下是读者票、TV记者票、审查员票。最佳女主角：深田恭子是谁说的深田恭子空有美貌没演技？！这次她凭借在《初恋那一天读到的故事》中的出色演出获得日剧学院赏最佳女主角奖，事实上深恭也算是日剧学院赏的常客了，1998年《神啊，请多给我点时间》拿下最佳女配角，1999年《暗恋》再度拿下最佳女配角。这次她在《初恋》中饰演了一位考试、就业、婚活都失败的超级钝感女子，从小就是尖子生以东大为目标的她，却在正式考试中败北后失去了人生目标，因意外事件遇到匡平，被他的自由所打动，相约以东大为目标奋斗。不得不说，快37岁的人了还能有这种少女般的状态，人生真的值了！亚军和季军则分别是：2。安藤樱《万福》3。北川景子《卖房子的女人的逆袭》以下是读者票、TV记者票、审查员票。最佳男配角：横滨流星横滨流星在剧中饰演一位粉头发的不良笨蛋高中生，在富有却缺少关爱的家庭中长大。在遇到敢呵斥他父亲的顺子后，受到震撼。与她共同以东大为目标奋斗。今年是横滨流星大爆发的一年，出道以来一直在各种剧中打酱油的他，这次遇到了合适的角色，吸粉无数！前几天的vivi评选的国宝级帅哥中他以坐火箭的速度排名第二，这次又拿下日剧学院赏最佳男配角，可以预测到，今年上半年的“爆红男演员”排行榜中，他一定会排名前列的！亚军和季军则分别是：2。长谷川博己《万福》3。中村伦也《初恋那一天读到的故事》以下是读者票、TV记者票、审查员票。最佳女配角：永野芽郁永野芽郁去年刚凭借晨间剧《一半、蓝色》拿下日剧学院赏最佳女主角，今年又拿下最佳女配角，演技自然不用多说。这次她在《3年A班》中饰演性格内向的高中生茅野樱，她总是隐瞒着自己的想法，察言观色后才行动，善良却又软弱。在剧情的推动下，也一点一点开始改变自己。亚军和季军则分别是：2。松坂庆子《万福》3。安达佑实《初恋那一天读到的故事》以下是读者票、TV记者票、审查员票。最佳主题曲：HAPPY BIRTHDAYback number为《初恋那一天读到的故事》演唱的主题曲《HAPPY BIRTHDAY》获得本次的最佳主题曲奖，一起来听一下~亚军和季军则分别是：2。《生きる》/ザ?クロマニヨンズ3。《あなたとトゥラッタッタ?》/DREAMS COME TRUE以下是读者票、TV记者票、审查员票。最佳编剧：武藤将吾《三年A班》编剧武藤将吾获得最佳编剧奖。最佳导演：小室直子、铃木勇马、水野格《三年A班》导演小室直子、铃木勇马、水野格拿下最佳导演奖。特别奖：剧中剧“狮风怒斗兽将王”小芝风花主演的《特摄GAGAGA》中的剧中剧“狮风怒斗兽将王”则获得本次的特别奖。从奖项结果上来看，除了最后的特别奖之外，其余所有奖项都被《三年A班》和《初恋那一天读到的故事》这两部剧平分了，没看这两部剧的人快去补剧吧，不会失望的！(责编：maiko)	0
任嘉伦发布会皮衣亮眼 霸气随性演绎朋克style。　　 3月30日下午，任嘉伦出席了《大唐荣耀2》开播发布会，神采奕奕，眼眸清澈盈盈有神，一双大长腿和散发的荷尔蒙魅力撩人心魄。现场，任嘉伦身着某品牌春夏系列限量珍珠铆钉皮衣，配修身黑色破洞牛仔裤，诠释潇洒不羁的街头style，整组LOOK潮味十足。发布会中，任嘉伦与同组演员茅子俊、吕鹏搞笑再现《大唐荣耀》精彩片段，一改剧中广平王的睿智沉稳，展现任嘉伦本人逗比随性的本质，引得现场粉丝尖叫连连。 　　 3月30日下午，任嘉伦出席了《大唐荣耀2》开播发布会，神采奕奕，眼眸清澈盈盈有神，一双大长腿和散发的荷尔蒙魅力撩人心魄。现场，任嘉伦身着某品牌春夏系列限量珍珠铆钉皮衣，配修身黑色破洞牛仔裤，诠释潇洒不羁的街头style，整组LOOK潮味十足。发布会中，任嘉伦与同组演员茅子俊、吕鹏搞笑再现《大唐荣耀》精彩片段，一改剧中广平王的睿智沉稳，展现任嘉伦本人逗比随性的本质，引得现场粉丝尖叫连连。 　　 3月30日下午，任嘉伦出席了《大唐荣耀2》开播发布会，神采奕奕，眼眸清澈盈盈有神，一双大长腿和散发的荷尔蒙魅力撩人心魄。现场，任嘉伦身着某品牌春夏系列限量珍珠铆钉皮衣，配修身黑色破洞牛仔裤，诠释潇洒不羁的街头style，整组LOOK潮味十足。发布会中，任嘉伦与同组演员茅子俊、吕鹏搞笑再现《大唐荣耀》精彩片段，一改剧中广平王的睿智沉稳，展现任嘉伦本人逗比随性的本质，引得现场粉丝尖叫连连。 　　 3月30日下午，任嘉伦出席了《大唐荣耀2》开播发布会，神采奕奕，眼眸清澈盈盈有神，一双大长腿和散发的荷尔蒙魅力撩人心魄。现场，任嘉伦身着某品牌春夏系列限量珍珠铆钉皮衣，配修身黑色破洞牛仔裤，诠释潇洒不羁的街头style，整组LOOK潮味十足。发布会中，任嘉伦与同组演员茅子俊、吕鹏搞笑再现《大唐荣耀》精彩片段，一改剧中广平王的睿智沉稳，展现任嘉伦本人逗比随性的本质，引得现场粉丝尖叫连连。 　　 3月30日下午，任嘉伦出席了《大唐荣耀2》开播发布会，神采奕奕，眼眸清澈盈盈有神，一双大长腿和散发的荷尔蒙魅力撩人心魄。现场，任嘉伦身着某品牌春夏系列限量珍珠铆钉皮衣，配修身黑色破洞牛仔裤，诠释潇洒不羁的街头style，整组LOOK潮味十足。发布会中，任嘉伦与同组演员茅子俊、吕鹏搞笑再现《大唐荣耀》精彩片段，一改剧中广平王的睿智沉稳，展现任嘉伦本人逗比随性的本质，引得现场粉丝尖叫连连。 　　 3月30日下午，任嘉伦出席了《大唐荣耀2》开播发布会，神采奕奕，眼眸清澈盈盈有神，一双大长腿和散发的荷尔蒙魅力撩人心魄。现场，任嘉伦身着某品牌春夏系列限量珍珠铆钉皮衣，配修身黑色破洞牛仔裤，诠释潇洒不羁的街头style，整组LOOK潮味十足。发布会中，任嘉伦与同组演员茅子俊、吕鹏搞笑再现《大唐荣耀》精彩片段，一改剧中广平王的睿智沉稳，展现任嘉伦本人逗比随性的本质，引得现场粉丝尖叫连连。 　　 3月30日下午，任嘉伦出席了《大唐荣耀2》开播发布会，神采奕奕，眼眸清澈盈盈有神，一双大长腿和散发的荷尔蒙魅力撩人心魄。现场，任嘉伦身着某品牌春夏系列限量珍珠铆钉皮衣，配修身黑色破洞牛仔裤，诠释潇洒不羁的街头style，整组LOOK潮味十足。发布会中，任嘉伦与同组演员茅子俊、吕鹏搞笑再现《大唐荣耀》精彩片段，一改剧中广平王的睿智沉稳，展现任嘉伦本人逗比随性的本质，引得现场粉丝尖叫连连。 　　 3月30日下午，任嘉伦出席了《大唐荣耀2》开播发布会，神采奕奕，眼眸清澈盈盈有神，一双大长腿和散发的荷尔蒙魅力撩人心魄。现场，任嘉伦身着某品牌春夏系列限量珍珠铆钉皮衣，配修身黑色破洞牛仔裤，诠释潇洒不羁的街头style，整组LOOK潮味十足。发布会中，任嘉伦与同组演员茅子俊、吕鹏搞笑再现《大唐荣耀》精彩片段，一改剧中广平王的睿智沉稳，展现任嘉伦本人逗比随性的本质，引得现场粉丝尖叫连连。 。	0
刘亦菲母女与陈金飞聚餐 热聊不断关系好刘亦菲母女与陈金飞聚餐 热聊不断关系好。 日前，刘亦菲和妈妈现身某日料店与陈金飞等友人聚餐。当天，刘妈妈坐在中间，刘亦菲左边落座，陈金飞在右边。 张柏芝生三胎后恢复神速 办生日…王丽坤素颜气质清冷 抱皮卡丘显…杨烁深夜现身 老婆困到靠怀里小憩杨幂秀发披肩美腿抢镜 获搀扶下…林志玲戴超大帽子现身 见跟拍歪…昆凌全黑look架黑超气场全开 获…章子怡穿绿衣亮相 将任东京电影…杨紫穿条纹衫配长裙 满满清新校…林允回眸甜笑 长发飘飘长腿抢镜前线|女神许晴亮相戛纳 小S秒变…前线|张柏芝生日会仙气满满 自嘲…前线|布拉德皮特小李子人群热聊 …国际儿童失踪日：3招教会孩子保护…教你做个美味早餐热狗肠菠菜卷，一…王丽坤素颜气质清冷 抱皮卡丘显…                                                                                                	1
技术原因？戛纳将放映《六欲天》，祖峰等一众主创却不参加。祖峰自导自演的新片《六欲天》，原计划在戛纳电影节的相关宣传计划都被取消，片方发微博声明为“技术原因”。 据悉，《六欲天》将如约在戛纳电影节完成放映，但是主创人员不会亮相戛纳进行相关宣传。 《六欲天》在去年6月份在长沙开机，8月份左右杀青。这是演员祖峰转型导演，独立执导的第一部电影。为了拍好导演处女作，他推掉了很多影视作品的邀约，只为专心完成《六欲天》。 《六欲天》的制片人李锐此前曾表达过对电影主题的理解：“人类的生活就像一团迷雾，在难以触及的迷雾中心，隐藏着无法言状的各种黑暗。黑暗的中心和人类的内心是相通的，只有看破这层黑暗，才能达到心灵的彼岸，看到无限量的光明。从天道到人间，从残酷的欲望到灰冷的内心，我们有着说不清的爱与恨，逃不开的罪与罚。”	0
《剃刀边缘》编剧余飞：新剧玩突破 谍战套路加入喜剧元素。《剃刀边缘》著名编剧余飞近日，由、主演的谍战剧《剃刀边缘》在东方卫视热播，该剧编剧大有来头――电视剧编剧工作委员会副秘书长余飞，此前创作过《永不消逝的电波》《重案六组》等烧脑神剧。他在接受记者采访时不仅说到《剃刀边缘》创作过程对于“谍战题材”的挖掘，也谈到诸多行业问题。余飞表示：“编剧应该保持好心态，别人赚大钱，我们也不用去羡慕，因为编剧如果写好了，待遇也不差。” 许多爱看谍战剧的观众会觉得《剃刀边缘》太过时尚，不仅文章、马伊P顶着“泡面头”走路带风，剧情也倍显喜感。剧中，许从良和叶隼在街边玩“骑马”游戏，紧接着他又和关海丹打情骂俏，到最后还出现了与九儿的爱情线，画面拍得唯美至极……有观众以为自己看了一部“假谍战剧”。余飞回应道：“这并不是一个常规、传统、特别严肃的谍战剧，它确实有喜剧元素在里面。”余飞觉得文章对剧本的还原度能打90分：“这部剧跟原先的谍战剧有一点点区别，但又没有走得太远，我觉得这可能是文章的探索。”即便如此，余飞也表示，在谍战中加入喜剧元素不一定是谍战剧的发展趋势：“谍战剧本身就非常紧张，非常考验智慧，很难加入喜剧元素。”有人认为，《剃刀边缘》的爱情线铺得有点密，没有突破“革命+恋爱”的模式，余飞承认这一模式很难突破：“无论怎么写，都少不了这两个元素。没有情感戏肯定不行。可能在这两个元素之外再加入新的东西，但这种创新不能太大，步子走得太大，有可能导致谍战剧失去它应该有的味道。”该剧播出后，有观众认为文章在一些情节处理方面用力过猛。余飞认为这是角色使然：“我觉得并没有太过度。我们在生活中可能比较少看到这样的人，但他的角色是伪满警察，他要假装特别游刃有余，嘻嘻哈哈在里面混，有时候需要夸些，才能保持内心的平静。仔细琢磨的话，实际上他的这种用力过度有其合理性。” 现在，很多人将娱乐圈的乱象归结于“IP热”，余飞觉得IP没有错，是“高手”太少了：“真正一线的高手比较少，所以看起来好像烂剧比较多。其实一线的高手一起合作还是能做出好东西的。”余飞也承认，IP热会一定程度上抢占优质制作资源，驱使一些高手也去做IP剧。但他认为这种情况不会持续太久：“时间长了，那些高手还是会回归的，或者他们摸索到更好的创作规律，能把这些IP也打造成不错的内容。”在余飞看来，如果编剧足够专业，是不会在乎IP好坏的，“我个人认为不管是大IP还是小IP，是垃圾IP还是优质IP，对编剧来说都没有特别大的意义。足够好的职业编剧，从地上捡个垃圾，也要能把它编成一个好故事。”余飞希望，编剧有创作理想，不要只为钱去创作：“不管是剧本还是小说，编剧要尽可能占据这个源头，打造自己的个人品牌，让自己的作品跟更多、更好的导演、演员、制作方合作。”一个剧本真正上马，需要由制片方牵头修改、调整，好剧本和编剧水准有关，也跟制作团队的搭配有关。余飞承认，现在业界真正懂抓剧本的人很少，“抓剧本的人要会写，又要懂得编剧的心理，还得懂得法律，懂得制片方的关系，懂得审查的问题。不仅要懂，还得精通。现在许多公司根本没有真正懂抓剧本的人，有能力的编剧往往找不到合适的合作对象，合作起来也很困难，因为运作过程中的沟通成本，会让你的热情不断被冷水浇熄了。”余飞承认，编剧的地位已有较大提高：“在任何一个行业里，如果你各方面的能力到位的话，还是有比较大发展空间的。作为编剧，心态要保持好。别人赚大钱，我们也不用去羡慕，因为编剧如果写好了，待遇也不差。” 昨日，马伊P在接受采访时也谈到《剃刀边缘》拍摄过程中的一些心得。她说，这部戏拍得并不爽，“很多戏都要含着演，要靠细微表情。演的时候一点都不过瘾，只有最后把这些戏剪接在一起时，你才发现特别顺。”谈及出演《剃刀边缘》给自己带来的变化，马伊P说：“以前特别执着，如果一场戏演不好，自己会难受一整天，会跟导演说能不能给自己重拍的机会。但是演完《剃刀边缘》以后，我觉得每个人都要承认自己有力不从心的时候。如果你抱着这个心态，反而很多问题会迎刃而解。《剃刀边缘》让我接受不完美的自己。”虽然自己觉得不完美，但在丈夫兼导演的文章眼里，马伊P是完美的，她说：“导演对我的演技、颜值方面的评价都进入了一个非常高的高度。”马伊P说，她和文章拍戏时经常笑场：“片场最常发生的事情就是笑场，两个人笑得完全没有办法拍下去。”。	0
继续追生第2胎？林心如：今年工作还很多。和大婚　　据台湾《中时电子报》报道，女星林心如年初生下爱女，产后2个月就神速恢复身材，近日复出开工，就忙着和好友宣传新片《嫌疑人X的献身》，28日结束行程返台，在机场被问到有无打算生第二胎，她也首度回应了。　　据媒体报道，林心如从北京返台，气色看来很好，被问到这次为了工作离家6天，是否有和女儿视频聊天以解相思情，林心如仅低头一笑说：“谢谢”。另外，老公霍建华日前曾在节目松口谈到“之后会慢慢减少工作量，可以考虑生第2胎”，而林心如被问此话题，仅笑而不答，还透露今年工作还是很多，看来想听到男神女神公布二胎喜讯，还要再等等。	0
热巴穿西服涂红唇亮相 酷美精致似洋娃娃热巴穿西服涂红唇亮相 酷美精致似洋娃娃。 2019年5月16日，湖北武汉，黄磊、罗志祥、张艺兴、迪丽热巴、贾乃亮、岳云鹏、雷佳音、王迅等明星出席《极限挑战》举行发布会。 热巴穿灰色西服套装、头顶泡面卷，打扮干练而不失甜美可爱，作为团队唯一的女成员一枝独秀成团宠。 章子怡一袭曳地裙显优雅 托腮认…李宇春罕见穿裙亮相首映礼 好皮…吴彦祖穿黑西装亮相戛纳 帅气有…崔心心亮相慈善晚宴 坚持公益传…黄子韬黑色西装 尽显优雅绅士品格辛芷蕾出发戛纳电影节 混搭造型…甘婷婷亮相新戏开机发布会演员周奇＂可盐可甜＂大片曝光柴碧云复古造型出席艺术展汪峰为章子怡做爱心炒饭 两人水…宋茜白T配墨镜潮酷满分 疯狂嘟嘴…迪丽热巴最新路透照曝光 哪吒头…国际儿童失踪日：3招教会孩子保护…教你做个美味早餐热狗肠菠菜卷，一…李宇春罕见穿裙亮相首映礼 好皮…                                                                                                	1
各大媒体强力推荐全明星体育公益歌曲《不灭的梦想》。　　“《不灭的梦想》是最体育，也最娱乐的;是最庄重，但也最亲切的;是最宏大，但也最具体的一首音乐作品。”这是音乐界一位人士在接受记者采访时，对这首歌做出的评价。而这首歌的阵容及其强大，有数十位奥运冠军和星光大道冠军参与演唱和MV录制。 　　　　在刚刚过去的2016年里约奥运会，以26金18银26铜名列第三，中国女排三度登顶奥运之巅，中国体育精神令世界折服!而这种精神，正是一种普世的冠军精神，无论是文艺界还是体育界，乃至各行各业，冠军之所以是冠军，正如《不灭的梦想》中唱的：“一次次跌倒，再来，疼痛，因信念不曾停歇，因热爱不顾一切!” 　　　　因此，这首脍炙人口、激扬奋进的歌曲一经推出，就获得了各大媒体力荐。 　　　　《不灭的梦想》继3月30日在中央电视台梅地亚新闻中心发布后，有数百家媒体向公众力荐这首歌曲，包括央视、人民日报等中央级媒体，北京晚报、北京晨报、香港文汇报、体坛周报等知名纸媒，知名门户网站，以及国家体育总局等国家官方网站。	0
《极限挑战5》全员扮演纤夫 宋小宝遇淘汰危机。 在本周日晚21点档播出的东方卫视《极限挑战》第五季中，为了促进更加团结友爱的成员关系、考验默契程度，“极挑团”迎来一场“纤夫之爱”的团建之旅。难以判断人心的默契问答，考验着罗志祥、王迅、迪丽热巴、岳云鹏、雷佳音和宋小宝每一个人。他们更是要面临对团队协作力的终极考验，全员装扮成纤夫，参与《印象武隆》的演出，一出精彩大戏即将上演。主办方供图上期节目里被“众投”为认为最胆小的宋小宝，再次在任务环节中接连失利，面临“短板”危机。为了拯救宋小宝，剩下的其他人被分到不同的房间，开始一场考验信任度的不记名投票答题挑战。每个房间都有“是或否”的按钮选择，如果所有人回答一致直接判定结果；不一致的话，则少数派的答案决定结果，回答正确视为成功。为了杜绝外界干扰，成员们都被安排戴上了耳机，没有办法商量，只能凭自己内心的判断。事关重大，为了以防万一，他们还特别设置了手势暗号，然而刚一开始，成员们就接二连三地出现了状况，总是有人选了不一样的答案。全员陷入了紧张的气氛中，难以置信的他们纷纷开始怀疑。有经验的王迅好像恍然大悟，嚷嚷着“问题没那么简单”，他到底知道了什么？像“1+1是不是等于2”这种看似简单的题目，背后究竟隐藏了什么玄机，以至于让他们接连出错。自认为分析对了的雷佳音，觉得他们中间有人有私心，为什么最后却被罗志祥称是“孙红雷接班人”？一直不着急选择答案的王迅，难道就是雷佳音口中那个“有私心的人”？信任不是逻辑分析的过程，而是发自内心的情感。在这场判断人心的任务难度考验下，他们能否成功解除宋小宝的“短板”危机？新一季“长江行”第二站来到的武隆地区，其境内横贯着一条有“险滩恶水”之称的乌江，催生出一群不畏艰苦、敢于拼搏的纤夫们。在这样的背景下，大型实景歌会《印象武隆》应运而生。它以濒临消失的“川江号子”为主要内容，传承纤夫文化，在当地很受人们欢迎。为了亲身感受团结一心的“纤夫精神”，“极挑团”来到了《印象武隆》演出地，共同参与完成这场大型演出，迎来对团队精神的终极考验。主办方供图为了不拖这场演出的“后腿”，成员们严阵以待，干劲十足地投身到排练中去。一开始，他们先通过无实物拉绳表演来练手，眼神要坚定，想象自己在拖着一个很重的东西。在专业的指导下，他们渐渐进入了状况。没想到刚一上纤绳开始实际操练，大家就乱作一团，跟不上节奏，迪丽热巴直喊自己在被拉着走。没有舞蹈功底的宋小宝，一到拉腿就受不了，直言没有几个小时完成不了。离演出时间越来越近，而成员们还在甩绳、扛绳之间反复训练动作，不是拍子不对，就是动作反了。面对紧锣密鼓的排练强度，成员们开始渐渐露出疲态，喊腿软好累，他们还能坚持下去吗？随着剧场工作人员“演出倒计时五分钟”的提醒，还处在茫然状态的他们，就要去换纤夫服装，做好登场准备。喊着“同心协力”的成员们，在正式演出中，能否把“纤夫精神”传递出来？遭遇“短板”危机的宋小宝，是否还有反转的结果？面对实战表演的终极考验，“极挑团”能否齐心协力喊出雄浑激昂的“川江号子”？本周日21点档，东方卫视《极限挑战》第五季武隆站“纤夫之爱”，为你揭晓精彩答案。	1
贾静雯祝福高圆圆产女 迫不及待要去见干女儿。高圆圆和贾静雯  据台湾媒体报道，赵又廷21日在微博宣布老婆高圆圆顺利生产，并开心地写下：“美好的日子，迎来美好的生命。母女平安，谢谢大家。”高圆圆和贾静雯一起合作4部戏，维持17年好交情，闺蜜贾静雯开心回应：“身为圆（高圆圆）女儿的干妈除了开心祝福，已迫不及待要去看我干女儿啦！” 贾静雯和高圆圆生日相差2天，但是年龄相差5岁，2002年合作《倚天屠龙记》，分别饰演赵敏和最美周芷若，戏外也结为好闺蜜，贾静雯2014年出席高圆圆和赵又廷婚礼，当时和修杰楷还是男女朋友，之后登记结婚、生下女儿、BO妞，姐妹高圆圆见证一切，更是的干妈，也开心出席满月Party。 贾静雯2018年11月Q里岛婚礼，高圆圆对外表示，临时发现护照过期，无法到现场，仅赵又廷一人代表出席，但当时她已经停工一阵子，怀孕传言没停过，2019年4月赵又廷才在微博证实怀孕消息，媒体预测预产期约在7、8月，但夫妻俩十分低调，对外不透露任何讯息，今早微博传出高圆圆生了消息，《ETtoday星光云》求证经纪人，经纪人早上未回应，下午证实消息，赵又廷同步在微博报喜。	0
《王牌对王牌》今晚播出 黄磊智商再次惊艳众人。《王牌对王牌》今晚播出综艺节目《王牌对王牌》将于今晚在浙江卫视播出,为了赢得胜利,暂代班的,演起了葫芦娃,也秒变表情包,更是一人单挑五个猛男,场面异常火爆。本期节目中,黄磊带着宋茜、刘宪华、魏大勋、任容萱组成“麻烦家族”,对阵王源、、白百何、明道、沙溢组成的“绑架者家族”。在大众的眼中,黄磊一直保持着机智温柔的万能大叔形象,玩起游戏来也是一把好手。这次黄磊再度向观众展现了自己超强的游戏实力,在“台词接龙”环节,嘉宾们必须用表演的方式将一长串台词传递下去,面对刘宪华将“妖精你死到临头”变成“我邀请你死”的颠覆式“改编”,黄磊不仅猜到了台词的出处是《葫芦娃》,还机智推理出了大部分台词重新演绎,让人惊叹不已。。	0
何炅落泪、林允哭泣，综艺都学《忘不了餐厅》卖眼泪！合适么？。《忘不了餐厅》超越多部“树大根深”，有观众基础的综艺，成为了一匹黑马，收获了一大波观众。黄渤还为了这部综艺推掉了《极限挑战》第五季的邀请。这档综艺就是黄渤带领五位患有阿尔兹海默病的老人，共同经营一家饭店。听起来就知道在这部综艺当中会发生很多温情故事。虽然这部综艺的出发点是好的，但是，依靠公益性的综艺节目，到底能否收获观众的认可呢？ 从评分和数据上面来看，豆瓣上1万余次人给出了9.4分的评价。一方面，节目确实带给了人温情的感觉：善于发现细节的宋祖儿、自带包袱和笑点的黄渤，以及作为店长大气的舒淇，还有可爱而且极力想要做好自己的事情。不过，在观察综艺的背后，《忘不了餐厅》极力铺垫和渲染感人气氛的手法却让人感到不适。应该在餐厅享受美食的可人，仿佛都成为了去敬老院献爱心的志愿者。哭也是这部综艺的“卖点之一”。毕竟“关爱老人”、“阿尔兹海默症”本身就是社会十分关注的一个痛点，很容易引起大家的同理心和共鸣，从而收获眼泪和看点。但是，这种赚眼泪的方式并不是综艺节目通用的套路。 《向往的生活》已经播出到了第三季，何炅作为娱乐圈的常青树，也成为了《向往的生活》的顶梁柱。不过，最近这根顶梁柱却似乎有些“软弱”，频频在节目中爆哭的何炅，成为了一个“小哭包”。前一阵子，何炅就因为2005年“超女”黄雅莉的一首歌而当场飙泪。虽说何老师是因为05年超女担任评委的他见证了这群女孩们的成长变化，感动是必然的，但是因为一首歌而哭的稀里哗啦、眼泪不止未免有些夸张。 最近一期的《青春环游记》之中，林允也因为节目组设置的压力太大，而被当场逼哭。记忆能力不好的林允，需要在短时间内记住大量的难度比较高的舞蹈动作，一度让林允的情绪失去控制。面对摄像机，林允更加崩溃，生气的说：一哭你们就拍我！不免让人心疼这个次奥女孩，也对节目组把艺人的眼泪当噱头的行为而感到愤怒。 优质喜剧节目《王牌对王牌》本来认认真真做好搞笑属性就能够收获一波观众缘了，可是搞笑节目偏偏也要搞情怀，比如之前把《还珠格格》的演员请到台上，晴儿、老佛爷、纷纷台上抛出了自己的眼泪，而且，这也不是《王牌对王牌》第一次靠着回忆杀卖情怀了：天龙八部剧组、“四缺二”的F4……说真的，好好做喜剧不好吗？ 综艺节目必然要追求自己的定位，并且给观众更好的观看体验。但是强行和不恰当的卖情怀、赚眼泪，甚至是靠着眼泪放噱头，反而是画蛇添足，情怀这波韭菜恐怕经不住反复的收割。文/段段	0
茅子俊墨绿色皮衣随性不羁 活动现场被“表白”。　　 日前，电视剧《大唐荣耀2》开播盛典在横店举行，茅子俊身着墨绿色皮衣搭配深灰色牛仔裤帅气亮相，潇洒随性气质亮眼。发布会上，茅子俊被剧中两位小演员接连表白“孩子缘”爆表，与“情敌”任嘉伦还原“抢珍珠”戏份，两人爆笑演绎场面十分有爱引发粉丝尖叫不断。　　 日前，电视剧《大唐荣耀2》开播盛典在横店举行，茅子俊身着墨绿色皮衣搭配深灰色牛仔裤帅气亮相，潇洒随性气质亮眼。发布会上，茅子俊被剧中两位小演员接连表白“孩子缘”爆表，与“情敌”任嘉伦还原“抢珍珠”戏份，两人爆笑演绎场面十分有爱引发粉丝尖叫不断。　　 日前，电视剧《大唐荣耀2》开播盛典在横店举行，茅子俊身着墨绿色皮衣搭配深灰色牛仔裤帅气亮相，潇洒随性气质亮眼。发布会上，茅子俊被剧中两位小演员接连表白“孩子缘”爆表，与“情敌”任嘉伦还原“抢珍珠”戏份，两人爆笑演绎场面十分有爱引发粉丝尖叫不断。　　 日前，电视剧《大唐荣耀2》开播盛典在横店举行，茅子俊身着墨绿色皮衣搭配深灰色牛仔裤帅气亮相，潇洒随性气质亮眼。发布会上，茅子俊被剧中两位小演员接连表白“孩子缘”爆表，与“情敌”任嘉伦还原“抢珍珠”戏份，两人爆笑演绎场面十分有爱引发粉丝尖叫不断。。	0
"魏晨出席音乐风云榜 将献十周年特别舞台。　　　　　　　　
                        
                        
                                                
                                                
                        
                        
                        
                                                                                                

                        
                        "	0
31岁方媛坐完月子穿新衣美得华贵，大女越来越像郭富城。            当日还是他与方媛结婚两周年纪念日，真可谓是双喜临门。在郭富城宣布二胎喜讯后，“天王嫂”方媛就进入了月子期，期间没有公开露脸，直到前不久的母亲节，方媛才首次在网上晒出自己的近况，甚至首次贴出与小女儿的合照，女儿尽管没有露脸，但茂密的头发，似乎遗传了老爸的好基因。                        5月23日，坐足月子的方媛在社交网上传了一张全身照片，只见她扎着高马尾，穿上一件白色镂空短上衣，和一条贴身的高腰裙，露出纤腰，一向手脚纤瘦的她身形重新恢复苗条，状态十分好。            不过呢，方媛似乎意不在此，她自己则留言问大家裙子好不好看。此外，方媛还带了一副镶边茶色墨镜，跟一身衣服相搭配。            不少网民大赞方媛神速恢复状态，也有网友表示方媛养好身体，期待与郭天王再生下一胎。            不过呢，方媛曾在网上大爆自从生了妹妹后，大女Chantelle就似乎有些吃醋：“自从有了妹妹，她就不像以前那么粘我了，还有就是比以前爱哭，这是吃醋的表现吗？有人问我喜欢姐姐还是妹妹，哈～手心手背都是肉，老母亲的爱各分一半！”，二胎女儿虽然没有正脸出镜，但一头乌黑浓密的头发还是引得一众网友称赞。            	0
"清明小长假警匪唱主角 青春爱情片几乎销声匿迹。本周末将迎来春节过后的第一个小长假――清明节小长假。虽然曾有电影在三四月异军突起，获得过好的票房成绩，但也只是昙花一现，清明档期从来没有形成气候。今年的清明节档期，电影市场与前几年相比出现了明显的变化――以往这个档期常见的青春爱情片销声匿迹了，由几乎清一色的警匪悬疑片唱起了主角。3月31日上映的三部国产片《嫌疑人X的献身》、《非凡任务》和《绑架者》都是警匪题材；导演的转型之作扎堆，文艺女导演转型警匪片，也首次尝试警匪悬疑，和庄文强首次尝试内地演员为主的内地警匪片。类型：青春退潮，警匪当道《致青春》掀起的青春爱情片热潮正在逐渐退去。2015年清明档期的上映阵容里，有一部、、等主演的《咱们结婚吧》；2016年清明节档期有根据同名歌曲改编的《睡在我上铺的兄弟》，但2017年的清明节档期上映的电影里，一部青春爱情片都没有，清一色的警匪片唱主角。尤其是3月31日上映的三部国产新片――《嫌疑人X的献身》、《非凡任务》和《绑架者》。《嫌疑人X的献身》改编自东野圭吾的同名推理小说，由苏有朋执导将其进行了本土化，找来了王凯出演唐川教授，张鲁一饰演唐川的同学、性格孤僻的数学怪才石泓。围绕一宗江边弃尸案，抽丝剥茧地展开了一段惊心动魄的悬疑故事。警方与犯罪嫌疑人的较量、出题人与解题人之间的智斗、隐藏在明显答案后的真相……独特的东野圭吾式警察与嫌疑人的关系让观众欲罢不能。这是东野圭吾的小说第一次在内地被拍成电影，因此备受关注。有日版和韩版的改编在前，导演苏有朋更是压力山大，在现场和细节死磕到底。《非凡任务》是麦兆辉、庄文强与潘耀良合作内地警匪题材电影，讲述了警方派人卧底位于金三角的“老鹰”贩毒集团，试图际刑警将其制毒工厂彻底清除，然而却牵扯出一段关于“卧底”的陈年旧事的故事。文艺小生在片中饰演卧底贩毒集团的缉毒警察林凯，则饰演贩毒集团的大BOSS“老鹰”，片尾25分钟快节奏的打戏是该片的一大卖点。《绑架者》由徐静蕾执导，白百何、、等共同主演。这部电影以架空现实的叙事方式，探讨了一个女刑警在女儿被绑走之后的情感与理智的纠结。白百何饰演女儿被绑架的女警察，黄立行饰演失忆的嫌疑犯，两人在特殊的情况下携手去寻找各自丢失的重要东西。 
导演：转型之作，不畏压力 
今年清明档期上映的国产新片不仅是警匪片当道，而且还是导演挑战自我的转型之作。 
《嫌疑人X的献身》的导演苏有朋是歌手出身，后来也演过不少脍炙人口的角色比如“五阿哥”，最近几年致力于做电影导演。2014年，苏有朋推出了导演处女作《左耳》，改编自饶雪漫的同名青春爱情小说。虽然当时IP改编的青春片已经有质量低下、泛滥成灾的迹象，苏有朋的《左耳》却凭借品质在市场上站稳了脚跟，还顺带把后来的金马影后马思纯介绍给了更广大的观众。苏有朋的第二部导演作品没有继续青春爱情片的路线，而是选择啃硬骨头――把东野圭吾获奖最多的推理小说《嫌疑人X的献身》搬上大银幕。这是苏有朋首次执导悬疑推理题材的警匪片，也是东野圭吾的小说首次在内地被改编成电影，创作团队的压力显而易见。 
和才导演了两部电影的苏有朋相比，同样是演员出身，被众多70后、80后影迷视为“文艺女神”的徐静蕾，可以称得上是一个“老导演”了。《绑架者》就是老导演的一次新尝试。徐静蕾执导的电影当中，最开始的三部是文艺气息浓厚的作者电影――《我和爸爸》、《一个陌生女人的来信》、《梦想照进现实》；接下来的三部导演作品都是爱情题材的商业片――《杜拉拉升职记》、《亲密敌人》、《有一个地方只有我们知道》。《绑架者》是徐静蕾首次执导警匪动作片，她也坦言难度比想象的要大。除了拍动作戏演员的辛苦程度和危险程度超过预期之外，警匪悬疑片的节奏和度的把握也是一门学问。“比如前面埋线埋多少？埋多了观众就猜到了失去悬念了，埋少了最后摊牌的时候观众会觉得很意外。” 
挑战：全部启用，内地演员 
《非凡任务》是麦兆辉与庄文强非常擅长的警匪动作片类型，电影讲的也是二人同样擅长的卧底无间道的故事，却与他们之前合作的其他警匪动作片都不相同。 
《非凡任务》是麦庄首次采用全内地演员阵容拍摄的以内地缉毒警察为主角的电影。从某种角度来讲，《非凡任务》像《湄公河行动》一样是一部用了香港警匪类型片的技术和包装手段来打造的弘扬内地主旋律的电影。 
在电影的主题上，《非凡任务》也与麦庄以往的警匪片不同，麦兆辉介绍说，他希望这次要比以往警匪片的兄弟情更进一步，展现内地缉毒警察的牺牲精神。 
北京晨报记者 杨莲洁                        
                        
                        。"	0
做郭富城另一半不易 娶方媛一顿饭搞定。　　本文转载自微信公众号【香蕉娱乐】宣布结婚，最开心的应该是郭妈妈，儿子都已经51岁了，她等待的时间也够长了！n据4月1日出版的一份香港娱乐周刊报道，郭富城决定结婚的最主要原因，是想圆妈妈的心愿，在去年12月妈妈的寿宴之后，他就向女友方媛求婚，更在家庭的饭宴中宣布结婚及订婚，过程简单不铺张，符合郭天王“经济实惠”的原则。　　郭富城与方媛恋爱两年半，女方要承受不少抨击以及舆论压力，难怪连城城都说：“做我的另一半不容易。”　　报道指，去年，郭妈妈的身体状态开始变差，心脏不舒服，加上有糖尿病，脚肿了，要出入医院，一直忙于工作的郭富城突然看到妈妈这样，感到非常心疼，就想要满足妈妈的一切愿望，而郭妈妈最希望看到的就是儿子开枝散叶。　　去年9月，郭富城完成了自己的演唱会之后，记者拍到这一幕，原来当时他就开始跟方媛商量婚事。　　知情者透露，方媛自从与郭富城相恋以来，付出比较多，每隔一两个月，女方就会跑到香港陪伴郭妈妈，出席郭富城的家族聚餐。n去年12月，郭妈妈的寿宴，方媛也有出席，当时，郭富城为了哄妈妈开心，就在寿宴一周之后向方媛求婚，并在后来的家庭聚餐中宣布及订婚。　　本来郭富城也想早点结婚，但因为正在拍摄《西游记之女儿国》，要到台湾拍外景，需要四个多月的时间，所以就先与方媛订婚，然后由姐姐负责打点结婚细节。n郭富城在今年的2月已经签名想登记结婚，但因为律师要准备文件，所以他们等到3月才正式申请。n由于电影拍摄日程紧迫，两人连婚纱照都还没有拍，至于婚礼，郭富城高度保密，希望低调简单地进行，找律师做见证签字算了，婚宴的话，就是两家亲戚跟一些好朋友吃顿饭，只有几桌“酒席”吧！　　报道还指，郭富城工作档期比较满，但大约在四月底五月初会有空当，相信郭富城会选择在这个时候完婚。n对于方媛，无论是郭富城还是他的经纪人小美，都对这个女孩子十分满意，因为恋情刚公开的时候，她承受不少压力，但都没有情绪崩溃，令小美觉得她的内心很强大，有资格做天王的另一半。　　而郭富城与她相恋两年多，也是不断加分，赞美她是一个善解人意的女孩子，不会依赖男友，靠自己做小生意赚钱，如果男朋友工作忙碌，她就找朋友陪伴，绝对不会骚扰男方，让他可以专心工作。　　例如去年，方媛到香港看男友的演唱会，真的就只是看而已，看了八场都没有进去后台一步，默默支持对方，直到郭富城完成了整个演员会，两人才被拍到一起吃夜宵。　　说到底，郭富城最终娶了方媛，不但是因为时间上的巧合，还与方媛的隐忍有关，根据报道，她为了这段恋情，实在付出太多了，不知道最后的回报如何？。	0
王子文短裙配蛇纹靴秀腿 短发尽显灵动气质王子文短裙配蛇纹靴秀腿 短发尽显灵动气质。 王子文现身机场。她身穿浅色花衬衫搭配牛仔短裙，脚踩蛇纹短靴秀出美腿，齐耳短发尽显鬼马灵动气质，身材娇小却难掩霸气。 徐静蕾黄立行甜蜜同框 穿＂情侣…“大黑牛”李晨口罩遮面 自推行…杨紫蓝帽配蓝T显穿搭小心机 遇粉…范冰冰教男同事护肤上手摸脸 脸…惠若琪获圈外老公接机 恩爱对视…比伯颜值回春状态好 获金发美女…绝对C位！章子怡银装霸气登场笑…腿精上线！古力娜扎现身机场大秀…韩丹彤率性牛仔风美照曝光杨旭文少年感写真曝光形象崩塌？18岁王源抽烟动作熟练…马蓉晒为孩子下厨过程 表态做自…国际儿童失踪日：3招教会孩子保护…教你做个美味早餐热狗肠菠菜卷，一…杨紫蓝帽配蓝T显穿搭小心机 遇粉…                                                                                                	1
与时代同步伐 以人民为中心――近年来全国舞台艺术创作综述。本报记者 罗 群编者按：近年来，在习近平总书记关于文艺工作的系列重要讲话精神指引下，全国舞台艺术创作、群众文化创作等工作持续深入开展，涌现出一大批优秀的文艺作品。文艺工作者、群文工作者讴歌新时代的热情日益高涨，与时代同步伐、以人民为中心、以精品奉献人民、以明德引领风尚成为共同追求。中国艺术节自举办以来，推出了一大批精品力作和优秀人才，对推动社会主义文化繁荣发展、满足人民群众对美好生活向往的精神文化需求发挥了重要作用。在第十二届中国艺术节开幕之际，本报刊文回顾近年来全国舞台艺术创作情况和全国群众文化创作情况――这既是一次回顾，更是一次再出发。党的十八大以来，我国文艺事业走过了一段非常重要、极不平凡的时期。在习近平新时代中国特色社会主义思想指引下，舞台艺术领域明方向、正导向，转作风、树新风，出精品、育人才，为人民创作的导向更加鲜明，创作生产质量不断提升，事业发展欣欣向荣，队伍面貌焕然一新。据统计，自2012年到2018年，全国艺术表演团体数量由7321家增长到17123家，演出场次由135万场增长到312万场，观众由8.3亿人次增长到13.8亿人次。中国艺术节是我国规格最高、最具影响力的国家级综合性文化艺术盛会，在第十二届中国艺术节开幕之际，回顾近年来全国舞台艺术的创作情况更显得意义非凡。既有顶层设计又有具体举措习近平总书记在文艺工作座谈会上的重要讲话以及系列重要论述中反复强调文艺工作的重要性，提出一系列新理念、新思想、新论断，为舞台艺术发展指明了方向、明确了任务。党中央、国务院陆续出台《中共中央关于繁荣发展社会主义文艺的意见》《关于支持戏曲传承发展的若干政策》《关于实施中华优秀传统文化传承发展工程的意见》等政策性文件，既有顶层设计又有具体举措，为繁荣发展社会主义文艺提供了政策保障。各地党委、政府高度重视文艺工作，为其发展提供政策保障，文艺创作投入不断加大。据统计，2012年到2018年，全国国有院团财政补贴从114.1亿元逐年递增至154.2亿元，年均增长5.1%；国家艺术基金5年来累计资助项目5112项，资助资金总额约41.1亿元。多个地区成立了省级、市级艺术基金。来源于人民、服务于人民党的十八大以来，文艺工作者坚定文化自信，培育和弘扬社会主义核心价值观，从当代中国的伟大实践中发现创作主题、捕捉创新灵感。一系列围绕党和国家中心工作、重大时间节点组织创作完成的重大文艺演出唱响了主旋律、弘扬了正能量，在全社会营造出昂扬向上、团结有力的良好氛围。近年来，深刻反映新时代伟大实践的现实题材创作成为舞台艺术创作一大亮点。2018年，文化和旅游部制定《关于加强现实题材舞台艺术创作工作方案》《推进现实题材舞台艺术作品创作工作机制》，带动文化和旅游部直属文艺院团和各省区市创排了59部重点现实题材舞台艺术作品；组织开展全国优秀现实题材舞台艺术作品展（巡）演，对十八大以来的现实题材舞台艺术创作进行全面总结和展示，全国243部优秀作品参演，总演出场次达600余场；开展“主题歌曲+”创作采风活动，组织创作了一批优秀作品，并从中精选15首举办《抒情新时代――庆祝改革开放40周年新创歌曲音乐会》，受到广泛好评。这些获得好评的文艺作品都有一个共同特点，即坚持以人民为中心的创作导向，观照人民生活、表达人民心声，增强了群众的文化获得感、幸福感。近年来，文艺工作者深入生活的主动性不断增强，长期扎根基层、深入生活的越来越多，初步实现了由“要我下”向“我要下”的转变。以2018年为例，列入统计的400家艺术院团在剧目创排过程中共深入基层创作采风7271次、14339天，6万余人次参与。艺术来源于人民，也在服务人民的过程中接受检验。文艺院团、文艺工作者逐渐认识到，要坚持把社会效益放在首位，实现社会效益和经济效益有机统一。随着低票价惠民政策的深入实施，更多百姓走进剧场享受文化大餐。文化和旅游部率先在主办的各项活动中降低票价，如中国艺术节、国家艺术院团演出季等，低价票数量均超过总票数的60%。多地政府也将惠民演出纳入为民办实事重大项目之中，加大补贴力度。2012年至2018年，各级文艺表演团体赴农村演出由81.2万场增加到178.8万场。推精品、搭平台文化和旅游部以及各地政府部门坚持把创作生产优秀作品作为文艺工作的中心环节，出政策、把方向、给支持、促传播，不断加大对舞台艺术创作的引导扶持力度。文化系统自上而下制定并落实“十三五”时期艺术创作规划，紧扣重大时间节点，艺术创作目标更加明确，重点更加突出，措施更加有力，“规划一批、创作一批、演出一批”的机制逐步形成，组织化程度明显提高；突出国家舞台艺术精品创作扶持工程、戏曲振兴工程、中国民族歌剧传承发展工程等重大艺术工程项目的引领和示范作用，组织专家进行跟踪指导，形成上下联动、全面发力的艺术创作生产体系；国家艺术基金设立滚动资助项目，推动艺术水准不断精进；推进文华奖等文艺评奖改革，使奖项含金量、美誉度显著提升；加强艺术评论，说真话、讲道理的文艺评论氛围愈加浓厚。十八大以来，在一系列政策推动下，广大文艺工作者坚持新创与复排相结合、传统与现代相结合，创作出以第十五届文华大奖获奖剧目豫剧《焦裕禄》、评剧《母亲》、淮剧《小镇》、京剧《西安事变》《康熙大帝》、话剧《兵者・国之大事》《麻醉师》、歌剧《大汉苏武》、舞剧《沙湾往事》、芭蕾舞剧《八女投江》等为代表的一大批思想性艺术性相统一、人民群众喜闻乐见的优秀作品，复排歌剧《白毛女》《小二黑结婚》等一批经典作品。很多优秀作品在本届中国艺术节中也有不同形式的呈现。文化和旅游部积极搭建优秀作品的展示平台，组织中国艺术节、全国舞台艺术优秀剧目展演、全国优秀现实题材舞台艺术作品展（巡）演、全国基层院团戏曲会演、国家艺术院团演出季、戏曲百戏（昆山）盛典等展演活动。仅文化和旅游部2018年举办的10余项展演活动，就调动全国各类艺术团体657个（次），参演剧（节）目达978部（个），现场观众达近80万人次。随着“深入生活、扎根人民”工作常态化开展，舞台艺术工作者开始摈弃浮躁，静下心来搞创作。文化和旅游部举办戏曲、民族歌剧、交响乐、魔术等各类培训班，切实培育文艺工作者的专业精神、提升专业素养。自2017年开始，举办全国文艺院团长培训班，每年培训包括民营院团在内的院团长600人左右。通过实施“名家传戏――当代戏曲名家收徒传艺工程”等，充分发挥知名艺术家的传帮带作用，并对西部及少数民族地区精准组织人才培养项目。各地也采取针对性措施，加强人才培养。	0
